{
"type": "FeatureCollection",
"name": "batas_kelurahan",
"crs": { "type": "name", "properties": { "name": "urn:ogc:def:crs:OGC:1.3:CRS84" } },
"features": [
{ "type": "Feature", "properties": { "KECAMATAN": "Cimahi Selatan", "KELURAHAN": "Kel. Cibeber" }, "geometry": { "type": "Polygon", "coordinates": [ [ [ 107.5253, -6.886997 ], [ 107.525306, -6.887169 ], [ 107.525761, -6.887129 ], [ 107.525766, -6.887242 ], [ 107.525776, -6.887469 ], [ 107.525781, -6.887582 ], [ 107.525791, -6.887819 ], [ 107.525799, -6.887996 ], [ 107.525805, -6.888148 ], [ 107.525854, -6.888373 ], [ 107.525992, -6.888348 ], [ 107.526134, -6.888362 ], [ 107.526461, -6.888304 ], [ 107.526698, -6.888314 ], [ 107.526853, -6.888318 ], [ 107.527033, -6.888402 ], [ 107.527059, -6.888733 ], [ 107.527264, -6.888729 ], [ 107.527428, -6.888701 ], [ 107.527578, -6.888675 ], [ 107.527642, -6.888683 ], [ 107.527748, -6.888696 ], [ 107.527772, -6.888699 ], [ 107.527858, -6.888711 ], [ 107.527872, -6.888889 ], [ 107.527661, -6.889196 ], [ 107.527283, -6.889494 ], [ 107.526615, -6.890862 ], [ 107.52661, -6.89092 ], [ 107.526675, -6.890998 ], [ 107.526656, -6.891124 ], [ 107.526592, -6.891314 ], [ 107.52654, -6.891472 ], [ 107.526471, -6.891623 ], [ 107.526403, -6.891771 ], [ 107.526346, -6.891989 ], [ 107.526325, -6.892069 ], [ 107.526334, -6.892128 ], [ 107.526346, -6.892207 ], [ 107.526477, -6.892272 ], [ 107.526538, -6.892302 ], [ 107.526841, -6.892453 ], [ 107.526879, -6.892533 ], [ 107.52691, -6.892601 ], [ 107.52691, -6.892609 ], [ 107.526905, -6.892663 ], [ 107.526901, -6.892698 ], [ 107.526886, -6.892861 ], [ 107.526884, -6.892875 ], [ 107.52687, -6.893022 ], [ 107.526854, -6.893196 ], [ 107.52685, -6.893234 ], [ 107.526842, -6.893318 ], [ 107.52684, -6.89334 ], [ 107.526837, -6.893376 ], [ 107.526827, -6.893478 ], [ 107.526731, -6.893639 ], [ 107.526674, -6.893735 ], [ 107.526764, -6.893851 ], [ 107.526954, -6.893929 ], [ 107.527091, -6.893985 ], [ 107.527205, -6.894004 ], [ 107.527244, -6.89401 ], [ 107.527335, -6.894026 ], [ 107.527459, -6.894047 ], [ 107.527479, -6.894104 ], [ 107.527507, -6.894183 ], [ 107.527544, -6.894354 ], [ 107.527559, -6.894503 ], [ 107.527506, -6.89461 ], [ 107.527418, -6.89479 ], [ 107.527412, -6.894908 ], [ 107.527465, -6.895006 ], [ 107.527528, -6.895124 ], [ 107.527561, -6.895461 ], [ 107.527706, -6.895664 ], [ 107.52784, -6.89585 ], [ 107.52794, -6.895989 ], [ 107.528009, -6.896086 ], [ 107.528091, -6.8962 ], [ 107.528119, -6.8964 ], [ 107.528014, -6.89652 ], [ 107.527888, -6.896664 ], [ 107.527776, -6.896693 ], [ 107.527698, -6.896766 ], [ 107.527662, -6.8968 ], [ 107.527582, -6.896873 ], [ 107.527565, -6.896889 ], [ 107.52755, -6.896957 ], [ 107.527536, -6.897023 ], [ 107.527521, -6.89709 ], [ 107.527491, -6.897227 ], [ 107.52749, -6.897229 ], [ 107.527384, -6.897311 ], [ 107.527238, -6.897435 ], [ 107.527141, -6.897545 ], [ 107.527023, -6.897679 ], [ 107.526918, -6.897697 ], [ 107.526695, -6.897736 ], [ 107.526523, -6.897785 ], [ 107.526491, -6.897794 ], [ 107.526212, -6.897788 ], [ 107.526006, -6.897773 ], [ 107.525803, -6.897751 ], [ 107.525796, -6.89775 ], [ 107.525599, -6.897737 ], [ 107.525571, -6.897735 ], [ 107.525561, -6.897734 ], [ 107.525515, -6.897731 ], [ 107.525436, -6.897726 ], [ 107.525403, -6.897695 ], [ 107.525358, -6.897653 ], [ 107.525355, -6.89765 ], [ 107.525309, -6.897606 ], [ 107.525291, -6.897589 ], [ 107.525242, -6.897544 ], [ 107.525217, -6.89752 ], [ 107.525202, -6.897506 ], [ 107.525172, -6.897478 ], [ 107.525137, -6.897445 ], [ 107.525124, -6.897432 ], [ 107.52512, -6.897415 ], [ 107.525109, -6.89736 ], [ 107.525099, -6.897314 ], [ 107.525093, -6.897283 ], [ 107.525087, -6.897259 ], [ 107.525079, -6.89722 ], [ 107.525033, -6.897244 ], [ 107.524983, -6.89727 ], [ 107.524902, -6.897311 ], [ 107.524854, -6.897336 ], [ 107.524854, -6.897337 ], [ 107.524822, -6.897353 ], [ 107.524432, -6.897556 ], [ 107.524385, -6.89758 ], [ 107.524384, -6.89759 ], [ 107.524373, -6.897679 ], [ 107.52437, -6.8977 ], [ 107.52437, -6.897703 ], [ 107.524341, -6.897929 ], [ 107.524335, -6.89798 ], [ 107.524332, -6.898008 ], [ 107.52424, -6.898736 ], [ 107.524234, -6.898782 ], [ 107.523781, -6.898686 ], [ 107.523596, -6.898632 ], [ 107.523397, -6.898563 ], [ 107.523376, -6.898556 ], [ 107.523133, -6.898472 ], [ 107.523121, -6.898468 ], [ 107.522915, -6.898386 ], [ 107.522814, -6.898346 ], [ 107.522468, -6.898909 ], [ 107.522434, -6.898892 ], [ 107.522409, -6.898925 ], [ 107.522351, -6.899001 ], [ 107.522311, -6.899053 ], [ 107.522254, -6.899128 ], [ 107.522147, -6.899267 ], [ 107.522115, -6.899239 ], [ 107.522064, -6.899193 ], [ 107.522051, -6.899181 ], [ 107.521949, -6.899066 ], [ 107.521926, -6.899041 ], [ 107.521888, -6.898998 ], [ 107.521879, -6.898988 ], [ 107.521865, -6.898972 ], [ 107.521858, -6.898964 ], [ 107.521831, -6.898934 ], [ 107.521798, -6.898896 ], [ 107.521721, -6.898824 ], [ 107.521663, -6.89897 ], [ 107.52166, -6.898978 ], [ 107.521635, -6.89907 ], [ 107.521619, -6.899129 ], [ 107.521597, -6.899209 ], [ 107.521587, -6.899248 ], [ 107.521582, -6.899265 ], [ 107.521571, -6.899307 ], [ 107.52156, -6.899345 ], [ 107.521548, -6.899392 ], [ 107.521515, -6.899381 ], [ 107.521442, -6.899358 ], [ 107.521434, -6.899355 ], [ 107.52139, -6.899369 ], [ 107.52137, -6.899436 ], [ 107.521367, -6.899446 ], [ 107.521339, -6.899543 ], [ 107.521331, -6.899569 ], [ 107.52133, -6.899572 ], [ 107.521301, -6.899672 ], [ 107.521264, -6.899797 ], [ 107.521053, -6.899734 ], [ 107.520991, -6.899928 ], [ 107.520976, -6.899977 ], [ 107.520931, -6.900119 ], [ 107.520926, -6.900134 ], [ 107.520884, -6.900265 ], [ 107.520866, -6.900321 ], [ 107.520838, -6.900411 ], [ 107.520793, -6.90055 ], [ 107.520773, -6.900615 ], [ 107.520746, -6.900698 ], [ 107.520739, -6.900721 ], [ 107.520725, -6.900765 ], [ 107.52072, -6.900779 ], [ 107.520689, -6.900876 ], [ 107.520676, -6.900917 ], [ 107.520675, -6.90092 ], [ 107.520674, -6.900925 ], [ 107.520629, -6.901005 ], [ 107.520512, -6.901214 ], [ 107.520403, -6.901408 ], [ 107.520401, -6.901413 ], [ 107.520373, -6.901462 ], [ 107.520366, -6.901475 ], [ 107.520317, -6.901562 ], [ 107.520317, -6.901562 ], [ 107.520267, -6.901538 ], [ 107.520183, -6.901575 ], [ 107.520175, -6.901575 ], [ 107.52017, -6.901575 ], [ 107.520169, -6.901575 ], [ 107.52013, -6.901576 ], [ 107.520122, -6.901597 ], [ 107.520061, -6.901753 ], [ 107.519981, -6.901959 ], [ 107.519961, -6.90201 ], [ 107.519915, -6.90213 ], [ 107.519663, -6.902779 ], [ 107.519653, -6.902804 ], [ 107.519668, -6.902816 ], [ 107.519691, -6.902836 ], [ 107.519748, -6.902884 ], [ 107.519892, -6.903047 ], [ 107.519932, -6.903124 ], [ 107.519878, -6.903305 ], [ 107.519876, -6.903312 ], [ 107.519957, -6.903401 ], [ 107.520023, -6.903474 ], [ 107.520109, -6.903508 ], [ 107.520173, -6.903532 ], [ 107.520177, -6.903534 ], [ 107.520172, -6.903549 ], [ 107.52012, -6.903718 ], [ 107.520111, -6.903748 ], [ 107.520099, -6.903786 ], [ 107.520083, -6.903838 ], [ 107.520063, -6.903903 ], [ 107.520039, -6.903979 ], [ 107.520001, -6.904104 ], [ 107.52, -6.904105 ], [ 107.519986, -6.904151 ], [ 107.519977, -6.904179 ], [ 107.519939, -6.904302 ], [ 107.519938, -6.904305 ], [ 107.519911, -6.904393 ], [ 107.519893, -6.90445 ], [ 107.519876, -6.904506 ], [ 107.519858, -6.904565 ], [ 107.519842, -6.904617 ], [ 107.519734, -6.90465 ], [ 107.519555, -6.904608 ], [ 107.519304, -6.904563 ], [ 107.519159, -6.904545 ], [ 107.519015, -6.904528 ], [ 107.519015, -6.904528 ], [ 107.518852, -6.904508 ], [ 107.518614, -6.904479 ], [ 107.51857, -6.904735 ], [ 107.518515, -6.905051 ], [ 107.518466, -6.905333 ], [ 107.518455, -6.905397 ], [ 107.518425, -6.905572 ], [ 107.518379, -6.905837 ], [ 107.518328, -6.906131 ], [ 107.518325, -6.906145 ], [ 107.518284, -6.906214 ], [ 107.518277, -6.906226 ], [ 107.518205, -6.906215 ], [ 107.518112, -6.9062 ], [ 107.518092, -6.906197 ], [ 107.517908, -6.906167 ], [ 107.517754, -6.906132 ], [ 107.517731, -6.906127 ], [ 107.517652, -6.906109 ], [ 107.517569, -6.906091 ], [ 107.517457, -6.906066 ], [ 107.517457, -6.906066 ], [ 107.517453, -6.906065 ], [ 107.517413, -6.906056 ], [ 107.517409, -6.906055 ], [ 107.517248, -6.906048 ], [ 107.51709, -6.906041 ], [ 107.517035, -6.906038 ], [ 107.517033, -6.906038 ], [ 107.516984, -6.906031 ], [ 107.516882, -6.906017 ], [ 107.516877, -6.906016 ], [ 107.516791, -6.905719 ], [ 107.516779, -6.905724 ], [ 107.516767, -6.905636 ], [ 107.516452, -6.905264 ], [ 107.516431, -6.905239 ], [ 107.516408, -6.905212 ], [ 107.515879, -6.904815 ], [ 107.515424, -6.904641 ], [ 107.514993, -6.904504 ], [ 107.514891, -6.904434 ], [ 107.514851, -6.904372 ], [ 107.514808, -6.904305 ], [ 107.514724, -6.904188 ], [ 107.514695, -6.904136 ], [ 107.514692, -6.904083 ], [ 107.514691, -6.904076 ], [ 107.514687, -6.903994 ], [ 107.514686, -6.903976 ], [ 107.514663, -6.90389 ], [ 107.514591, -6.903824 ], [ 107.514497, -6.903765 ], [ 107.514422, -6.903718 ], [ 107.514416, -6.903715 ], [ 107.514316, -6.90364 ], [ 107.51431, -6.903622 ], [ 107.514288, -6.903551 ], [ 107.514267, -6.903485 ], [ 107.514208, -6.903266 ], [ 107.514152, -6.903282 ], [ 107.514072, -6.903275 ], [ 107.51393, -6.903265 ], [ 107.513912, -6.903264 ], [ 107.513749, -6.903246 ], [ 107.513628, -6.903205 ], [ 107.513309, -6.903049 ], [ 107.513262, -6.903021 ], [ 107.512964, -6.902958 ], [ 107.512706, -6.902832 ], [ 107.512526, -6.902756 ], [ 107.512439, -6.902733 ], [ 107.512424, -6.902729 ], [ 107.512329, -6.902714 ], [ 107.512314, -6.902711 ], [ 107.512282, -6.902704 ], [ 107.512267, -6.902664 ], [ 107.512244, -6.902604 ], [ 107.512187, -6.902483 ], [ 107.512043, -6.902254 ], [ 107.512016, -6.901902 ], [ 107.512008, -6.901897 ], [ 107.511937, -6.901911 ], [ 107.511809, -6.901918 ], [ 107.511711, -6.901874 ], [ 107.511648, -6.901846 ], [ 107.511583, -6.901784 ], [ 107.511498, -6.901703 ], [ 107.511411, -6.9016 ], [ 107.511288, -6.901469 ], [ 107.511192, -6.901366 ], [ 107.511169, -6.901344 ], [ 107.511091, -6.901271 ], [ 107.51098, -6.901178 ], [ 107.510934, -6.90115 ], [ 107.510931, -6.901147 ], [ 107.510922, -6.901093 ], [ 107.510908, -6.900924 ], [ 107.510934, -6.900849 ], [ 107.510934, -6.90079 ], [ 107.510919, -6.900756 ], [ 107.510877, -6.900662 ], [ 107.510869, -6.900581 ], [ 107.510854, -6.90044 ], [ 107.510843, -6.900178 ], [ 107.510769, -6.899965 ], [ 107.510695, -6.899874 ], [ 107.510677, -6.899848 ], [ 107.510634, -6.899784 ], [ 107.510568, -6.899699 ], [ 107.510564, -6.899692 ], [ 107.51056, -6.899688 ], [ 107.510556, -6.899675 ], [ 107.510504, -6.899573 ], [ 107.510437, -6.899435 ], [ 107.510434, -6.89943 ], [ 107.510436, -6.899391 ], [ 107.510446, -6.899381 ], [ 107.510491, -6.899339 ], [ 107.510493, -6.899339 ], [ 107.510659, -6.899379 ], [ 107.511164, -6.899498 ], [ 107.511238, -6.899471 ], [ 107.511328, -6.899399 ], [ 107.511341, -6.899381 ], [ 107.511361, -6.899361 ], [ 107.511447, -6.899274 ], [ 107.511467, -6.899255 ], [ 107.511507, -6.899215 ], [ 107.511561, -6.899163 ], [ 107.511667, -6.89906 ], [ 107.511691, -6.899036 ], [ 107.51172, -6.899007 ], [ 107.511794, -6.898934 ], [ 107.51182, -6.898913 ], [ 107.512074, -6.898619 ], [ 107.512078, -6.898617 ], [ 107.512147, -6.898602 ], [ 107.512306, -6.898597 ], [ 107.512351, -6.898576 ], [ 107.512427, -6.898494 ], [ 107.512502, -6.898394 ], [ 107.512514, -6.898376 ], [ 107.512578, -6.898277 ], [ 107.512591, -6.898248 ], [ 107.512639, -6.898136 ], [ 107.512643, -6.898119 ], [ 107.512653, -6.89808 ], [ 107.512713, -6.898023 ], [ 107.512863, -6.89788 ], [ 107.51287, -6.897874 ], [ 107.513074, -6.89768 ], [ 107.513091, -6.897668 ], [ 107.51332, -6.897508 ], [ 107.513398, -6.897454 ], [ 107.513405, -6.897449 ], [ 107.513512, -6.89732 ], [ 107.513514, -6.897319 ], [ 107.513587, -6.897231 ], [ 107.513632, -6.897119 ], [ 107.513635, -6.897108 ], [ 107.513642, -6.897089 ], [ 107.513649, -6.897068 ], [ 107.513567, -6.896951 ], [ 107.513559, -6.89694 ], [ 107.513515, -6.896865 ], [ 107.513512, -6.896859 ], [ 107.513482, -6.896807 ], [ 107.513476, -6.896798 ], [ 107.513457, -6.896769 ], [ 107.513424, -6.896685 ], [ 107.513422, -6.896679 ], [ 107.513369, -6.896546 ], [ 107.513357, -6.896516 ], [ 107.513234, -6.896433 ], [ 107.513036, -6.896263 ], [ 107.513028, -6.896256 ], [ 107.512907, -6.896063 ], [ 107.512835, -6.895854 ], [ 107.512832, -6.89581 ], [ 107.512823, -6.895679 ], [ 107.512823, -6.895677 ], [ 107.512823, -6.895634 ], [ 107.512822, -6.895574 ], [ 107.512793, -6.895464 ], [ 107.512779, -6.895332 ], [ 107.512775, -6.895298 ], [ 107.512807, -6.895129 ], [ 107.512816, -6.895082 ], [ 107.512862, -6.894962 ], [ 107.512881, -6.894913 ], [ 107.512883, -6.894907 ], [ 107.512965, -6.894775 ], [ 107.513098, -6.894356 ], [ 107.513107, -6.894328 ], [ 107.513107, -6.894327 ], [ 107.513224, -6.894141 ], [ 107.513313, -6.894 ], [ 107.513543, -6.893717 ], [ 107.513591, -6.893659 ], [ 107.5136, -6.893647 ], [ 107.513678, -6.893551 ], [ 107.513731, -6.893486 ], [ 107.513735, -6.89348 ], [ 107.513883, -6.893219 ], [ 107.513897, -6.893186 ], [ 107.514084, -6.892915 ], [ 107.514217, -6.89271 ], [ 107.514228, -6.892677 ], [ 107.514286, -6.892509 ], [ 107.51433, -6.8924 ], [ 107.514398, -6.892231 ], [ 107.514488, -6.892083 ], [ 107.514509, -6.892069 ], [ 107.514547, -6.892043 ], [ 107.514673, -6.891967 ], [ 107.51468, -6.891963 ], [ 107.514705, -6.891957 ], [ 107.514763, -6.891945 ], [ 107.514776, -6.891943 ], [ 107.514802, -6.891942 ], [ 107.514858, -6.891928 ], [ 107.514955, -6.891904 ], [ 107.514969, -6.891901 ], [ 107.515051, -6.891889 ], [ 107.515146, -6.891875 ], [ 107.515183, -6.891869 ], [ 107.51524, -6.89186 ], [ 107.515255, -6.891858 ], [ 107.515267, -6.891858 ], [ 107.515312, -6.89187 ], [ 107.515338, -6.891876 ], [ 107.515391, -6.891911 ], [ 107.515444, -6.891946 ], [ 107.51545, -6.891951 ], [ 107.515471, -6.891979 ], [ 107.5155, -6.892019 ], [ 107.515531, -6.892071 ], [ 107.515567, -6.892087 ], [ 107.515618, -6.892099 ], [ 107.515674, -6.892112 ], [ 107.515741, -6.892128 ], [ 107.515799, -6.892134 ], [ 107.51584, -6.892139 ], [ 107.515861, -6.892141 ], [ 107.515912, -6.892146 ], [ 107.515966, -6.892152 ], [ 107.516041, -6.892191 ], [ 107.516051, -6.892196 ], [ 107.51607, -6.892206 ], [ 107.516107, -6.892217 ], [ 107.516249, -6.892261 ], [ 107.516352, -6.892293 ], [ 107.516425, -6.892306 ], [ 107.516427, -6.892306 ], [ 107.516558, -6.89233 ], [ 107.516585, -6.892334 ], [ 107.516602, -6.892337 ], [ 107.516612, -6.892339 ], [ 107.516831, -6.892368 ], [ 107.516853, -6.892371 ], [ 107.516856, -6.892371 ], [ 107.516862, -6.892351 ], [ 107.516871, -6.892323 ], [ 107.516942, -6.89221 ], [ 107.517009, -6.892099 ], [ 107.517013, -6.892028 ], [ 107.517014, -6.892002 ], [ 107.517015, -6.891965 ], [ 107.517002, -6.891934 ], [ 107.516981, -6.891887 ], [ 107.516943, -6.891857 ], [ 107.516887, -6.891813 ], [ 107.516868, -6.891798 ], [ 107.51682, -6.891764 ], [ 107.516749, -6.891715 ], [ 107.516556, -6.891581 ], [ 107.516541, -6.891548 ], [ 107.516503, -6.891466 ], [ 107.51647, -6.891236 ], [ 107.516477, -6.891028 ], [ 107.51652, -6.890529 ], [ 107.516541, -6.89033 ], [ 107.516549, -6.890249 ], [ 107.516595, -6.889928 ], [ 107.516611, -6.889934 ], [ 107.516775, -6.889964 ], [ 107.517038, -6.889843 ], [ 107.517068, -6.889829 ], [ 107.517105, -6.889781 ], [ 107.51735, -6.889466 ], [ 107.51736, -6.889453 ], [ 107.51736, -6.889452 ], [ 107.517284, -6.889258 ], [ 107.517311, -6.889127 ], [ 107.517334, -6.889012 ], [ 107.517339, -6.888988 ], [ 107.517401, -6.888759 ], [ 107.517404, -6.888702 ], [ 107.517421, -6.88837 ], [ 107.517416, -6.888277 ], [ 107.517416, -6.888272 ], [ 107.5174, -6.887975 ], [ 107.517396, -6.887933 ], [ 107.517316, -6.88714 ], [ 107.517305, -6.88704 ], [ 107.517291, -6.886901 ], [ 107.517291, -6.8869 ], [ 107.517283, -6.886821 ], [ 107.517276, -6.886507 ], [ 107.517266, -6.886081 ], [ 107.517263, -6.886041 ], [ 107.517245, -6.885839 ], [ 107.517242, -6.885795 ], [ 107.517248, -6.885727 ], [ 107.517261, -6.885589 ], [ 107.517265, -6.885547 ], [ 107.517271, -6.885481 ], [ 107.517281, -6.885368 ], [ 107.517284, -6.885332 ], [ 107.517285, -6.885328 ], [ 107.517285, -6.885327 ], [ 107.517299, -6.885244 ], [ 107.517306, -6.885208 ], [ 107.51732, -6.885126 ], [ 107.517339, -6.885023 ], [ 107.517344, -6.884996 ], [ 107.517346, -6.884984 ], [ 107.517353, -6.884941 ], [ 107.517359, -6.884915 ], [ 107.517379, -6.884834 ], [ 107.517382, -6.884821 ], [ 107.517392, -6.88478 ], [ 107.517392, -6.884778 ], [ 107.5174, -6.884748 ], [ 107.51741, -6.884706 ], [ 107.517433, -6.884608 ], [ 107.517451, -6.884535 ], [ 107.517454, -6.884522 ], [ 107.517485, -6.884394 ], [ 107.517486, -6.88439 ], [ 107.517534, -6.884262 ], [ 107.517551, -6.884216 ], [ 107.517668, -6.883906 ], [ 107.51767, -6.8839 ], [ 107.517702, -6.883816 ], [ 107.517741, -6.883711 ], [ 107.517763, -6.883654 ], [ 107.517778, -6.88363 ], [ 107.517926, -6.883383 ], [ 107.517986, -6.883283 ], [ 107.518039, -6.883196 ], [ 107.518058, -6.883165 ], [ 107.518099, -6.883109 ], [ 107.518131, -6.883065 ], [ 107.518164, -6.883021 ], [ 107.518182, -6.882996 ], [ 107.518377, -6.88273 ], [ 107.518404, -6.882694 ], [ 107.518442, -6.882652 ], [ 107.518443, -6.882651 ], [ 107.518559, -6.882523 ], [ 107.518734, -6.88233 ], [ 107.518807, -6.882249 ], [ 107.519037, -6.882008 ], [ 107.51923, -6.881687 ], [ 107.519338, -6.881452 ], [ 107.51935, -6.881426 ], [ 107.519382, -6.881354 ], [ 107.519403, -6.881308 ], [ 107.519458, -6.881146 ], [ 107.519489, -6.881055 ], [ 107.519494, -6.881041 ], [ 107.519587, -6.880726 ], [ 107.519608, -6.880642 ], [ 107.519806, -6.879831 ], [ 107.519834, -6.879471 ], [ 107.519861, -6.879406 ], [ 107.520023, -6.879812 ], [ 107.520025, -6.879819 ], [ 107.520127, -6.880174 ], [ 107.520209, -6.880475 ], [ 107.520313, -6.880716 ], [ 107.520496, -6.880907 ], [ 107.520769, -6.881053 ], [ 107.521107, -6.881152 ], [ 107.52117, -6.88117 ], [ 107.521225, -6.881187 ], [ 107.521358, -6.881226 ], [ 107.521395, -6.881237 ], [ 107.52147, -6.881264 ], [ 107.521638, -6.881324 ], [ 107.521809, -6.881402 ], [ 107.522089, -6.881528 ], [ 107.522183, -6.881609 ], [ 107.522372, -6.881772 ], [ 107.522458, -6.881845 ], [ 107.522745, -6.881881 ], [ 107.522909, -6.881919 ], [ 107.522955, -6.881929 ], [ 107.522999, -6.88194 ], [ 107.52307, -6.881956 ], [ 107.523072, -6.881956 ], [ 107.523124, -6.881968 ], [ 107.523175, -6.88198 ], [ 107.523184, -6.881982 ], [ 107.523258, -6.881999 ], [ 107.523335, -6.882017 ], [ 107.523487, -6.882022 ], [ 107.523587, -6.882025 ], [ 107.523593, -6.882025 ], [ 107.523683, -6.882064 ], [ 107.523786, -6.882109 ], [ 107.523835, -6.882131 ], [ 107.523875, -6.882148 ], [ 107.524047, -6.882262 ], [ 107.524277, -6.882414 ], [ 107.524421, -6.882509 ], [ 107.524499, -6.882561 ], [ 107.524525, -6.882578 ], [ 107.524528, -6.88258 ], [ 107.524565, -6.88261 ], [ 107.524731, -6.882742 ], [ 107.524868, -6.882898 ], [ 107.524899, -6.882933 ], [ 107.524903, -6.882957 ], [ 107.524943, -6.883218 ], [ 107.524916, -6.883298 ], [ 107.52491, -6.883315 ], [ 107.524898, -6.88335 ], [ 107.524867, -6.883442 ], [ 107.52483, -6.883537 ], [ 107.524822, -6.883556 ], [ 107.524795, -6.883627 ], [ 107.524761, -6.883757 ], [ 107.52474, -6.883839 ], [ 107.524697, -6.884041 ], [ 107.524684, -6.884102 ], [ 107.524677, -6.884135 ], [ 107.524677, -6.884136 ], [ 107.524679, -6.884187 ], [ 107.524679, -6.884189 ], [ 107.52468, -6.884237 ], [ 107.524682, -6.884304 ], [ 107.524703, -6.884367 ], [ 107.524725, -6.884433 ], [ 107.524737, -6.88447 ], [ 107.524848, -6.884783 ], [ 107.524868, -6.884841 ], [ 107.524893, -6.884947 ], [ 107.524913, -6.885033 ], [ 107.524933, -6.885116 ], [ 107.524968, -6.885268 ], [ 107.524971, -6.885281 ], [ 107.524977, -6.885303 ], [ 107.525001, -6.885405 ], [ 107.525029, -6.885457 ], [ 107.525044, -6.885486 ], [ 107.525122, -6.885629 ], [ 107.525252, -6.885882 ], [ 107.525252, -6.885885 ], [ 107.525309, -6.886136 ], [ 107.525303, -6.886368 ], [ 107.5253, -6.886464 ], [ 107.525296, -6.886632 ], [ 107.5253, -6.886997 ] ] ] } },
{ "type": "Feature", "properties": { "KECAMATAN": "Cimahi Selatan", "KELURAHAN": "Kel. Cibeureum" }, "geometry": { "type": "Polygon", "coordinates": [ [ [ 107.563285, -6.90095 ], [ 107.563632, -6.901499 ], [ 107.563668, -6.901553 ], [ 107.563759, -6.901691 ], [ 107.563992, -6.902074 ], [ 107.564064, -6.902193 ], [ 107.564564, -6.903069 ], [ 107.564746, -6.903387 ], [ 107.564752, -6.903395 ], [ 107.564795, -6.903454 ], [ 107.564832, -6.903504 ], [ 107.564857, -6.903543 ], [ 107.564922, -6.903658 ], [ 107.564983, -6.903766 ], [ 107.565098, -6.903967 ], [ 107.565138, -6.904036 ], [ 107.565307, -6.904316 ], [ 107.565375, -6.904428 ], [ 107.565631, -6.90485 ], [ 107.56565, -6.904881 ], [ 107.565667, -6.904908 ], [ 107.565672, -6.904896 ], [ 107.565696, -6.904937 ], [ 107.565724, -6.904983 ], [ 107.565749, -6.905028 ], [ 107.565777, -6.905068 ], [ 107.566103, -6.905625 ], [ 107.566146, -6.905701 ], [ 107.566209, -6.905813 ], [ 107.566216, -6.905826 ], [ 107.566363, -6.906056 ], [ 107.566458, -6.906203 ], [ 107.566529, -6.906318 ], [ 107.566555, -6.906361 ], [ 107.566566, -6.906385 ], [ 107.566574, -6.906404 ], [ 107.566619, -6.906503 ], [ 107.566624, -6.90651 ], [ 107.566754, -6.906698 ], [ 107.566821, -6.906794 ], [ 107.56686, -6.906851 ], [ 107.566888, -6.9069 ], [ 107.566911, -6.906941 ], [ 107.566994, -6.907089 ], [ 107.567006, -6.907109 ], [ 107.567049, -6.90718 ], [ 107.567058, -6.907195 ], [ 107.567066, -6.907207 ], [ 107.567486, -6.907884 ], [ 107.567509, -6.907922 ], [ 107.567526, -6.907961 ], [ 107.567582, -6.908054 ], [ 107.567618, -6.908113 ], [ 107.567763, -6.908355 ], [ 107.567773, -6.908369 ], [ 107.567944, -6.908636 ], [ 107.568079, -6.90888 ], [ 107.56817, -6.909024 ], [ 107.568297, -6.90924 ], [ 107.568336, -6.909304 ], [ 107.568397, -6.909405 ], [ 107.568561, -6.909668 ], [ 107.568616, -6.909755 ], [ 107.568819, -6.910108 ], [ 107.568832, -6.91013 ], [ 107.568859, -6.910178 ], [ 107.568879, -6.910211 ], [ 107.568925, -6.910285 ], [ 107.568972, -6.910362 ], [ 107.568914, -6.910399 ], [ 107.568882, -6.910418 ], [ 107.568869, -6.910427 ], [ 107.568725, -6.910547 ], [ 107.56869, -6.910642 ], [ 107.568681, -6.910667 ], [ 107.568596, -6.910814 ], [ 107.568447, -6.911071 ], [ 107.568412, -6.911132 ], [ 107.568404, -6.911149 ], [ 107.568323, -6.911315 ], [ 107.568301, -6.911355 ], [ 107.568194, -6.911338 ], [ 107.568086, -6.911259 ], [ 107.567958, -6.911123 ], [ 107.567802, -6.911028 ], [ 107.567644, -6.911 ], [ 107.567584, -6.911019 ], [ 107.567574, -6.911034 ], [ 107.567562, -6.911055 ], [ 107.567508, -6.911146 ], [ 107.567473, -6.911202 ], [ 107.567458, -6.911226 ], [ 107.567408, -6.911307 ], [ 107.567366, -6.911343 ], [ 107.567365, -6.911344 ], [ 107.567313, -6.911389 ], [ 107.567116, -6.911567 ], [ 107.566936, -6.911813 ], [ 107.566836, -6.911961 ], [ 107.566603, -6.912107 ], [ 107.56647, -6.912101 ], [ 107.566338, -6.912066 ], [ 107.566206, -6.912077 ], [ 107.566107, -6.912086 ], [ 107.566007, -6.912094 ], [ 107.565757, -6.912116 ], [ 107.565707, -6.912147 ], [ 107.565482, -6.912293 ], [ 107.565476, -6.91229 ], [ 107.565423, -6.912262 ], [ 107.565395, -6.912247 ], [ 107.565298, -6.912195 ], [ 107.565294, -6.912193 ], [ 107.565282, -6.912187 ], [ 107.565226, -6.912152 ], [ 107.565143, -6.9121 ], [ 107.565081, -6.912062 ], [ 107.564991, -6.912006 ], [ 107.564919, -6.911961 ], [ 107.564817, -6.911906 ], [ 107.564642, -6.911812 ], [ 107.564574, -6.911775 ], [ 107.564537, -6.911755 ], [ 107.564498, -6.911734 ], [ 107.564463, -6.911715 ], [ 107.564335, -6.911647 ], [ 107.564311, -6.911635 ], [ 107.56424, -6.911596 ], [ 107.564143, -6.911545 ], [ 107.564104, -6.911524 ], [ 107.564063, -6.911502 ], [ 107.564054, -6.911497 ], [ 107.563944, -6.911438 ], [ 107.56384, -6.911383 ], [ 107.563704, -6.91131 ], [ 107.563621, -6.911266 ], [ 107.563605, -6.911257 ], [ 107.563568, -6.911238 ], [ 107.563553, -6.91123 ], [ 107.563535, -6.91122 ], [ 107.563532, -6.911218 ], [ 107.563491, -6.911197 ], [ 107.56344, -6.911169 ], [ 107.563425, -6.911161 ], [ 107.56342, -6.911173 ], [ 107.563404, -6.911222 ], [ 107.563354, -6.911363 ], [ 107.563327, -6.911441 ], [ 107.563222, -6.911745 ], [ 107.563194, -6.911825 ], [ 107.563182, -6.911858 ], [ 107.563205, -6.911869 ], [ 107.563249, -6.91189 ], [ 107.563306, -6.911916 ], [ 107.563339, -6.911932 ], [ 107.563281, -6.912176 ], [ 107.563272, -6.912214 ], [ 107.563256, -6.912279 ], [ 107.563251, -6.9123 ], [ 107.563241, -6.912341 ], [ 107.563221, -6.912427 ], [ 107.563197, -6.912526 ], [ 107.563183, -6.912584 ], [ 107.563172, -6.912633 ], [ 107.56314, -6.912766 ], [ 107.563031, -6.912738 ], [ 107.562984, -6.91287 ], [ 107.562972, -6.912905 ], [ 107.562897, -6.913113 ], [ 107.562881, -6.913158 ], [ 107.562862, -6.913213 ], [ 107.562802, -6.913382 ], [ 107.562792, -6.913408 ], [ 107.562773, -6.913461 ], [ 107.562759, -6.913501 ], [ 107.562745, -6.913541 ], [ 107.562739, -6.913557 ], [ 107.562725, -6.913595 ], [ 107.562704, -6.913656 ], [ 107.56269, -6.913695 ], [ 107.56268, -6.913723 ], [ 107.562661, -6.913774 ], [ 107.562657, -6.913787 ], [ 107.562623, -6.913881 ], [ 107.562498, -6.914233 ], [ 107.562434, -6.914412 ], [ 107.56239, -6.914536 ], [ 107.56238, -6.914562 ], [ 107.562337, -6.914578 ], [ 107.562256, -6.914608 ], [ 107.562286, -6.914692 ], [ 107.562312, -6.914764 ], [ 107.562353, -6.914877 ], [ 107.562365, -6.914912 ], [ 107.562401, -6.915011 ], [ 107.562402, -6.915014 ], [ 107.562414, -6.915048 ], [ 107.562418, -6.915053 ], [ 107.562453, -6.915099 ], [ 107.56248, -6.915133 ], [ 107.562663, -6.915372 ], [ 107.562667, -6.915378 ], [ 107.562646, -6.915399 ], [ 107.562627, -6.915418 ], [ 107.562364, -6.915679 ], [ 107.562272, -6.915771 ], [ 107.562143, -6.915839 ], [ 107.562101, -6.915861 ], [ 107.562098, -6.915863 ], [ 107.562033, -6.915896 ], [ 107.562033, -6.915918 ], [ 107.562034, -6.915947 ], [ 107.562034, -6.915974 ], [ 107.562034, -6.916075 ], [ 107.562034, -6.916111 ], [ 107.562034, -6.916181 ], [ 107.562034, -6.916183 ], [ 107.562034, -6.916225 ], [ 107.562034, -6.916253 ], [ 107.562035, -6.916368 ], [ 107.562035, -6.916423 ], [ 107.562035, -6.916433 ], [ 107.562019, -6.916444 ], [ 107.561935, -6.916501 ], [ 107.561925, -6.916507 ], [ 107.561894, -6.916529 ], [ 107.561844, -6.916563 ], [ 107.561785, -6.91663 ], [ 107.561774, -6.916642 ], [ 107.561754, -6.916666 ], [ 107.561675, -6.916755 ], [ 107.561644, -6.916792 ], [ 107.561598, -6.916847 ], [ 107.561523, -6.916949 ], [ 107.561495, -6.916987 ], [ 107.561463, -6.91703 ], [ 107.561424, -6.917111 ], [ 107.561412, -6.917134 ], [ 107.561337, -6.917289 ], [ 107.561332, -6.9173 ], [ 107.561281, -6.917403 ], [ 107.561274, -6.917419 ], [ 107.561198, -6.917574 ], [ 107.561118, -6.917738 ], [ 107.561055, -6.917688 ], [ 107.56094, -6.917595 ], [ 107.56093, -6.917587 ], [ 107.560813, -6.917493 ], [ 107.560368, -6.917137 ], [ 107.560284, -6.917069 ], [ 107.559876, -6.916742 ], [ 107.559702, -6.916603 ], [ 107.559684, -6.916588 ], [ 107.559867, -6.916356 ], [ 107.559944, -6.916259 ], [ 107.559945, -6.916257 ], [ 107.559992, -6.916197 ], [ 107.560012, -6.916172 ], [ 107.560012, -6.916171 ], [ 107.56008, -6.916086 ], [ 107.560086, -6.916078 ], [ 107.560129, -6.916023 ], [ 107.560029, -6.915944 ], [ 107.559951, -6.915882 ], [ 107.559948, -6.91588 ], [ 107.559849, -6.915801 ], [ 107.55983, -6.915786 ], [ 107.559673, -6.915661 ], [ 107.559561, -6.915572 ], [ 107.559566, -6.915566 ], [ 107.559628, -6.915489 ], [ 107.559708, -6.91539 ], [ 107.559732, -6.91536 ], [ 107.559834, -6.915234 ], [ 107.559906, -6.915146 ], [ 107.559973, -6.915062 ], [ 107.560058, -6.914958 ], [ 107.560091, -6.914917 ], [ 107.560135, -6.914863 ], [ 107.560223, -6.914754 ], [ 107.560255, -6.914715 ], [ 107.560227, -6.91469 ], [ 107.560223, -6.914686 ], [ 107.560206, -6.914671 ], [ 107.560105, -6.914581 ], [ 107.56006, -6.914541 ], [ 107.559952, -6.914446 ], [ 107.55993, -6.914431 ], [ 107.559899, -6.914409 ], [ 107.559871, -6.91439 ], [ 107.559862, -6.914383 ], [ 107.559706, -6.914275 ], [ 107.559555, -6.914171 ], [ 107.559463, -6.914107 ], [ 107.559455, -6.914102 ], [ 107.559242, -6.913954 ], [ 107.559151, -6.913891 ], [ 107.559134, -6.91388 ], [ 107.558966, -6.913772 ], [ 107.55887, -6.913711 ], [ 107.558829, -6.913684 ], [ 107.558778, -6.913652 ], [ 107.558765, -6.913643 ], [ 107.558754, -6.913659 ], [ 107.558686, -6.913765 ], [ 107.558644, -6.913829 ], [ 107.558633, -6.913846 ], [ 107.558591, -6.91391 ], [ 107.55858, -6.913926 ], [ 107.558528, -6.913991 ], [ 107.558521, -6.913999 ], [ 107.558461, -6.914072 ], [ 107.558457, -6.914077 ], [ 107.558334, -6.914228 ], [ 107.558314, -6.914262 ], [ 107.558154, -6.91453 ], [ 107.557856, -6.914309 ], [ 107.557705, -6.914197 ], [ 107.557616, -6.914131 ], [ 107.557604, -6.914123 ], [ 107.557596, -6.914117 ], [ 107.557508, -6.914054 ], [ 107.557502, -6.91405 ], [ 107.557478, -6.914034 ], [ 107.557401, -6.913981 ], [ 107.557259, -6.913885 ], [ 107.557211, -6.913964 ], [ 107.557191, -6.913997 ], [ 107.557127, -6.914101 ], [ 107.557121, -6.914096 ], [ 107.557044, -6.91403 ], [ 107.557026, -6.914015 ], [ 107.556977, -6.913973 ], [ 107.556833, -6.91385 ], [ 107.556647, -6.913691 ], [ 107.556509, -6.913573 ], [ 107.556444, -6.913517 ], [ 107.556429, -6.913505 ], [ 107.556321, -6.913413 ], [ 107.556319, -6.913411 ], [ 107.556112, -6.913234 ], [ 107.555988, -6.913128 ], [ 107.555955, -6.9131 ], [ 107.555944, -6.913091 ], [ 107.555917, -6.913068 ], [ 107.55585, -6.91301 ], [ 107.555781, -6.912951 ], [ 107.555671, -6.912829 ], [ 107.555648, -6.912805 ], [ 107.555152, -6.912267 ], [ 107.55514, -6.912254 ], [ 107.55504, -6.912146 ], [ 107.555027, -6.912131 ], [ 107.554997, -6.912098 ], [ 107.554968, -6.912109 ], [ 107.554906, -6.912133 ], [ 107.5549, -6.912137 ], [ 107.554884, -6.912147 ], [ 107.554802, -6.912201 ], [ 107.554754, -6.912232 ], [ 107.554752, -6.912234 ], [ 107.554674, -6.912284 ], [ 107.554657, -6.912295 ], [ 107.554368, -6.912484 ], [ 107.554265, -6.912629 ], [ 107.554259, -6.912637 ], [ 107.554066, -6.912909 ], [ 107.55404, -6.912944 ], [ 107.554013, -6.912983 ], [ 107.553988, -6.913018 ], [ 107.553986, -6.913021 ], [ 107.553877, -6.913174 ], [ 107.553875, -6.913177 ], [ 107.553847, -6.913216 ], [ 107.55382, -6.913254 ], [ 107.5538, -6.913283 ], [ 107.553793, -6.913293 ], [ 107.553656, -6.913485 ], [ 107.553629, -6.913523 ], [ 107.553622, -6.913533 ], [ 107.55362, -6.913536 ], [ 107.553602, -6.913562 ], [ 107.553574, -6.9136 ], [ 107.5535, -6.913705 ], [ 107.553481, -6.913731 ], [ 107.553447, -6.913779 ], [ 107.553385, -6.913866 ], [ 107.553356, -6.913907 ], [ 107.553292, -6.913997 ], [ 107.553291, -6.913998 ], [ 107.553247, -6.91402 ], [ 107.553244, -6.914024 ], [ 107.553218, -6.914067 ], [ 107.552991, -6.914212 ], [ 107.55297, -6.914276 ], [ 107.552954, -6.914325 ], [ 107.552941, -6.914363 ], [ 107.552937, -6.914377 ], [ 107.552911, -6.914399 ], [ 107.552907, -6.914402 ], [ 107.552862, -6.914439 ], [ 107.552844, -6.914441 ], [ 107.552817, -6.914444 ], [ 107.552767, -6.914437 ], [ 107.552756, -6.914431 ], [ 107.552697, -6.914402 ], [ 107.552681, -6.914406 ], [ 107.552635, -6.914417 ], [ 107.55263, -6.914429 ], [ 107.552563, -6.914575 ], [ 107.552633, -6.914719 ], [ 107.552679, -6.914754 ], [ 107.552713, -6.914781 ], [ 107.552731, -6.914886 ], [ 107.552724, -6.914901 ], [ 107.552699, -6.91496 ], [ 107.552699, -6.914988 ], [ 107.552701, -6.915037 ], [ 107.552702, -6.915102 ], [ 107.552703, -6.915115 ], [ 107.552704, -6.915164 ], [ 107.552704, -6.91517 ], [ 107.552694, -6.915213 ], [ 107.552646, -6.915303 ], [ 107.552628, -6.915335 ], [ 107.55261, -6.91537 ], [ 107.552582, -6.915421 ], [ 107.552538, -6.915504 ], [ 107.552533, -6.915513 ], [ 107.552486, -6.915599 ], [ 107.552447, -6.915671 ], [ 107.552441, -6.915683 ], [ 107.552408, -6.915717 ], [ 107.552356, -6.915769 ], [ 107.552326, -6.915843 ], [ 107.5523, -6.915905 ], [ 107.552273, -6.915944 ], [ 107.552245, -6.915984 ], [ 107.552244, -6.915986 ], [ 107.552223, -6.916038 ], [ 107.552192, -6.916116 ], [ 107.552164, -6.916185 ], [ 107.552162, -6.91619 ], [ 107.552128, -6.916273 ], [ 107.552096, -6.916418 ], [ 107.552067, -6.916468 ], [ 107.552062, -6.916477 ], [ 107.552034, -6.916524 ], [ 107.552014, -6.916589 ], [ 107.551995, -6.916605 ], [ 107.551783, -6.916789 ], [ 107.551777, -6.916803 ], [ 107.551745, -6.916883 ], [ 107.551736, -6.916906 ], [ 107.551699, -6.91692 ], [ 107.551654, -6.916937 ], [ 107.551648, -6.916939 ], [ 107.551587, -6.916962 ], [ 107.551529, -6.916984 ], [ 107.551519, -6.916988 ], [ 107.551483, -6.916987 ], [ 107.551446, -6.916986 ], [ 107.551422, -6.916985 ], [ 107.551361, -6.916983 ], [ 107.55136, -6.916983 ], [ 107.551341, -6.916983 ], [ 107.551289, -6.916982 ], [ 107.551163, -6.916978 ], [ 107.551002, -6.916974 ], [ 107.55093, -6.916972 ], [ 107.550938, -6.916901 ], [ 107.550946, -6.916837 ], [ 107.550946, -6.916829 ], [ 107.550948, -6.916818 ], [ 107.550969, -6.916625 ], [ 107.550993, -6.916414 ], [ 107.551, -6.916352 ], [ 107.550954, -6.916278 ], [ 107.550859, -6.916233 ], [ 107.550814, -6.916211 ], [ 107.550611, -6.916115 ], [ 107.550561, -6.916092 ], [ 107.550164, -6.915904 ], [ 107.549897, -6.915777 ], [ 107.549877, -6.915768 ], [ 107.549877, -6.915768 ], [ 107.549713, -6.91569 ], [ 107.549644, -6.915657 ], [ 107.549624, -6.915648 ], [ 107.549588, -6.915631 ], [ 107.549556, -6.915616 ], [ 107.549541, -6.915608 ], [ 107.549457, -6.915569 ], [ 107.549443, -6.915562 ], [ 107.549385, -6.915535 ], [ 107.549351, -6.915468 ], [ 107.549335, -6.915437 ], [ 107.549358, -6.91537 ], [ 107.549379, -6.915311 ], [ 107.549382, -6.915305 ], [ 107.549413, -6.915215 ], [ 107.549444, -6.915127 ], [ 107.549448, -6.915115 ], [ 107.549496, -6.914981 ], [ 107.549524, -6.914901 ], [ 107.549619, -6.914633 ], [ 107.549772, -6.914199 ], [ 107.550109, -6.913197 ], [ 107.550002, -6.913205 ], [ 107.549927, -6.913214 ], [ 107.549868, -6.913211 ], [ 107.549851, -6.913294 ], [ 107.54995, -6.912778 ], [ 107.549978, -6.912632 ], [ 107.549981, -6.912617 ], [ 107.549999, -6.912501 ], [ 107.550002, -6.912486 ], [ 107.550046, -6.91231 ], [ 107.550106, -6.912157 ], [ 107.550107, -6.912145 ], [ 107.550115, -6.911955 ], [ 107.550195, -6.911746 ], [ 107.550208, -6.911552 ], [ 107.55022, -6.911363 ], [ 107.550227, -6.91127 ], [ 107.550312, -6.911093 ], [ 107.550315, -6.911086 ], [ 107.550339, -6.910958 ], [ 107.550343, -6.910855 ], [ 107.550348, -6.910751 ], [ 107.550342, -6.910706 ], [ 107.550333, -6.910628 ], [ 107.550324, -6.910551 ], [ 107.550282, -6.910352 ], [ 107.550281, -6.910346 ], [ 107.55028, -6.910344 ], [ 107.55026, -6.910273 ], [ 107.550233, -6.910177 ], [ 107.550211, -6.910042 ], [ 107.550191, -6.909925 ], [ 107.55021, -6.909892 ], [ 107.550238, -6.909842 ], [ 107.550329, -6.909683 ], [ 107.55038, -6.909554 ], [ 107.550405, -6.909491 ], [ 107.550411, -6.909472 ], [ 107.550467, -6.909297 ], [ 107.55052, -6.909206 ], [ 107.550542, -6.909182 ], [ 107.550635, -6.909081 ], [ 107.550741, -6.908998 ], [ 107.550846, -6.908838 ], [ 107.550937, -6.908769 ], [ 107.551071, -6.908667 ], [ 107.551104, -6.908659 ], [ 107.551174, -6.908643 ], [ 107.551219, -6.90863 ], [ 107.551308, -6.908604 ], [ 107.551497, -6.908559 ], [ 107.551523, -6.908429 ], [ 107.55156, -6.908357 ], [ 107.5516, -6.908278 ], [ 107.551611, -6.908258 ], [ 107.551621, -6.90824 ], [ 107.551633, -6.908219 ], [ 107.551687, -6.908121 ], [ 107.551722, -6.908059 ], [ 107.551791, -6.907928 ], [ 107.551797, -6.907915 ], [ 107.551863, -6.90779 ], [ 107.551916, -6.907597 ], [ 107.551972, -6.907471 ], [ 107.551972, -6.907471 ], [ 107.551986, -6.907439 ], [ 107.552028, -6.907343 ], [ 107.552007, -6.907301 ], [ 107.551995, -6.907278 ], [ 107.551991, -6.907271 ], [ 107.551986, -6.907261 ], [ 107.551968, -6.907195 ], [ 107.552011, -6.90708 ], [ 107.552105, -6.907049 ], [ 107.552139, -6.907037 ], [ 107.552147, -6.907027 ], [ 107.552213, -6.906939 ], [ 107.552219, -6.906811 ], [ 107.552219, -6.906792 ], [ 107.552231, -6.906787 ], [ 107.552297, -6.906756 ], [ 107.55236, -6.906727 ], [ 107.55236, -6.906726 ], [ 107.552412, -6.906528 ], [ 107.552535, -6.906379 ], [ 107.552671, -6.906198 ], [ 107.55275, -6.906067 ], [ 107.552761, -6.905836 ], [ 107.552697, -6.905595 ], [ 107.552696, -6.905479 ], [ 107.552751, -6.905279 ], [ 107.552751, -6.905279 ], [ 107.552807, -6.905197 ], [ 107.552799, -6.905049 ], [ 107.552809, -6.904994 ], [ 107.552876, -6.904826 ], [ 107.552786, -6.904637 ], [ 107.552776, -6.904602 ], [ 107.552747, -6.904504 ], [ 107.552757, -6.904373 ], [ 107.552757, -6.904368 ], [ 107.552781, -6.904263 ], [ 107.552819, -6.904134 ], [ 107.552844, -6.904087 ], [ 107.552875, -6.904028 ], [ 107.55291, -6.903961 ], [ 107.552955, -6.903876 ], [ 107.553022, -6.903845 ], [ 107.553063, -6.903827 ], [ 107.553353, -6.903769 ], [ 107.553371, -6.903765 ], [ 107.553409, -6.903759 ], [ 107.55361, -6.903724 ], [ 107.553639, -6.903697 ], [ 107.553683, -6.903654 ], [ 107.553719, -6.903577 ], [ 107.553759, -6.903492 ], [ 107.553761, -6.903488 ], [ 107.553843, -6.903312 ], [ 107.554012, -6.903264 ], [ 107.554066, -6.903249 ], [ 107.554112, -6.903246 ], [ 107.554184, -6.903243 ], [ 107.554276, -6.903239 ], [ 107.554303, -6.90321 ], [ 107.554454, -6.903052 ], [ 107.554539, -6.902931 ], [ 107.554612, -6.902931 ], [ 107.554694, -6.902932 ], [ 107.554762, -6.902914 ], [ 107.554815, -6.9029 ], [ 107.554887, -6.902853 ], [ 107.554926, -6.902827 ], [ 107.554965, -6.902801 ], [ 107.554975, -6.902795 ], [ 107.554973, -6.902727 ], [ 107.554973, -6.902724 ], [ 107.554972, -6.9027 ], [ 107.554971, -6.902659 ], [ 107.55497, -6.902637 ], [ 107.55497, -6.902629 ], [ 107.554968, -6.902558 ], [ 107.554959, -6.902519 ], [ 107.554923, -6.902358 ], [ 107.554921, -6.902351 ], [ 107.55491, -6.902299 ], [ 107.554905, -6.902278 ], [ 107.554908, -6.902052 ], [ 107.554909, -6.901994 ], [ 107.554924, -6.901954 ], [ 107.55497, -6.901826 ], [ 107.554979, -6.901818 ], [ 107.555078, -6.901727 ], [ 107.555119, -6.901689 ], [ 107.555289, -6.901648 ], [ 107.555439, -6.901589 ], [ 107.555537, -6.901549 ], [ 107.555667, -6.901484 ], [ 107.555695, -6.901418 ], [ 107.555715, -6.901374 ], [ 107.555753, -6.901288 ], [ 107.555753, -6.901287 ], [ 107.555765, -6.901261 ], [ 107.555906, -6.901271 ], [ 107.555926, -6.901273 ], [ 107.55597, -6.901276 ], [ 107.555979, -6.901277 ], [ 107.555988, -6.901275 ], [ 107.556009, -6.901269 ], [ 107.55604, -6.901262 ], [ 107.556105, -6.901191 ], [ 107.556139, -6.901154 ], [ 107.556153, -6.901139 ], [ 107.556159, -6.901133 ], [ 107.556213, -6.901074 ], [ 107.556223, -6.901064 ], [ 107.556233, -6.901053 ], [ 107.556281, -6.901001 ], [ 107.556339, -6.900938 ], [ 107.556335, -6.900886 ], [ 107.556335, -6.900883 ], [ 107.556333, -6.900857 ], [ 107.556366, -6.900806 ], [ 107.556458, -6.900658 ], [ 107.55656, -6.900495 ], [ 107.556575, -6.900384 ], [ 107.556584, -6.900319 ], [ 107.556636, -6.900262 ], [ 107.556637, -6.900261 ], [ 107.556674, -6.900223 ], [ 107.556693, -6.900205 ], [ 107.556727, -6.90017 ], [ 107.556736, -6.900161 ], [ 107.556746, -6.900151 ], [ 107.556713, -6.900081 ], [ 107.556687, -6.900027 ], [ 107.556676, -6.900003 ], [ 107.556671, -6.899992 ], [ 107.556647, -6.899943 ], [ 107.556631, -6.899909 ], [ 107.55658, -6.899885 ], [ 107.556483, -6.899841 ], [ 107.556423, -6.89981 ], [ 107.556366, -6.899781 ], [ 107.556312, -6.899753 ], [ 107.556312, -6.899753 ], [ 107.556311, -6.899721 ], [ 107.556309, -6.899689 ], [ 107.556307, -6.899648 ], [ 107.556301, -6.899537 ], [ 107.556322, -6.899498 ], [ 107.556356, -6.899433 ], [ 107.556403, -6.899343 ], [ 107.556416, -6.899318 ], [ 107.55645, -6.899258 ], [ 107.556468, -6.899226 ], [ 107.556473, -6.899217 ], [ 107.556504, -6.899121 ], [ 107.556517, -6.899079 ], [ 107.556533, -6.89903 ], [ 107.556582, -6.898875 ], [ 107.556585, -6.898865 ], [ 107.556607, -6.898794 ], [ 107.556611, -6.898784 ], [ 107.55664, -6.898691 ], [ 107.556643, -6.898682 ], [ 107.556645, -6.898677 ], [ 107.556649, -6.898663 ], [ 107.556666, -6.898611 ], [ 107.556676, -6.898578 ], [ 107.55673, -6.898408 ], [ 107.556735, -6.898394 ], [ 107.556746, -6.898357 ], [ 107.556777, -6.898261 ], [ 107.55681, -6.898157 ], [ 107.556835, -6.89808 ], [ 107.55685, -6.898032 ], [ 107.556859, -6.898004 ], [ 107.556861, -6.897997 ], [ 107.556895, -6.89789 ], [ 107.556914, -6.897831 ], [ 107.556917, -6.89782 ], [ 107.556973, -6.897644 ], [ 107.557007, -6.897539 ], [ 107.557036, -6.897447 ], [ 107.557046, -6.897415 ], [ 107.557092, -6.8974 ], [ 107.557161, -6.897379 ], [ 107.557222, -6.89736 ], [ 107.557321, -6.897329 ], [ 107.557375, -6.897312 ], [ 107.557397, -6.897305 ], [ 107.557405, -6.897302 ], [ 107.557432, -6.897294 ], [ 107.557437, -6.897292 ], [ 107.557518, -6.897267 ], [ 107.557518, -6.897267 ], [ 107.55762, -6.897235 ], [ 107.557631, -6.897232 ], [ 107.557674, -6.897218 ], [ 107.557714, -6.897206 ], [ 107.557719, -6.897204 ], [ 107.557751, -6.897194 ], [ 107.557774, -6.897187 ], [ 107.557854, -6.897162 ], [ 107.557867, -6.897158 ], [ 107.557879, -6.897154 ], [ 107.557882, -6.897153 ], [ 107.557907, -6.897145 ], [ 107.557911, -6.897144 ], [ 107.557941, -6.897135 ], [ 107.55797, -6.897126 ], [ 107.557977, -6.897124 ], [ 107.558066, -6.897096 ], [ 107.558076, -6.897093 ], [ 107.558131, -6.897075 ], [ 107.558337, -6.897011 ], [ 107.558369, -6.897001 ], [ 107.558402, -6.896991 ], [ 107.558452, -6.896975 ], [ 107.558462, -6.896972 ], [ 107.558522, -6.896953 ], [ 107.558583, -6.896934 ], [ 107.558624, -6.896921 ], [ 107.558626, -6.896921 ], [ 107.558665, -6.896908 ], [ 107.558667, -6.896908 ], [ 107.558703, -6.896897 ], [ 107.558714, -6.896893 ], [ 107.558754, -6.896881 ], [ 107.558807, -6.896864 ], [ 107.558827, -6.896858 ], [ 107.558865, -6.896846 ], [ 107.5589, -6.896835 ], [ 107.558911, -6.896832 ], [ 107.558972, -6.896812 ], [ 107.559003, -6.896803 ], [ 107.559033, -6.896793 ], [ 107.559122, -6.896765 ], [ 107.559176, -6.896749 ], [ 107.559249, -6.896726 ], [ 107.55958, -6.896622 ], [ 107.559583, -6.896621 ], [ 107.559611, -6.896613 ], [ 107.559623, -6.896609 ], [ 107.559678, -6.896592 ], [ 107.559756, -6.896567 ], [ 107.559769, -6.896563 ], [ 107.559795, -6.896555 ], [ 107.55986, -6.896535 ], [ 107.559863, -6.896534 ], [ 107.55988, -6.896529 ], [ 107.559882, -6.896528 ], [ 107.559909, -6.89652 ], [ 107.559922, -6.896515 ], [ 107.559937, -6.896511 ], [ 107.559947, -6.896508 ], [ 107.560034, -6.89648 ], [ 107.560113, -6.896456 ], [ 107.560122, -6.896453 ], [ 107.560158, -6.896442 ], [ 107.560218, -6.896423 ], [ 107.560297, -6.896391 ], [ 107.560481, -6.896337 ], [ 107.560543, -6.896446 ], [ 107.560642, -6.896621 ], [ 107.561434, -6.897905 ], [ 107.56159, -6.898161 ], [ 107.561774, -6.898464 ], [ 107.561839, -6.898595 ], [ 107.562529, -6.899693 ], [ 107.562771, -6.900076 ], [ 107.562854, -6.900201 ], [ 107.562972, -6.90041 ], [ 107.563057, -6.900561 ], [ 107.563182, -6.900783 ], [ 107.563215, -6.900841 ], [ 107.563285, -6.90095 ] ] ] } },
{ "type": "Feature", "properties": { "KECAMATAN": "Cimahi Selatan", "KELURAHAN": "Kel. LeuwiGajah" }, "geometry": { "type": "Polygon", "coordinates": [ [ [ 107.532864, -6.896466 ], [ 107.533097, -6.896481 ], [ 107.533157, -6.896479 ], [ 107.533197, -6.896199 ], [ 107.533215, -6.895999 ], [ 107.53326, -6.895509 ], [ 107.533273, -6.895336 ], [ 107.533286, -6.895173 ], [ 107.533305, -6.894883 ], [ 107.533329, -6.894523 ], [ 107.534686, -6.894598 ], [ 107.534788, -6.894733 ], [ 107.535074, -6.894769 ], [ 107.535274, -6.894767 ], [ 107.535541, -6.894757 ], [ 107.535681, -6.894753 ], [ 107.535763, -6.894751 ], [ 107.535935, -6.894746 ], [ 107.536066, -6.894743 ], [ 107.536077, -6.894742 ], [ 107.536204, -6.894768 ], [ 107.536207, -6.894795 ], [ 107.536215, -6.894872 ], [ 107.536216, -6.894885 ], [ 107.536222, -6.894951 ], [ 107.536223, -6.895059 ], [ 107.536224, -6.895127 ], [ 107.536224, -6.895148 ], [ 107.536225, -6.895194 ], [ 107.536225, -6.895202 ], [ 107.536225, -6.895206 ], [ 107.536222, -6.895258 ], [ 107.536214, -6.895418 ], [ 107.536212, -6.895462 ], [ 107.536212, -6.895463 ], [ 107.53621, -6.89551 ], [ 107.536206, -6.895577 ], [ 107.536205, -6.89561 ], [ 107.536197, -6.895756 ], [ 107.536195, -6.895797 ], [ 107.536194, -6.895824 ], [ 107.536194, -6.895826 ], [ 107.53619, -6.89591 ], [ 107.536184, -6.896028 ], [ 107.536182, -6.896067 ], [ 107.536175, -6.896222 ], [ 107.536173, -6.896281 ], [ 107.536172, -6.896297 ], [ 107.53617, -6.896353 ], [ 107.536167, -6.896412 ], [ 107.536163, -6.896524 ], [ 107.536163, -6.896524 ], [ 107.536159, -6.896606 ], [ 107.536154, -6.896739 ], [ 107.53615, -6.896824 ], [ 107.536149, -6.896849 ], [ 107.536143, -6.897005 ], [ 107.536139, -6.897085 ], [ 107.536138, -6.897126 ], [ 107.536138, -6.897143 ], [ 107.536136, -6.897206 ], [ 107.536131, -6.897387 ], [ 107.536124, -6.897662 ], [ 107.536124, -6.897665 ], [ 107.536124, -6.89767 ], [ 107.536124, -6.897677 ], [ 107.536123, -6.897688 ], [ 107.536115, -6.898035 ], [ 107.536114, -6.898091 ], [ 107.53611, -6.898289 ], [ 107.536108, -6.898345 ], [ 107.536108, -6.898356 ], [ 107.536097, -6.898546 ], [ 107.536097, -6.898546 ], [ 107.536095, -6.89858 ], [ 107.53608, -6.898843 ], [ 107.536072, -6.898974 ], [ 107.536032, -6.899142 ], [ 107.536013, -6.899218 ], [ 107.536013, -6.899219 ], [ 107.536007, -6.899246 ], [ 107.535983, -6.899342 ], [ 107.535978, -6.899363 ], [ 107.535962, -6.899431 ], [ 107.535937, -6.899533 ], [ 107.535903, -6.899674 ], [ 107.535897, -6.899699 ], [ 107.535889, -6.899732 ], [ 107.535868, -6.89982 ], [ 107.535842, -6.899927 ], [ 107.535807, -6.900073 ], [ 107.535706, -6.900343 ], [ 107.535693, -6.900364 ], [ 107.535668, -6.900403 ], [ 107.535663, -6.900411 ], [ 107.53565, -6.900432 ], [ 107.535632, -6.90046 ], [ 107.535584, -6.900537 ], [ 107.535556, -6.900581 ], [ 107.535459, -6.900738 ], [ 107.535437, -6.900772 ], [ 107.535431, -6.900781 ], [ 107.53543, -6.900783 ], [ 107.535359, -6.900897 ], [ 107.535313, -6.900976 ], [ 107.535163, -6.901237 ], [ 107.535072, -6.901395 ], [ 107.535063, -6.901411 ], [ 107.534994, -6.901538 ], [ 107.534874, -6.901758 ], [ 107.534828, -6.901845 ], [ 107.53476, -6.901978 ], [ 107.534759, -6.90198 ], [ 107.534692, -6.902114 ], [ 107.534646, -6.902204 ], [ 107.53458, -6.902355 ], [ 107.53453, -6.902471 ], [ 107.534558, -6.902514 ], [ 107.534572, -6.902535 ], [ 107.534623, -6.902614 ], [ 107.534642, -6.902642 ], [ 107.534561, -6.902698 ], [ 107.534556, -6.902701 ], [ 107.53455, -6.902706 ], [ 107.534485, -6.90275 ], [ 107.534453, -6.902772 ], [ 107.534274, -6.902895 ], [ 107.534235, -6.90292 ], [ 107.534204, -6.90294 ], [ 107.534155, -6.902971 ], [ 107.534119, -6.902994 ], [ 107.534082, -6.903016 ], [ 107.533951, -6.903093 ], [ 107.533897, -6.903125 ], [ 107.533874, -6.903139 ], [ 107.533864, -6.903145 ], [ 107.533857, -6.903172 ], [ 107.533856, -6.903173 ], [ 107.533842, -6.903222 ], [ 107.533832, -6.90326 ], [ 107.533818, -6.903308 ], [ 107.533786, -6.903421 ], [ 107.533776, -6.903456 ], [ 107.533744, -6.903532 ], [ 107.533742, -6.903536 ], [ 107.533709, -6.903617 ], [ 107.533687, -6.90367 ], [ 107.533626, -6.903785 ], [ 107.533591, -6.903852 ], [ 107.533585, -6.903864 ], [ 107.533572, -6.903888 ], [ 107.533571, -6.903891 ], [ 107.533552, -6.903926 ], [ 107.533548, -6.903934 ], [ 107.53348, -6.904063 ], [ 107.53348, -6.904064 ], [ 107.533433, -6.904152 ], [ 107.533399, -6.904216 ], [ 107.533372, -6.904269 ], [ 107.533313, -6.90438 ], [ 107.533161, -6.904668 ], [ 107.533121, -6.904743 ], [ 107.533082, -6.904817 ], [ 107.53308, -6.904822 ], [ 107.533041, -6.904889 ], [ 107.532922, -6.905094 ], [ 107.532844, -6.905229 ], [ 107.532834, -6.905247 ], [ 107.532746, -6.905398 ], [ 107.532659, -6.905549 ], [ 107.532571, -6.905701 ], [ 107.532529, -6.905774 ], [ 107.532463, -6.905863 ], [ 107.532447, -6.905885 ], [ 107.532394, -6.905956 ], [ 107.53233, -6.906044 ], [ 107.532224, -6.906187 ], [ 107.532217, -6.906196 ], [ 107.532164, -6.906348 ], [ 107.532107, -6.906511 ], [ 107.532086, -6.90657 ], [ 107.531998, -6.906673 ], [ 107.531979, -6.906696 ], [ 107.531882, -6.906811 ], [ 107.531862, -6.906855 ], [ 107.531793, -6.907012 ], [ 107.531781, -6.907039 ], [ 107.531723, -6.907169 ], [ 107.53167, -6.907288 ], [ 107.531653, -6.907326 ], [ 107.531583, -6.907483 ], [ 107.531521, -6.907622 ], [ 107.531409, -6.907689 ], [ 107.531384, -6.907705 ], [ 107.531122, -6.907767 ], [ 107.531136, -6.90785 ], [ 107.531144, -6.907898 ], [ 107.531197, -6.90821 ], [ 107.531209, -6.908281 ], [ 107.53133, -6.908339 ], [ 107.531392, -6.908369 ], [ 107.531427, -6.908386 ], [ 107.531555, -6.908447 ], [ 107.531688, -6.908511 ], [ 107.531697, -6.908515 ], [ 107.5317, -6.908519 ], [ 107.531828, -6.908719 ], [ 107.532091, -6.909131 ], [ 107.532128, -6.909184 ], [ 107.53223, -6.909332 ], [ 107.53254, -6.909781 ], [ 107.532841, -6.909936 ], [ 107.532934, -6.909984 ], [ 107.533027, -6.910002 ], [ 107.533134, -6.910023 ], [ 107.53327, -6.910049 ], [ 107.533304, -6.910055 ], [ 107.533311, -6.910068 ], [ 107.533326, -6.910098 ], [ 107.533345, -6.910136 ], [ 107.533371, -6.910189 ], [ 107.533496, -6.910438 ], [ 107.533556, -6.910557 ], [ 107.533689, -6.910823 ], [ 107.533688, -6.910825 ], [ 107.533607, -6.910902 ], [ 107.533552, -6.910954 ], [ 107.533551, -6.911323 ], [ 107.533557, -6.91148 ], [ 107.533479, -6.911729 ], [ 107.533421, -6.911917 ], [ 107.533328, -6.912212 ], [ 107.533242, -6.912488 ], [ 107.533207, -6.9126 ], [ 107.533264, -6.912858 ], [ 107.53326, -6.912873 ], [ 107.533254, -6.912898 ], [ 107.533201, -6.913102 ], [ 107.533201, -6.913102 ], [ 107.53323, -6.913129 ], [ 107.533319, -6.913207 ], [ 107.533381, -6.913262 ], [ 107.533444, -6.913335 ], [ 107.533532, -6.913436 ], [ 107.533534, -6.913587 ], [ 107.533535, -6.913723 ], [ 107.533536, -6.913801 ], [ 107.533517, -6.914001 ], [ 107.533504, -6.914135 ], [ 107.533499, -6.914177 ], [ 107.533429, -6.914329 ], [ 107.533323, -6.914557 ], [ 107.533313, -6.91457 ], [ 107.533238, -6.914666 ], [ 107.533225, -6.914683 ], [ 107.533265, -6.914745 ], [ 107.533315, -6.914823 ], [ 107.533339, -6.91486 ], [ 107.533339, -6.914864 ], [ 107.533358, -6.915068 ], [ 107.533364, -6.915131 ], [ 107.533355, -6.915156 ], [ 107.533325, -6.915234 ], [ 107.533288, -6.91528 ], [ 107.533143, -6.915457 ], [ 107.533145, -6.915467 ], [ 107.533152, -6.915526 ], [ 107.533159, -6.915575 ], [ 107.533116, -6.915636 ], [ 107.533041, -6.915745 ], [ 107.532995, -6.915752 ], [ 107.532899, -6.915768 ], [ 107.532834, -6.915779 ], [ 107.532822, -6.915959 ], [ 107.532819, -6.916002 ], [ 107.532809, -6.916163 ], [ 107.532808, -6.916164 ], [ 107.532803, -6.916253 ], [ 107.532804, -6.916419 ], [ 107.532804, -6.916552 ], [ 107.532805, -6.916635 ], [ 107.532809, -6.916749 ], [ 107.532812, -6.916849 ], [ 107.532822, -6.917138 ], [ 107.532828, -6.917317 ], [ 107.532835, -6.917337 ], [ 107.532891, -6.917496 ], [ 107.532922, -6.917586 ], [ 107.533074, -6.917603 ], [ 107.533174, -6.917613 ], [ 107.533175, -6.917751 ], [ 107.533175, -6.91785 ], [ 107.533176, -6.917993 ], [ 107.533176, -6.918004 ], [ 107.533176, -6.918017 ], [ 107.533177, -6.918072 ], [ 107.533177, -6.918128 ], [ 107.533178, -6.918233 ], [ 107.533178, -6.918239 ], [ 107.533168, -6.918232 ], [ 107.532924, -6.918062 ], [ 107.532743, -6.917995 ], [ 107.532549, -6.917923 ], [ 107.532044, -6.917737 ], [ 107.531987, -6.917716 ], [ 107.531974, -6.917709 ], [ 107.531969, -6.917706 ], [ 107.531846, -6.917626 ], [ 107.53155, -6.917537 ], [ 107.531138, -6.917464 ], [ 107.531123, -6.91746 ], [ 107.531109, -6.917454 ], [ 107.531097, -6.917445 ], [ 107.531086, -6.917435 ], [ 107.531077, -6.917422 ], [ 107.531075, -6.91742 ], [ 107.53107, -6.917409 ], [ 107.531065, -6.917394 ], [ 107.531063, -6.917379 ], [ 107.531063, -6.917378 ], [ 107.531064, -6.917364 ], [ 107.531067, -6.917349 ], [ 107.531097, -6.917248 ], [ 107.5311, -6.917239 ], [ 107.5311, -6.917196 ], [ 107.531041, -6.917149 ], [ 107.530947, -6.917075 ], [ 107.530482, -6.916984 ], [ 107.530296, -6.916985 ], [ 107.530255, -6.917069 ], [ 107.530204, -6.917172 ], [ 107.52988, -6.917313 ], [ 107.529683, -6.917294 ], [ 107.529662, -6.917313 ], [ 107.529661, -6.917313 ], [ 107.529547, -6.917414 ], [ 107.529408, -6.917587 ], [ 107.529354, -6.917654 ], [ 107.529283, -6.91783 ], [ 107.529275, -6.917849 ], [ 107.529195, -6.918005 ], [ 107.529165, -6.918028 ], [ 107.52885, -6.918275 ], [ 107.528656, -6.918358 ], [ 107.528686, -6.918466 ], [ 107.528691, -6.918594 ], [ 107.528626, -6.918642 ], [ 107.528502, -6.918724 ], [ 107.528501, -6.918744 ], [ 107.5285, -6.918753 ], [ 107.528467, -6.918838 ], [ 107.528416, -6.918845 ], [ 107.52838, -6.918842 ], [ 107.528243, -6.91883 ], [ 107.528154, -6.918871 ], [ 107.528083, -6.91896 ], [ 107.528005, -6.919013 ], [ 107.527984, -6.919024 ], [ 107.52793, -6.919046 ], [ 107.527862, -6.919054 ], [ 107.527799, -6.919056 ], [ 107.527743, -6.919057 ], [ 107.527665, -6.919059 ], [ 107.527576, -6.919077 ], [ 107.527562, -6.919081 ], [ 107.52746, -6.919129 ], [ 107.527388, -6.919154 ], [ 107.527284, -6.919174 ], [ 107.527155, -6.919192 ], [ 107.527033, -6.919209 ], [ 107.527012, -6.919212 ], [ 107.526927, -6.919234 ], [ 107.526889, -6.91926 ], [ 107.526731, -6.919351 ], [ 107.526629, -6.919411 ], [ 107.526602, -6.919572 ], [ 107.526594, -6.919724 ], [ 107.526555, -6.919957 ], [ 107.526443, -6.920092 ], [ 107.526439, -6.920118 ], [ 107.526427, -6.920189 ], [ 107.526485, -6.920244 ], [ 107.526488, -6.920246 ], [ 107.526535, -6.920293 ], [ 107.526548, -6.920303 ], [ 107.52655, -6.920308 ], [ 107.526551, -6.920309 ], [ 107.526565, -6.920324 ], [ 107.526619, -6.920441 ], [ 107.526629, -6.920455 ], [ 107.526686, -6.920539 ], [ 107.526692, -6.920548 ], [ 107.526576, -6.920769 ], [ 107.526523, -6.920848 ], [ 107.526465, -6.920849 ], [ 107.526414, -6.92085 ], [ 107.526282, -6.920863 ], [ 107.526065, -6.920902 ], [ 107.525966, -6.92091 ], [ 107.525909, -6.920966 ], [ 107.525751, -6.921142 ], [ 107.525726, -6.921175 ], [ 107.525715, -6.921182 ], [ 107.525659, -6.921212 ], [ 107.525637, -6.92119 ], [ 107.525576, -6.921126 ], [ 107.525534, -6.921083 ], [ 107.525466, -6.921012 ], [ 107.525218, -6.920837 ], [ 107.525189, -6.920817 ], [ 107.525177, -6.920808 ], [ 107.525055, -6.920751 ], [ 107.525057, -6.920568 ], [ 107.524957, -6.920354 ], [ 107.524966, -6.920288 ], [ 107.52497, -6.920264 ], [ 107.524972, -6.920248 ], [ 107.524973, -6.920076 ], [ 107.524946, -6.919938 ], [ 107.524851, -6.919818 ], [ 107.524772, -6.919676 ], [ 107.524691, -6.919507 ], [ 107.524633, -6.919303 ], [ 107.524541, -6.919155 ], [ 107.524521, -6.919124 ], [ 107.524419, -6.91898 ], [ 107.524402, -6.918956 ], [ 107.52415, -6.918603 ], [ 107.524146, -6.918597 ], [ 107.524136, -6.91859 ], [ 107.524031, -6.918514 ], [ 107.523938, -6.918466 ], [ 107.523882, -6.918449 ], [ 107.523645, -6.918422 ], [ 107.523575, -6.918405 ], [ 107.523514, -6.91839 ], [ 107.523257, -6.918188 ], [ 107.523047, -6.918158 ], [ 107.522969, -6.918146 ], [ 107.522728, -6.918123 ], [ 107.522529, -6.918051 ], [ 107.52246, -6.918013 ], [ 107.522386, -6.917973 ], [ 107.522283, -6.917823 ], [ 107.522273, -6.917805 ], [ 107.522178, -6.917638 ], [ 107.52197, -6.917394 ], [ 107.521869, -6.917273 ], [ 107.521844, -6.917253 ], [ 107.521719, -6.917245 ], [ 107.52166, -6.917241 ], [ 107.521652, -6.917239 ], [ 107.521562, -6.917213 ], [ 107.521515, -6.9172 ], [ 107.521442, -6.917171 ], [ 107.521356, -6.917132 ], [ 107.521209, -6.917052 ], [ 107.521115, -6.917007 ], [ 107.521037, -6.916969 ], [ 107.521034, -6.916968 ], [ 107.520939, -6.916943 ], [ 107.520893, -6.916931 ], [ 107.520874, -6.916928 ], [ 107.520857, -6.916925 ], [ 107.520848, -6.916901 ], [ 107.520828, -6.916841 ], [ 107.520808, -6.916784 ], [ 107.520787, -6.916654 ], [ 107.520778, -6.916597 ], [ 107.520753, -6.916445 ], [ 107.520753, -6.916436 ], [ 107.520753, -6.916424 ], [ 107.520758, -6.916318 ], [ 107.520781, -6.916283 ], [ 107.520802, -6.916252 ], [ 107.52083, -6.91621 ], [ 107.520822, -6.916192 ], [ 107.52084, -6.916193 ], [ 107.520889, -6.916121 ], [ 107.520886, -6.916114 ], [ 107.520874, -6.916091 ], [ 107.520856, -6.916055 ], [ 107.520856, -6.916055 ], [ 107.520853, -6.91605 ], [ 107.520853, -6.916049 ], [ 107.520841, -6.916039 ], [ 107.520834, -6.916033 ], [ 107.520751, -6.91599 ], [ 107.520739, -6.915986 ], [ 107.520715, -6.915978 ], [ 107.520617, -6.915962 ], [ 107.520609, -6.915961 ], [ 107.520597, -6.915959 ], [ 107.520575, -6.915955 ], [ 107.52041, -6.915929 ], [ 107.52026, -6.915886 ], [ 107.519978, -6.915804 ], [ 107.519716, -6.915775 ], [ 107.51948, -6.915717 ], [ 107.519124, -6.91561 ], [ 107.518764, -6.915491 ], [ 107.51873, -6.915458 ], [ 107.518506, -6.915242 ], [ 107.518506, -6.915242 ], [ 107.518497, -6.915227 ], [ 107.51844, -6.915133 ], [ 107.518436, -6.915127 ], [ 107.518436, -6.915125 ], [ 107.518341, -6.914967 ], [ 107.518342, -6.914878 ], [ 107.518342, -6.914696 ], [ 107.518371, -6.9146 ], [ 107.518399, -6.914507 ], [ 107.5184, -6.914502 ], [ 107.518516, -6.914142 ], [ 107.518603, -6.913929 ], [ 107.518693, -6.913792 ], [ 107.518773, -6.913702 ], [ 107.51879, -6.913683 ], [ 107.518861, -6.913603 ], [ 107.51898, -6.913469 ], [ 107.519109, -6.913322 ], [ 107.519381, -6.912965 ], [ 107.519426, -6.912906 ], [ 107.519846, -6.912436 ], [ 107.520054, -6.91214 ], [ 107.520063, -6.912131 ], [ 107.520319, -6.911886 ], [ 107.52063, -6.91159 ], [ 107.520635, -6.911585 ], [ 107.520833, -6.91137 ], [ 107.520832, -6.911361 ], [ 107.520807, -6.911188 ], [ 107.520855, -6.911054 ], [ 107.520894, -6.910999 ], [ 107.520916, -6.91099 ], [ 107.520944, -6.910656 ], [ 107.520948, -6.910605 ], [ 107.520691, -6.910373 ], [ 107.520556, -6.910279 ], [ 107.520521, -6.910258 ], [ 107.52046, -6.910222 ], [ 107.52037, -6.910052 ], [ 107.520347, -6.909973 ], [ 107.520346, -6.909968 ], [ 107.520274, -6.909717 ], [ 107.520199, -6.909543 ], [ 107.52019, -6.909528 ], [ 107.520008, -6.909368 ], [ 107.5199, -6.909274 ], [ 107.519836, -6.909218 ], [ 107.519829, -6.909212 ], [ 107.519647, -6.909106 ], [ 107.519643, -6.909104 ], [ 107.519548, -6.90909 ], [ 107.519513, -6.909085 ], [ 107.519398, -6.909066 ], [ 107.519364, -6.90906 ], [ 107.519302, -6.90905 ], [ 107.51889, -6.908927 ], [ 107.518477, -6.908779 ], [ 107.518328, -6.908657 ], [ 107.518048, -6.908369 ], [ 107.51796, -6.908248 ], [ 107.517934, -6.908213 ], [ 107.517886, -6.908098 ], [ 107.517836, -6.907977 ], [ 107.517822, -6.90789 ], [ 107.517808, -6.907804 ], [ 107.517757, -6.907601 ], [ 107.517735, -6.907514 ], [ 107.517724, -6.907472 ], [ 107.517721, -6.907463 ], [ 107.517605, -6.907043 ], [ 107.517605, -6.907041 ], [ 107.517587, -6.906978 ], [ 107.517546, -6.906886 ], [ 107.517077, -6.906678 ], [ 107.517072, -6.906683 ], [ 107.51707, -6.906675 ], [ 107.516972, -6.906632 ], [ 107.516974, -6.906622 ], [ 107.516986, -6.906564 ], [ 107.51703, -6.906539 ], [ 107.516895, -6.906077 ], [ 107.516877, -6.906016 ], [ 107.516882, -6.906017 ], [ 107.516984, -6.906031 ], [ 107.517033, -6.906038 ], [ 107.517035, -6.906038 ], [ 107.51709, -6.906041 ], [ 107.517248, -6.906048 ], [ 107.517409, -6.906055 ], [ 107.517413, -6.906056 ], [ 107.517453, -6.906065 ], [ 107.517457, -6.906066 ], [ 107.517457, -6.906066 ], [ 107.517569, -6.906091 ], [ 107.517652, -6.906109 ], [ 107.517731, -6.906127 ], [ 107.517754, -6.906132 ], [ 107.517908, -6.906167 ], [ 107.518092, -6.906197 ], [ 107.518112, -6.9062 ], [ 107.518205, -6.906215 ], [ 107.518277, -6.906226 ], [ 107.518284, -6.906214 ], [ 107.518325, -6.906145 ], [ 107.518328, -6.906131 ], [ 107.518379, -6.905837 ], [ 107.518425, -6.905572 ], [ 107.518455, -6.905397 ], [ 107.518466, -6.905333 ], [ 107.518515, -6.905051 ], [ 107.51857, -6.904735 ], [ 107.518614, -6.904479 ], [ 107.518852, -6.904508 ], [ 107.519015, -6.904528 ], [ 107.519015, -6.904528 ], [ 107.519159, -6.904545 ], [ 107.519304, -6.904563 ], [ 107.519555, -6.904608 ], [ 107.519734, -6.90465 ], [ 107.519842, -6.904617 ], [ 107.519858, -6.904565 ], [ 107.519876, -6.904506 ], [ 107.519893, -6.90445 ], [ 107.519911, -6.904393 ], [ 107.519938, -6.904305 ], [ 107.519939, -6.904302 ], [ 107.519977, -6.904179 ], [ 107.519986, -6.904151 ], [ 107.52, -6.904105 ], [ 107.520001, -6.904104 ], [ 107.520039, -6.903979 ], [ 107.520063, -6.903903 ], [ 107.520083, -6.903838 ], [ 107.520099, -6.903786 ], [ 107.520111, -6.903748 ], [ 107.52012, -6.903718 ], [ 107.520172, -6.903549 ], [ 107.520177, -6.903534 ], [ 107.520173, -6.903532 ], [ 107.520109, -6.903508 ], [ 107.520023, -6.903474 ], [ 107.519957, -6.903401 ], [ 107.519876, -6.903312 ], [ 107.519878, -6.903305 ], [ 107.519932, -6.903124 ], [ 107.519892, -6.903047 ], [ 107.519748, -6.902884 ], [ 107.519691, -6.902836 ], [ 107.519668, -6.902816 ], [ 107.519653, -6.902804 ], [ 107.519663, -6.902779 ], [ 107.519915, -6.90213 ], [ 107.519961, -6.90201 ], [ 107.519981, -6.901959 ], [ 107.520061, -6.901753 ], [ 107.520122, -6.901597 ], [ 107.52013, -6.901576 ], [ 107.520169, -6.901575 ], [ 107.52017, -6.901575 ], [ 107.520175, -6.901575 ], [ 107.520183, -6.901575 ], [ 107.520267, -6.901538 ], [ 107.520317, -6.901562 ], [ 107.520317, -6.901562 ], [ 107.520366, -6.901475 ], [ 107.520373, -6.901462 ], [ 107.520401, -6.901413 ], [ 107.520403, -6.901408 ], [ 107.520512, -6.901214 ], [ 107.520629, -6.901005 ], [ 107.520674, -6.900925 ], [ 107.520675, -6.90092 ], [ 107.520676, -6.900917 ], [ 107.520689, -6.900876 ], [ 107.52072, -6.900779 ], [ 107.520725, -6.900765 ], [ 107.520739, -6.900721 ], [ 107.520746, -6.900698 ], [ 107.520773, -6.900615 ], [ 107.520793, -6.90055 ], [ 107.520838, -6.900411 ], [ 107.520866, -6.900321 ], [ 107.520884, -6.900265 ], [ 107.520926, -6.900134 ], [ 107.520931, -6.900119 ], [ 107.520976, -6.899977 ], [ 107.520991, -6.899928 ], [ 107.521053, -6.899734 ], [ 107.521264, -6.899797 ], [ 107.521301, -6.899672 ], [ 107.52133, -6.899572 ], [ 107.521331, -6.899569 ], [ 107.521339, -6.899543 ], [ 107.521367, -6.899446 ], [ 107.52137, -6.899436 ], [ 107.52139, -6.899369 ], [ 107.521434, -6.899355 ], [ 107.521442, -6.899358 ], [ 107.521515, -6.899381 ], [ 107.521548, -6.899392 ], [ 107.52156, -6.899345 ], [ 107.521571, -6.899307 ], [ 107.521582, -6.899265 ], [ 107.521587, -6.899248 ], [ 107.521597, -6.899209 ], [ 107.521619, -6.899129 ], [ 107.521635, -6.89907 ], [ 107.52166, -6.898978 ], [ 107.521663, -6.89897 ], [ 107.521721, -6.898824 ], [ 107.521798, -6.898896 ], [ 107.521831, -6.898934 ], [ 107.521858, -6.898964 ], [ 107.521865, -6.898972 ], [ 107.521879, -6.898988 ], [ 107.521888, -6.898998 ], [ 107.521926, -6.899041 ], [ 107.521949, -6.899066 ], [ 107.522051, -6.899181 ], [ 107.522064, -6.899193 ], [ 107.522115, -6.899239 ], [ 107.522147, -6.899267 ], [ 107.522254, -6.899128 ], [ 107.522311, -6.899053 ], [ 107.522351, -6.899001 ], [ 107.522409, -6.898925 ], [ 107.522434, -6.898892 ], [ 107.522468, -6.898909 ], [ 107.522814, -6.898346 ], [ 107.522915, -6.898386 ], [ 107.523121, -6.898468 ], [ 107.523133, -6.898472 ], [ 107.523376, -6.898556 ], [ 107.523397, -6.898563 ], [ 107.523596, -6.898632 ], [ 107.523781, -6.898686 ], [ 107.524234, -6.898782 ], [ 107.52424, -6.898736 ], [ 107.524332, -6.898008 ], [ 107.524335, -6.89798 ], [ 107.524341, -6.897929 ], [ 107.52437, -6.897703 ], [ 107.52437, -6.8977 ], [ 107.524373, -6.897679 ], [ 107.524384, -6.89759 ], [ 107.524385, -6.89758 ], [ 107.524432, -6.897556 ], [ 107.524822, -6.897353 ], [ 107.524854, -6.897337 ], [ 107.524854, -6.897336 ], [ 107.524902, -6.897311 ], [ 107.524983, -6.89727 ], [ 107.525033, -6.897244 ], [ 107.525079, -6.89722 ], [ 107.525087, -6.897259 ], [ 107.525093, -6.897283 ], [ 107.525099, -6.897314 ], [ 107.525109, -6.89736 ], [ 107.52512, -6.897415 ], [ 107.525124, -6.897432 ], [ 107.525137, -6.897445 ], [ 107.525172, -6.897478 ], [ 107.525202, -6.897506 ], [ 107.525217, -6.89752 ], [ 107.525242, -6.897544 ], [ 107.525291, -6.897589 ], [ 107.525309, -6.897606 ], [ 107.525355, -6.89765 ], [ 107.525358, -6.897653 ], [ 107.525403, -6.897695 ], [ 107.525436, -6.897726 ], [ 107.525515, -6.897731 ], [ 107.525561, -6.897734 ], [ 107.525571, -6.897735 ], [ 107.525599, -6.897737 ], [ 107.525796, -6.89775 ], [ 107.525803, -6.897751 ], [ 107.526006, -6.897773 ], [ 107.526212, -6.897788 ], [ 107.526491, -6.897794 ], [ 107.526523, -6.897785 ], [ 107.526695, -6.897736 ], [ 107.526918, -6.897697 ], [ 107.527023, -6.897679 ], [ 107.527141, -6.897545 ], [ 107.527238, -6.897435 ], [ 107.527384, -6.897311 ], [ 107.52749, -6.897229 ], [ 107.527491, -6.897227 ], [ 107.527521, -6.89709 ], [ 107.527536, -6.897023 ], [ 107.52755, -6.896957 ], [ 107.527565, -6.896889 ], [ 107.527582, -6.896873 ], [ 107.527662, -6.8968 ], [ 107.527698, -6.896766 ], [ 107.527776, -6.896693 ], [ 107.527888, -6.896664 ], [ 107.528014, -6.89652 ], [ 107.528119, -6.8964 ], [ 107.528091, -6.8962 ], [ 107.528009, -6.896086 ], [ 107.52794, -6.895989 ], [ 107.52784, -6.89585 ], [ 107.527706, -6.895664 ], [ 107.527561, -6.895461 ], [ 107.527528, -6.895124 ], [ 107.527465, -6.895006 ], [ 107.527412, -6.894908 ], [ 107.527418, -6.89479 ], [ 107.527506, -6.89461 ], [ 107.527559, -6.894503 ], [ 107.527544, -6.894354 ], [ 107.527507, -6.894183 ], [ 107.527479, -6.894104 ], [ 107.527459, -6.894047 ], [ 107.527335, -6.894026 ], [ 107.527244, -6.89401 ], [ 107.527205, -6.894004 ], [ 107.527091, -6.893985 ], [ 107.526954, -6.893929 ], [ 107.526764, -6.893851 ], [ 107.526674, -6.893735 ], [ 107.526731, -6.893639 ], [ 107.526827, -6.893478 ], [ 107.526837, -6.893376 ], [ 107.52684, -6.89334 ], [ 107.526842, -6.893318 ], [ 107.52685, -6.893234 ], [ 107.526854, -6.893196 ], [ 107.52687, -6.893022 ], [ 107.526884, -6.892875 ], [ 107.526886, -6.892861 ], [ 107.526901, -6.892698 ], [ 107.526905, -6.892663 ], [ 107.52691, -6.892609 ], [ 107.52691, -6.892601 ], [ 107.526879, -6.892533 ], [ 107.526841, -6.892453 ], [ 107.526538, -6.892302 ], [ 107.526477, -6.892272 ], [ 107.526346, -6.892207 ], [ 107.526334, -6.892128 ], [ 107.526325, -6.892069 ], [ 107.526346, -6.891989 ], [ 107.526403, -6.891771 ], [ 107.526471, -6.891623 ], [ 107.52654, -6.891472 ], [ 107.526592, -6.891314 ], [ 107.526656, -6.891124 ], [ 107.526675, -6.890998 ], [ 107.526798, -6.891053 ], [ 107.527134, -6.891202 ], [ 107.527323, -6.891286 ], [ 107.527492, -6.891361 ], [ 107.527499, -6.891364 ], [ 107.527691, -6.891449 ], [ 107.527836, -6.891514 ], [ 107.527969, -6.891573 ], [ 107.528173, -6.891655 ], [ 107.528331, -6.891726 ], [ 107.528432, -6.891786 ], [ 107.528599, -6.891846 ], [ 107.528745, -6.891996 ], [ 107.528828, -6.892132 ], [ 107.528919, -6.892254 ], [ 107.528989, -6.892413 ], [ 107.529071, -6.8926 ], [ 107.52911, -6.89268 ], [ 107.529172, -6.89281 ], [ 107.529273, -6.893021 ], [ 107.52936, -6.893175 ], [ 107.529418, -6.893263 ], [ 107.529508, -6.89337 ], [ 107.529671, -6.8935 ], [ 107.529865, -6.893649 ], [ 107.529992, -6.893722 ], [ 107.530086, -6.893782 ], [ 107.530273, -6.893873 ], [ 107.530424, -6.893979 ], [ 107.530518, -6.894077 ], [ 107.530601, -6.894163 ], [ 107.53069, -6.894243 ], [ 107.530706, -6.894257 ], [ 107.530822, -6.894392 ], [ 107.530957, -6.894589 ], [ 107.531135, -6.894837 ], [ 107.531304, -6.895077 ], [ 107.531376, -6.89519 ], [ 107.531474, -6.895344 ], [ 107.531586, -6.895566 ], [ 107.531597, -6.895585 ], [ 107.53165, -6.895676 ], [ 107.531741, -6.895832 ], [ 107.531846, -6.895994 ], [ 107.531909, -6.896084 ], [ 107.53199, -6.896198 ], [ 107.532023, -6.896239 ], [ 107.532087, -6.89632 ], [ 107.532283, -6.896388 ], [ 107.532452, -6.896411 ], [ 107.532667, -6.89644 ], [ 107.532672, -6.89644 ], [ 107.532692, -6.896443 ], [ 107.532864, -6.896466 ] ] ] } },
{ "type": "Feature", "properties": { "KECAMATAN": "Cimahi Selatan", "KELURAHAN": "Kel. Melong" }, "geometry": { "type": "Polygon", "coordinates": [ [ [ 107.565313, -6.912573 ], [ 107.565387, -6.912776 ], [ 107.565402, -6.912972 ], [ 107.56535, -6.913136 ], [ 107.565251, -6.913234 ], [ 107.565075, -6.91355 ], [ 107.565067, -6.913691 ], [ 107.565107, -6.913773 ], [ 107.565211, -6.913844 ], [ 107.565349, -6.913897 ], [ 107.565441, -6.91397 ], [ 107.565461, -6.913985 ], [ 107.565478, -6.913999 ], [ 107.565485, -6.914011 ], [ 107.565498, -6.914035 ], [ 107.565499, -6.914037 ], [ 107.565505, -6.914048 ], [ 107.565512, -6.914062 ], [ 107.565523, -6.914082 ], [ 107.565545, -6.914123 ], [ 107.565553, -6.914204 ], [ 107.565449, -6.914244 ], [ 107.565359, -6.914278 ], [ 107.565184, -6.914397 ], [ 107.564963, -6.914712 ], [ 107.564875, -6.915213 ], [ 107.564672, -6.915511 ], [ 107.564577, -6.915678 ], [ 107.564539, -6.91587 ], [ 107.564623, -6.916385 ], [ 107.564637, -6.916473 ], [ 107.564601, -6.916652 ], [ 107.564586, -6.916728 ], [ 107.564577, -6.916773 ], [ 107.564571, -6.916806 ], [ 107.56457, -6.916812 ], [ 107.564544, -6.916942 ], [ 107.564544, -6.916942 ], [ 107.564558, -6.916968 ], [ 107.564592, -6.917032 ], [ 107.564625, -6.917048 ], [ 107.564812, -6.917135 ], [ 107.564949, -6.917225 ], [ 107.565081, -6.917429 ], [ 107.565267, -6.917741 ], [ 107.565437, -6.91793 ], [ 107.565512, -6.918002 ], [ 107.565563, -6.918119 ], [ 107.565502, -6.918415 ], [ 107.565554, -6.918655 ], [ 107.565571, -6.918798 ], [ 107.565485, -6.919054 ], [ 107.565473, -6.919088 ], [ 107.565437, -6.919188 ], [ 107.565372, -6.919361 ], [ 107.565328, -6.919391 ], [ 107.565221, -6.919463 ], [ 107.565186, -6.919486 ], [ 107.565159, -6.919504 ], [ 107.565148, -6.919512 ], [ 107.565068, -6.919569 ], [ 107.565062, -6.919573 ], [ 107.564972, -6.919637 ], [ 107.564969, -6.919639 ], [ 107.564915, -6.919689 ], [ 107.564878, -6.919725 ], [ 107.564867, -6.919735 ], [ 107.564858, -6.919762 ], [ 107.56485, -6.919784 ], [ 107.564844, -6.919801 ], [ 107.564899, -6.919862 ], [ 107.564948, -6.919916 ], [ 107.565059, -6.920016 ], [ 107.565065, -6.920064 ], [ 107.564971, -6.920133 ], [ 107.564957, -6.920143 ], [ 107.564848, -6.920193 ], [ 107.564784, -6.920495 ], [ 107.564784, -6.920496 ], [ 107.564784, -6.920512 ], [ 107.564788, -6.920815 ], [ 107.564769, -6.920935 ], [ 107.564767, -6.920947 ], [ 107.564764, -6.920966 ], [ 107.564715, -6.921268 ], [ 107.564706, -6.92144 ], [ 107.564698, -6.921515 ], [ 107.564692, -6.921559 ], [ 107.564676, -6.921604 ], [ 107.564648, -6.921679 ], [ 107.564673, -6.921785 ], [ 107.564716, -6.921882 ], [ 107.564783, -6.922359 ], [ 107.564826, -6.922752 ], [ 107.564828, -6.923223 ], [ 107.564842, -6.923473 ], [ 107.564853, -6.923595 ], [ 107.564859, -6.923661 ], [ 107.564866, -6.923729 ], [ 107.564867, -6.923739 ], [ 107.564872, -6.923845 ], [ 107.564877, -6.923906 ], [ 107.564881, -6.923955 ], [ 107.564907, -6.924019 ], [ 107.564989, -6.924218 ], [ 107.565022, -6.924294 ], [ 107.56502, -6.92432 ], [ 107.565012, -6.924419 ], [ 107.564995, -6.924454 ], [ 107.564947, -6.924553 ], [ 107.564836, -6.924647 ], [ 107.564835, -6.924648 ], [ 107.564808, -6.924671 ], [ 107.564669, -6.924788 ], [ 107.564402, -6.925013 ], [ 107.564396, -6.925019 ], [ 107.564193, -6.925225 ], [ 107.564085, -6.925334 ], [ 107.563886, -6.925534 ], [ 107.563868, -6.925553 ], [ 107.563841, -6.92558 ], [ 107.563838, -6.925584 ], [ 107.5638, -6.925633 ], [ 107.563768, -6.925673 ], [ 107.563728, -6.925725 ], [ 107.563702, -6.925758 ], [ 107.563646, -6.925825 ], [ 107.563606, -6.925812 ], [ 107.563603, -6.925812 ], [ 107.563466, -6.925767 ], [ 107.563367, -6.925727 ], [ 107.563205, -6.925858 ], [ 107.563158, -6.925922 ], [ 107.563079, -6.926028 ], [ 107.563016, -6.926238 ], [ 107.563003, -6.926285 ], [ 107.562998, -6.926301 ], [ 107.562978, -6.926376 ], [ 107.562962, -6.926437 ], [ 107.562946, -6.926492 ], [ 107.562929, -6.926556 ], [ 107.562925, -6.926569 ], [ 107.562912, -6.92662 ], [ 107.562895, -6.926681 ], [ 107.562878, -6.926743 ], [ 107.562853, -6.926834 ], [ 107.562854, -6.9269 ], [ 107.562857, -6.927162 ], [ 107.562858, -6.927221 ], [ 107.562856, -6.927269 ], [ 107.563096, -6.927705 ], [ 107.563351, -6.92803 ], [ 107.563379, -6.928057 ], [ 107.56381, -6.928756 ], [ 107.563842, -6.928807 ], [ 107.563907, -6.928912 ], [ 107.563942, -6.92897 ], [ 107.564134, -6.929212 ], [ 107.564186, -6.929246 ], [ 107.564396, -6.929388 ], [ 107.564862, -6.929568 ], [ 107.5649, -6.929583 ], [ 107.565227, -6.929662 ], [ 107.565197, -6.929775 ], [ 107.565183, -6.929827 ], [ 107.565145, -6.929967 ], [ 107.565096, -6.930147 ], [ 107.565054, -6.93025 ], [ 107.565033, -6.930301 ], [ 107.565011, -6.930355 ], [ 107.564957, -6.930488 ], [ 107.564945, -6.930517 ], [ 107.564831, -6.930796 ], [ 107.564781, -6.930919 ], [ 107.564761, -6.930967 ], [ 107.564731, -6.931041 ], [ 107.564492, -6.931644 ], [ 107.564461, -6.931788 ], [ 107.564499, -6.93213 ], [ 107.56452, -6.932234 ], [ 107.564526, -6.932265 ], [ 107.564512, -6.932276 ], [ 107.564479, -6.932331 ], [ 107.564333, -6.932575 ], [ 107.564296, -6.932628 ], [ 107.564287, -6.932696 ], [ 107.564282, -6.932706 ], [ 107.564251, -6.932764 ], [ 107.564228, -6.932808 ], [ 107.564221, -6.932814 ], [ 107.564171, -6.932853 ], [ 107.564153, -6.932868 ], [ 107.564061, -6.932873 ], [ 107.564046, -6.932864 ], [ 107.564039, -6.93286 ], [ 107.563992, -6.932833 ], [ 107.563778, -6.932682 ], [ 107.563686, -6.932616 ], [ 107.563634, -6.932579 ], [ 107.563447, -6.932447 ], [ 107.563129, -6.932302 ], [ 107.56247, -6.932145 ], [ 107.562416, -6.932132 ], [ 107.562258, -6.932094 ], [ 107.562091, -6.932057 ], [ 107.562068, -6.93205 ], [ 107.561946, -6.932014 ], [ 107.56186, -6.931988 ], [ 107.561775, -6.931953 ], [ 107.561659, -6.931906 ], [ 107.561293, -6.931766 ], [ 107.561241, -6.931746 ], [ 107.560996, -6.931649 ], [ 107.560922, -6.931621 ], [ 107.560631, -6.93151 ], [ 107.560564, -6.931485 ], [ 107.560489, -6.931456 ], [ 107.560084, -6.931302 ], [ 107.559796, -6.931217 ], [ 107.559727, -6.931185 ], [ 107.55951, -6.931103 ], [ 107.55942, -6.931037 ], [ 107.559341, -6.93098 ], [ 107.559257, -6.93092 ], [ 107.559211, -6.930886 ], [ 107.559136, -6.930831 ], [ 107.559151, -6.930798 ], [ 107.559115, -6.93074 ], [ 107.559054, -6.930703 ], [ 107.559012, -6.930678 ], [ 107.558987, -6.930663 ], [ 107.558956, -6.930605 ], [ 107.558962, -6.93058 ], [ 107.558965, -6.930568 ], [ 107.558979, -6.930515 ], [ 107.559028, -6.930426 ], [ 107.559099, -6.930297 ], [ 107.559124, -6.930251 ], [ 107.559246, -6.930031 ], [ 107.559248, -6.930027 ], [ 107.559249, -6.930026 ], [ 107.55926, -6.930006 ], [ 107.559326, -6.929886 ], [ 107.55936, -6.929825 ], [ 107.559363, -6.92982 ], [ 107.559506, -6.929591 ], [ 107.559601, -6.929415 ], [ 107.55976, -6.929308 ], [ 107.559762, -6.929306 ], [ 107.559788, -6.929289 ], [ 107.559819, -6.929194 ], [ 107.559863, -6.929056 ], [ 107.559875, -6.92902 ], [ 107.559882, -6.928998 ], [ 107.559891, -6.928941 ], [ 107.559899, -6.928891 ], [ 107.5599, -6.928885 ], [ 107.559926, -6.928567 ], [ 107.559927, -6.928556 ], [ 107.559942, -6.928534 ], [ 107.559947, -6.928528 ], [ 107.559985, -6.928473 ], [ 107.56, -6.928452 ], [ 107.560013, -6.928437 ], [ 107.560084, -6.928354 ], [ 107.560193, -6.928227 ], [ 107.560224, -6.928191 ], [ 107.560231, -6.928177 ], [ 107.56034, -6.927969 ], [ 107.560372, -6.927873 ], [ 107.560372, -6.927873 ], [ 107.560396, -6.9278 ], [ 107.5604, -6.927787 ], [ 107.560377, -6.927786 ], [ 107.560373, -6.927785 ], [ 107.560311, -6.927781 ], [ 107.560311, -6.927781 ], [ 107.560307, -6.927781 ], [ 107.560207, -6.927785 ], [ 107.559554, -6.927812 ], [ 107.559315, -6.927791 ], [ 107.559281, -6.927794 ], [ 107.559004, -6.927795 ], [ 107.558831, -6.927796 ], [ 107.558663, -6.927796 ], [ 107.55863, -6.927796 ], [ 107.558602, -6.927796 ], [ 107.558433, -6.927848 ], [ 107.558432, -6.927848 ], [ 107.558211, -6.927916 ], [ 107.558165, -6.92793 ], [ 107.558123, -6.927941 ], [ 107.558183, -6.92811 ], [ 107.558198, -6.928153 ], [ 107.558202, -6.928164 ], [ 107.558219, -6.928215 ], [ 107.558221, -6.928218 ], [ 107.558246, -6.928289 ], [ 107.558248, -6.928295 ], [ 107.558256, -6.928324 ], [ 107.558257, -6.928326 ], [ 107.558276, -6.928389 ], [ 107.55826, -6.928425 ], [ 107.558257, -6.928432 ], [ 107.558246, -6.928459 ], [ 107.558229, -6.9285 ], [ 107.55822, -6.928521 ], [ 107.558208, -6.928549 ], [ 107.558205, -6.928555 ], [ 107.558196, -6.928576 ], [ 107.558146, -6.928652 ], [ 107.558146, -6.928653 ], [ 107.558092, -6.928734 ], [ 107.558043, -6.928922 ], [ 107.558036, -6.928949 ], [ 107.558036, -6.929005 ], [ 107.558036, -6.929118 ], [ 107.557925, -6.929399 ], [ 107.557832, -6.929633 ], [ 107.557797, -6.929636 ], [ 107.557795, -6.929636 ], [ 107.557792, -6.929637 ], [ 107.557728, -6.9296 ], [ 107.557509, -6.929473 ], [ 107.557341, -6.929376 ], [ 107.557328, -6.929369 ], [ 107.557303, -6.929358 ], [ 107.557282, -6.929349 ], [ 107.557281, -6.929349 ], [ 107.557204, -6.929317 ], [ 107.557201, -6.929316 ], [ 107.557172, -6.929304 ], [ 107.557163, -6.929307 ], [ 107.55715, -6.929312 ], [ 107.557149, -6.929312 ], [ 107.55713, -6.929318 ], [ 107.557038, -6.929271 ], [ 107.556927, -6.929214 ], [ 107.556786, -6.929141 ], [ 107.556733, -6.929109 ], [ 107.556489, -6.928963 ], [ 107.556489, -6.928963 ], [ 107.55643, -6.928928 ], [ 107.556096, -6.928723 ], [ 107.556016, -6.928668 ], [ 107.555973, -6.928639 ], [ 107.555679, -6.928445 ], [ 107.555529, -6.928345 ], [ 107.555376, -6.928247 ], [ 107.555325, -6.928215 ], [ 107.555316, -6.928209 ], [ 107.555306, -6.928205 ], [ 107.554904, -6.928023 ], [ 107.554852, -6.928 ], [ 107.554852, -6.928 ], [ 107.554807, -6.927979 ], [ 107.554791, -6.927972 ], [ 107.554699, -6.927929 ], [ 107.554637, -6.927889 ], [ 107.554631, -6.927886 ], [ 107.554598, -6.927871 ], [ 107.554596, -6.92787 ], [ 107.554551, -6.927848 ], [ 107.554547, -6.927846 ], [ 107.55453, -6.927838 ], [ 107.554488, -6.927818 ], [ 107.554416, -6.927784 ], [ 107.554343, -6.927739 ], [ 107.554248, -6.92768 ], [ 107.554097, -6.927601 ], [ 107.554016, -6.92756 ], [ 107.554016, -6.927559 ], [ 107.553911, -6.927505 ], [ 107.553898, -6.927498 ], [ 107.553809, -6.927434 ], [ 107.553792, -6.927425 ], [ 107.553728, -6.92739 ], [ 107.553537, -6.927285 ], [ 107.553394, -6.927206 ], [ 107.553305, -6.927159 ], [ 107.553202, -6.927105 ], [ 107.552977, -6.926986 ], [ 107.552767, -6.926874 ], [ 107.552736, -6.926858 ], [ 107.552421, -6.926689 ], [ 107.552375, -6.926664 ], [ 107.55219, -6.926563 ], [ 107.55217, -6.926552 ], [ 107.552155, -6.926545 ], [ 107.552039, -6.926491 ], [ 107.551828, -6.926393 ], [ 107.551687, -6.926315 ], [ 107.551627, -6.926283 ], [ 107.551602, -6.926263 ], [ 107.551236, -6.925985 ], [ 107.551139, -6.925918 ], [ 107.5511, -6.925892 ], [ 107.551064, -6.925866 ], [ 107.551026, -6.92584 ], [ 107.550951, -6.925789 ], [ 107.550947, -6.925786 ], [ 107.550935, -6.925778 ], [ 107.55093, -6.925774 ], [ 107.550921, -6.925767 ], [ 107.550899, -6.925751 ], [ 107.550727, -6.925619 ], [ 107.550631, -6.925546 ], [ 107.550561, -6.925605 ], [ 107.550481, -6.925671 ], [ 107.550469, -6.92568 ], [ 107.550428, -6.925709 ], [ 107.550348, -6.925765 ], [ 107.550279, -6.925863 ], [ 107.550259, -6.925969 ], [ 107.550257, -6.925977 ], [ 107.550257, -6.925978 ], [ 107.550242, -6.926059 ], [ 107.550247, -6.926112 ], [ 107.550233, -6.92626 ], [ 107.550229, -6.926301 ], [ 107.550158, -6.926421 ], [ 107.550125, -6.926468 ], [ 107.550114, -6.926484 ], [ 107.550086, -6.926525 ], [ 107.550046, -6.926581 ], [ 107.550007, -6.926638 ], [ 107.550003, -6.926643 ], [ 107.550002, -6.926653 ], [ 107.549979, -6.926779 ], [ 107.549962, -6.926887 ], [ 107.549937, -6.927027 ], [ 107.54983, -6.927132 ], [ 107.549827, -6.927135 ], [ 107.549586, -6.927219 ], [ 107.549534, -6.927232 ], [ 107.549486, -6.927245 ], [ 107.549386, -6.927252 ], [ 107.549374, -6.927251 ], [ 107.549227, -6.927236 ], [ 107.549217, -6.927235 ], [ 107.549102, -6.927217 ], [ 107.549077, -6.927213 ], [ 107.548933, -6.927161 ], [ 107.548844, -6.927141 ], [ 107.54871, -6.927109 ], [ 107.548695, -6.927103 ], [ 107.548534, -6.927042 ], [ 107.548329, -6.926964 ], [ 107.548113, -6.926872 ], [ 107.54808, -6.926807 ], [ 107.548075, -6.926798 ], [ 107.548048, -6.926754 ], [ 107.54799, -6.926718 ], [ 107.547948, -6.926712 ], [ 107.547818, -6.926694 ], [ 107.547757, -6.92668 ], [ 107.547595, -6.926664 ], [ 107.547428, -6.926605 ], [ 107.547386, -6.926563 ], [ 107.54723, -6.926546 ], [ 107.547131, -6.926547 ], [ 107.547014, -6.926529 ], [ 107.546949, -6.926523 ], [ 107.546929, -6.926521 ], [ 107.546887, -6.926559 ], [ 107.546854, -6.92667 ], [ 107.546826, -6.926764 ], [ 107.546816, -6.9268 ], [ 107.546789, -6.926868 ], [ 107.546787, -6.926881 ], [ 107.546782, -6.926904 ], [ 107.546769, -6.926973 ], [ 107.546742, -6.927036 ], [ 107.546641, -6.927013 ], [ 107.546627, -6.92701 ], [ 107.546535, -6.926989 ], [ 107.546428, -6.926981 ], [ 107.546443, -6.927103 ], [ 107.5463, -6.927116 ], [ 107.546123, -6.927072 ], [ 107.54592, -6.927044 ], [ 107.545732, -6.926974 ], [ 107.545641, -6.926897 ], [ 107.545576, -6.926841 ], [ 107.545507, -6.926631 ], [ 107.545504, -6.926621 ], [ 107.545492, -6.926585 ], [ 107.545299, -6.925996 ], [ 107.545282, -6.925973 ], [ 107.545255, -6.92593 ], [ 107.54525, -6.925925 ], [ 107.545194, -6.925617 ], [ 107.54518, -6.925541 ], [ 107.545176, -6.925529 ], [ 107.545175, -6.925518 ], [ 107.545168, -6.92549 ], [ 107.545124, -6.925305 ], [ 107.545101, -6.925234 ], [ 107.545073, -6.925181 ], [ 107.545069, -6.925174 ], [ 107.545059, -6.925156 ], [ 107.545045, -6.925135 ], [ 107.545016, -6.925101 ], [ 107.545011, -6.925058 ], [ 107.54499, -6.924884 ], [ 107.544971, -6.924722 ], [ 107.544961, -6.924644 ], [ 107.54496, -6.924639 ], [ 107.544959, -6.924629 ], [ 107.544943, -6.924524 ], [ 107.544931, -6.924449 ], [ 107.544893, -6.924201 ], [ 107.544892, -6.924199 ], [ 107.544853, -6.923946 ], [ 107.544841, -6.923864 ], [ 107.544821, -6.923728 ], [ 107.544814, -6.923704 ], [ 107.544813, -6.923696 ], [ 107.544811, -6.923679 ], [ 107.544803, -6.92366 ], [ 107.544792, -6.923636 ], [ 107.544789, -6.92363 ], [ 107.544779, -6.923607 ], [ 107.54466, -6.923336 ], [ 107.544613, -6.923065 ], [ 107.544535, -6.922655 ], [ 107.544524, -6.922605 ], [ 107.544485, -6.922433 ], [ 107.544482, -6.922421 ], [ 107.544334, -6.922445 ], [ 107.544307, -6.922449 ], [ 107.544141, -6.922471 ], [ 107.544056, -6.922482 ], [ 107.543888, -6.922503 ], [ 107.543867, -6.922506 ], [ 107.543776, -6.922518 ], [ 107.543685, -6.922519 ], [ 107.543551, -6.92252 ], [ 107.543433, -6.922394 ], [ 107.54276, -6.921668 ], [ 107.542594, -6.921507 ], [ 107.542492, -6.921408 ], [ 107.542379, -6.921312 ], [ 107.542375, -6.921282 ], [ 107.542373, -6.921269 ], [ 107.542369, -6.921236 ], [ 107.542364, -6.921198 ], [ 107.542345, -6.921048 ], [ 107.542332, -6.920946 ], [ 107.542372, -6.920745 ], [ 107.542409, -6.920561 ], [ 107.542415, -6.920527 ], [ 107.542477, -6.920221 ], [ 107.542806, -6.919842 ], [ 107.542902, -6.919626 ], [ 107.543035, -6.919195 ], [ 107.543092, -6.919134 ], [ 107.543124, -6.919099 ], [ 107.543181, -6.919038 ], [ 107.543272, -6.918938 ], [ 107.543314, -6.918893 ], [ 107.54341, -6.91885 ], [ 107.543475, -6.918822 ], [ 107.54351, -6.918806 ], [ 107.54357, -6.918779 ], [ 107.543717, -6.918744 ], [ 107.54374, -6.918739 ], [ 107.543853, -6.918711 ], [ 107.543876, -6.9187 ], [ 107.543925, -6.918675 ], [ 107.543978, -6.918649 ], [ 107.543986, -6.918644 ], [ 107.544107, -6.918563 ], [ 107.544161, -6.918521 ], [ 107.544178, -6.918508 ], [ 107.54425, -6.918452 ], [ 107.544345, -6.918373 ], [ 107.544388, -6.918309 ], [ 107.544462, -6.9182 ], [ 107.544512, -6.918102 ], [ 107.544519, -6.918062 ], [ 107.544558, -6.917847 ], [ 107.544681, -6.917846 ], [ 107.544808, -6.917845 ], [ 107.544848, -6.917845 ], [ 107.544934, -6.917844 ], [ 107.544972, -6.917844 ], [ 107.544992, -6.917844 ], [ 107.545038, -6.917843 ], [ 107.545028, -6.918042 ], [ 107.545031, -6.918043 ], [ 107.545047, -6.918046 ], [ 107.545271, -6.918091 ], [ 107.545236, -6.91815 ], [ 107.545183, -6.918185 ], [ 107.545113, -6.918231 ], [ 107.545079, -6.91827 ], [ 107.544992, -6.918461 ], [ 107.545001, -6.918562 ], [ 107.544932, -6.918564 ], [ 107.54499, -6.919049 ], [ 107.545093, -6.919024 ], [ 107.545058, -6.919417 ], [ 107.545275, -6.919441 ], [ 107.545301, -6.919546 ], [ 107.545358, -6.919638 ], [ 107.54536, -6.91964 ], [ 107.545407, -6.919687 ], [ 107.54556, -6.919761 ], [ 107.545596, -6.919758 ], [ 107.545659, -6.919696 ], [ 107.545682, -6.919674 ], [ 107.545702, -6.919655 ], [ 107.545734, -6.919592 ], [ 107.545737, -6.919586 ], [ 107.545754, -6.919552 ], [ 107.545764, -6.919533 ], [ 107.54579, -6.919481 ], [ 107.545814, -6.919466 ], [ 107.545878, -6.919424 ], [ 107.545912, -6.919418 ], [ 107.545938, -6.919414 ], [ 107.546002, -6.919402 ], [ 107.546037, -6.919375 ], [ 107.546077, -6.919335 ], [ 107.546117, -6.91927 ], [ 107.54615, -6.919214 ], [ 107.546178, -6.919153 ], [ 107.546207, -6.919079 ], [ 107.546233, -6.91897 ], [ 107.546249, -6.918902 ], [ 107.546256, -6.918875 ], [ 107.546268, -6.918826 ], [ 107.54634, -6.918565 ], [ 107.546347, -6.918542 ], [ 107.546384, -6.918421 ], [ 107.546412, -6.918331 ], [ 107.546438, -6.918295 ], [ 107.546444, -6.918287 ], [ 107.546454, -6.918273 ], [ 107.546468, -6.918254 ], [ 107.546474, -6.91825 ], [ 107.546498, -6.918236 ], [ 107.546572, -6.918193 ], [ 107.546641, -6.91818 ], [ 107.546665, -6.918175 ], [ 107.546783, -6.918153 ], [ 107.546822, -6.918146 ], [ 107.54686, -6.918138 ], [ 107.546934, -6.918123 ], [ 107.546991, -6.918116 ], [ 107.547014, -6.918113 ], [ 107.54711, -6.918103 ], [ 107.547156, -6.918098 ], [ 107.547169, -6.918096 ], [ 107.54721, -6.918092 ], [ 107.547217, -6.918086 ], [ 107.547249, -6.918062 ], [ 107.547328, -6.918001 ], [ 107.547334, -6.917997 ], [ 107.547347, -6.917987 ], [ 107.54743, -6.917923 ], [ 107.547462, -6.917899 ], [ 107.547524, -6.917851 ], [ 107.547587, -6.917803 ], [ 107.547595, -6.917788 ], [ 107.547737, -6.91751 ], [ 107.547759, -6.917446 ], [ 107.547766, -6.917427 ], [ 107.547808, -6.917222 ], [ 107.547915, -6.916703 ], [ 107.547942, -6.91633 ], [ 107.547953, -6.916265 ], [ 107.547977, -6.916117 ], [ 107.548011, -6.916039 ], [ 107.548051, -6.915946 ], [ 107.548093, -6.915754 ], [ 107.54807, -6.915586 ], [ 107.548004, -6.915527 ], [ 107.547959, -6.915488 ], [ 107.547852, -6.915394 ], [ 107.547825, -6.915018 ], [ 107.547859, -6.914887 ], [ 107.547873, -6.914833 ], [ 107.547906, -6.914619 ], [ 107.547978, -6.914518 ], [ 107.548011, -6.914472 ], [ 107.548061, -6.914403 ], [ 107.548268, -6.914243 ], [ 107.548321, -6.914158 ], [ 107.548309, -6.914072 ], [ 107.548261, -6.914006 ], [ 107.54821, -6.913934 ], [ 107.548226, -6.913796 ], [ 107.548271, -6.913748 ], [ 107.548393, -6.91362 ], [ 107.5484, -6.913617 ], [ 107.548415, -6.913612 ], [ 107.548727, -6.913494 ], [ 107.548979, -6.913451 ], [ 107.549, -6.913447 ], [ 107.549157, -6.913465 ], [ 107.549228, -6.913473 ], [ 107.549349, -6.913477 ], [ 107.54945, -6.913473 ], [ 107.549543, -6.913469 ], [ 107.549636, -6.913466 ], [ 107.549724, -6.913421 ], [ 107.54978, -6.913371 ], [ 107.549851, -6.913294 ], [ 107.549868, -6.913211 ], [ 107.549927, -6.913214 ], [ 107.550002, -6.913205 ], [ 107.550109, -6.913197 ], [ 107.549772, -6.914199 ], [ 107.549619, -6.914633 ], [ 107.549524, -6.914901 ], [ 107.549496, -6.914981 ], [ 107.549448, -6.915115 ], [ 107.549444, -6.915127 ], [ 107.549413, -6.915215 ], [ 107.549382, -6.915305 ], [ 107.549379, -6.915311 ], [ 107.549358, -6.91537 ], [ 107.549335, -6.915437 ], [ 107.549351, -6.915468 ], [ 107.549385, -6.915535 ], [ 107.549443, -6.915562 ], [ 107.549457, -6.915569 ], [ 107.549541, -6.915608 ], [ 107.549556, -6.915616 ], [ 107.549588, -6.915631 ], [ 107.549624, -6.915648 ], [ 107.549644, -6.915657 ], [ 107.549713, -6.91569 ], [ 107.549877, -6.915768 ], [ 107.549877, -6.915768 ], [ 107.549897, -6.915777 ], [ 107.550164, -6.915904 ], [ 107.550561, -6.916092 ], [ 107.550611, -6.916115 ], [ 107.550814, -6.916211 ], [ 107.550859, -6.916233 ], [ 107.550954, -6.916278 ], [ 107.551, -6.916352 ], [ 107.550993, -6.916414 ], [ 107.550969, -6.916625 ], [ 107.550948, -6.916818 ], [ 107.550946, -6.916829 ], [ 107.550946, -6.916837 ], [ 107.550938, -6.916901 ], [ 107.55093, -6.916972 ], [ 107.551002, -6.916974 ], [ 107.551163, -6.916978 ], [ 107.551289, -6.916982 ], [ 107.551341, -6.916983 ], [ 107.55136, -6.916983 ], [ 107.551361, -6.916983 ], [ 107.551422, -6.916985 ], [ 107.551446, -6.916986 ], [ 107.551483, -6.916987 ], [ 107.551519, -6.916988 ], [ 107.551529, -6.916984 ], [ 107.551587, -6.916962 ], [ 107.551648, -6.916939 ], [ 107.551654, -6.916937 ], [ 107.551699, -6.91692 ], [ 107.551736, -6.916906 ], [ 107.551745, -6.916883 ], [ 107.551777, -6.916803 ], [ 107.551783, -6.916789 ], [ 107.551995, -6.916605 ], [ 107.552014, -6.916589 ], [ 107.552034, -6.916524 ], [ 107.552062, -6.916477 ], [ 107.552067, -6.916468 ], [ 107.552096, -6.916418 ], [ 107.552128, -6.916273 ], [ 107.552162, -6.91619 ], [ 107.552164, -6.916185 ], [ 107.552192, -6.916116 ], [ 107.552223, -6.916038 ], [ 107.552244, -6.915986 ], [ 107.552245, -6.915984 ], [ 107.552273, -6.915944 ], [ 107.5523, -6.915905 ], [ 107.552326, -6.915843 ], [ 107.552356, -6.915769 ], [ 107.552408, -6.915717 ], [ 107.552441, -6.915683 ], [ 107.552447, -6.915671 ], [ 107.552486, -6.915599 ], [ 107.552533, -6.915513 ], [ 107.552538, -6.915504 ], [ 107.552582, -6.915421 ], [ 107.55261, -6.91537 ], [ 107.552628, -6.915335 ], [ 107.552646, -6.915303 ], [ 107.552694, -6.915213 ], [ 107.552704, -6.91517 ], [ 107.552704, -6.915164 ], [ 107.552703, -6.915115 ], [ 107.552702, -6.915102 ], [ 107.552701, -6.915037 ], [ 107.552699, -6.914988 ], [ 107.552699, -6.91496 ], [ 107.552724, -6.914901 ], [ 107.552731, -6.914886 ], [ 107.552713, -6.914781 ], [ 107.552679, -6.914754 ], [ 107.552633, -6.914719 ], [ 107.552563, -6.914575 ], [ 107.55263, -6.914429 ], [ 107.552635, -6.914417 ], [ 107.552681, -6.914406 ], [ 107.552697, -6.914402 ], [ 107.552756, -6.914431 ], [ 107.552767, -6.914437 ], [ 107.552817, -6.914444 ], [ 107.552844, -6.914441 ], [ 107.552862, -6.914439 ], [ 107.552907, -6.914402 ], [ 107.552911, -6.914399 ], [ 107.552937, -6.914377 ], [ 107.552941, -6.914363 ], [ 107.552954, -6.914325 ], [ 107.55297, -6.914276 ], [ 107.552991, -6.914212 ], [ 107.553218, -6.914067 ], [ 107.553244, -6.914024 ], [ 107.553247, -6.91402 ], [ 107.553291, -6.913998 ], [ 107.553292, -6.913997 ], [ 107.553356, -6.913907 ], [ 107.553385, -6.913866 ], [ 107.553447, -6.913779 ], [ 107.553481, -6.913731 ], [ 107.5535, -6.913705 ], [ 107.553574, -6.9136 ], [ 107.553602, -6.913562 ], [ 107.55362, -6.913536 ], [ 107.553622, -6.913533 ], [ 107.553629, -6.913523 ], [ 107.553656, -6.913485 ], [ 107.553793, -6.913293 ], [ 107.5538, -6.913283 ], [ 107.55382, -6.913254 ], [ 107.553847, -6.913216 ], [ 107.553875, -6.913177 ], [ 107.553877, -6.913174 ], [ 107.553986, -6.913021 ], [ 107.553988, -6.913018 ], [ 107.554013, -6.912983 ], [ 107.55404, -6.912944 ], [ 107.554066, -6.912909 ], [ 107.554259, -6.912637 ], [ 107.554265, -6.912629 ], [ 107.554368, -6.912484 ], [ 107.554657, -6.912295 ], [ 107.554674, -6.912284 ], [ 107.554752, -6.912234 ], [ 107.554754, -6.912232 ], [ 107.554802, -6.912201 ], [ 107.554884, -6.912147 ], [ 107.5549, -6.912137 ], [ 107.554906, -6.912133 ], [ 107.554968, -6.912109 ], [ 107.554997, -6.912098 ], [ 107.555027, -6.912131 ], [ 107.55504, -6.912146 ], [ 107.55514, -6.912254 ], [ 107.555152, -6.912267 ], [ 107.555648, -6.912805 ], [ 107.555671, -6.912829 ], [ 107.555781, -6.912951 ], [ 107.55585, -6.91301 ], [ 107.555917, -6.913068 ], [ 107.555944, -6.913091 ], [ 107.555955, -6.9131 ], [ 107.555988, -6.913128 ], [ 107.556112, -6.913234 ], [ 107.556319, -6.913411 ], [ 107.556321, -6.913413 ], [ 107.556429, -6.913505 ], [ 107.556444, -6.913517 ], [ 107.556509, -6.913573 ], [ 107.556647, -6.913691 ], [ 107.556833, -6.91385 ], [ 107.556977, -6.913973 ], [ 107.557026, -6.914015 ], [ 107.557044, -6.91403 ], [ 107.557121, -6.914096 ], [ 107.557127, -6.914101 ], [ 107.557191, -6.913997 ], [ 107.557211, -6.913964 ], [ 107.557259, -6.913885 ], [ 107.557401, -6.913981 ], [ 107.557478, -6.914034 ], [ 107.557502, -6.91405 ], [ 107.557508, -6.914054 ], [ 107.557596, -6.914117 ], [ 107.557604, -6.914123 ], [ 107.557616, -6.914131 ], [ 107.557705, -6.914197 ], [ 107.557856, -6.914309 ], [ 107.558154, -6.91453 ], [ 107.558314, -6.914262 ], [ 107.558334, -6.914228 ], [ 107.558457, -6.914077 ], [ 107.558461, -6.914072 ], [ 107.558521, -6.913999 ], [ 107.558528, -6.913991 ], [ 107.55858, -6.913926 ], [ 107.558591, -6.91391 ], [ 107.558633, -6.913846 ], [ 107.558644, -6.913829 ], [ 107.558686, -6.913765 ], [ 107.558754, -6.913659 ], [ 107.558765, -6.913643 ], [ 107.558778, -6.913652 ], [ 107.558829, -6.913684 ], [ 107.55887, -6.913711 ], [ 107.558966, -6.913772 ], [ 107.559134, -6.91388 ], [ 107.559151, -6.913891 ], [ 107.559242, -6.913954 ], [ 107.559455, -6.914102 ], [ 107.559463, -6.914107 ], [ 107.559555, -6.914171 ], [ 107.559706, -6.914275 ], [ 107.559862, -6.914383 ], [ 107.559871, -6.91439 ], [ 107.559899, -6.914409 ], [ 107.55993, -6.914431 ], [ 107.559952, -6.914446 ], [ 107.56006, -6.914541 ], [ 107.560105, -6.914581 ], [ 107.560206, -6.914671 ], [ 107.560223, -6.914686 ], [ 107.560227, -6.91469 ], [ 107.560255, -6.914715 ], [ 107.560223, -6.914754 ], [ 107.560135, -6.914863 ], [ 107.560091, -6.914917 ], [ 107.560058, -6.914958 ], [ 107.559973, -6.915062 ], [ 107.559906, -6.915146 ], [ 107.559834, -6.915234 ], [ 107.559732, -6.91536 ], [ 107.559708, -6.91539 ], [ 107.559628, -6.915489 ], [ 107.559566, -6.915566 ], [ 107.559561, -6.915572 ], [ 107.559673, -6.915661 ], [ 107.55983, -6.915786 ], [ 107.559849, -6.915801 ], [ 107.559948, -6.91588 ], [ 107.559951, -6.915882 ], [ 107.560029, -6.915944 ], [ 107.560129, -6.916023 ], [ 107.560086, -6.916078 ], [ 107.56008, -6.916086 ], [ 107.560012, -6.916171 ], [ 107.560012, -6.916172 ], [ 107.559992, -6.916197 ], [ 107.559945, -6.916257 ], [ 107.559944, -6.916259 ], [ 107.559867, -6.916356 ], [ 107.559684, -6.916588 ], [ 107.559702, -6.916603 ], [ 107.559876, -6.916742 ], [ 107.560284, -6.917069 ], [ 107.560368, -6.917137 ], [ 107.560813, -6.917493 ], [ 107.56093, -6.917587 ], [ 107.56094, -6.917595 ], [ 107.561055, -6.917688 ], [ 107.561118, -6.917738 ], [ 107.561198, -6.917574 ], [ 107.561274, -6.917419 ], [ 107.561281, -6.917403 ], [ 107.561332, -6.9173 ], [ 107.561337, -6.917289 ], [ 107.561412, -6.917134 ], [ 107.561424, -6.917111 ], [ 107.561463, -6.91703 ], [ 107.561495, -6.916987 ], [ 107.561523, -6.916949 ], [ 107.561598, -6.916847 ], [ 107.561644, -6.916792 ], [ 107.561675, -6.916755 ], [ 107.561754, -6.916666 ], [ 107.561774, -6.916642 ], [ 107.561785, -6.91663 ], [ 107.561844, -6.916563 ], [ 107.561894, -6.916529 ], [ 107.561925, -6.916507 ], [ 107.561935, -6.916501 ], [ 107.562019, -6.916444 ], [ 107.562035, -6.916433 ], [ 107.562035, -6.916423 ], [ 107.562035, -6.916368 ], [ 107.562034, -6.916253 ], [ 107.562034, -6.916225 ], [ 107.562034, -6.916183 ], [ 107.562034, -6.916181 ], [ 107.562034, -6.916111 ], [ 107.562034, -6.916075 ], [ 107.562034, -6.915974 ], [ 107.562034, -6.915947 ], [ 107.562033, -6.915918 ], [ 107.562033, -6.915896 ], [ 107.562098, -6.915863 ], [ 107.562101, -6.915861 ], [ 107.562143, -6.915839 ], [ 107.562272, -6.915771 ], [ 107.562364, -6.915679 ], [ 107.562627, -6.915418 ], [ 107.562646, -6.915399 ], [ 107.562667, -6.915378 ], [ 107.562663, -6.915372 ], [ 107.56248, -6.915133 ], [ 107.562453, -6.915099 ], [ 107.562418, -6.915053 ], [ 107.562414, -6.915048 ], [ 107.562402, -6.915014 ], [ 107.562401, -6.915011 ], [ 107.562365, -6.914912 ], [ 107.562353, -6.914877 ], [ 107.562312, -6.914764 ], [ 107.562286, -6.914692 ], [ 107.562256, -6.914608 ], [ 107.562337, -6.914578 ], [ 107.56238, -6.914562 ], [ 107.56239, -6.914536 ], [ 107.562434, -6.914412 ], [ 107.562498, -6.914233 ], [ 107.562623, -6.913881 ], [ 107.562657, -6.913787 ], [ 107.562661, -6.913774 ], [ 107.56268, -6.913723 ], [ 107.56269, -6.913695 ], [ 107.562704, -6.913656 ], [ 107.562725, -6.913595 ], [ 107.562739, -6.913557 ], [ 107.562745, -6.913541 ], [ 107.562759, -6.913501 ], [ 107.562773, -6.913461 ], [ 107.562792, -6.913408 ], [ 107.562802, -6.913382 ], [ 107.562862, -6.913213 ], [ 107.562881, -6.913158 ], [ 107.562897, -6.913113 ], [ 107.562972, -6.912905 ], [ 107.562984, -6.91287 ], [ 107.563031, -6.912738 ], [ 107.56314, -6.912766 ], [ 107.563172, -6.912633 ], [ 107.563183, -6.912584 ], [ 107.563197, -6.912526 ], [ 107.563221, -6.912427 ], [ 107.563241, -6.912341 ], [ 107.563251, -6.9123 ], [ 107.563256, -6.912279 ], [ 107.563272, -6.912214 ], [ 107.563281, -6.912176 ], [ 107.563339, -6.911932 ], [ 107.563306, -6.911916 ], [ 107.563249, -6.91189 ], [ 107.563205, -6.911869 ], [ 107.563182, -6.911858 ], [ 107.563194, -6.911825 ], [ 107.563222, -6.911745 ], [ 107.563327, -6.911441 ], [ 107.563354, -6.911363 ], [ 107.563404, -6.911222 ], [ 107.56342, -6.911173 ], [ 107.563425, -6.911161 ], [ 107.56344, -6.911169 ], [ 107.563491, -6.911197 ], [ 107.563532, -6.911218 ], [ 107.563535, -6.91122 ], [ 107.563553, -6.91123 ], [ 107.563568, -6.911238 ], [ 107.563605, -6.911257 ], [ 107.563621, -6.911266 ], [ 107.563704, -6.91131 ], [ 107.56384, -6.911383 ], [ 107.563944, -6.911438 ], [ 107.564054, -6.911497 ], [ 107.564063, -6.911502 ], [ 107.564104, -6.911524 ], [ 107.564143, -6.911545 ], [ 107.56424, -6.911596 ], [ 107.564311, -6.911635 ], [ 107.564335, -6.911647 ], [ 107.564463, -6.911715 ], [ 107.564498, -6.911734 ], [ 107.564537, -6.911755 ], [ 107.564574, -6.911775 ], [ 107.564642, -6.911812 ], [ 107.564817, -6.911906 ], [ 107.564919, -6.911961 ], [ 107.564991, -6.912006 ], [ 107.565081, -6.912062 ], [ 107.565143, -6.9121 ], [ 107.565226, -6.912152 ], [ 107.565282, -6.912187 ], [ 107.565294, -6.912193 ], [ 107.565298, -6.912195 ], [ 107.565395, -6.912247 ], [ 107.565423, -6.912262 ], [ 107.565476, -6.91229 ], [ 107.565482, -6.912293 ], [ 107.565479, -6.912294 ], [ 107.565475, -6.912297 ], [ 107.565396, -6.912365 ], [ 107.565354, -6.912401 ], [ 107.565344, -6.912417 ], [ 107.565306, -6.912482 ], [ 107.565313, -6.912573 ] ] ] } },
{ "type": "Feature", "properties": { "KECAMATAN": "Cimahi Selatan", "KELURAHAN": "Kel. Utama" }, "geometry": { "type": "Polygon", "coordinates": [ [ [ 107.537362, -6.894752 ], [ 107.537399, -6.894767 ], [ 107.537449, -6.894698 ], [ 107.537468, -6.894707 ], [ 107.537496, -6.894719 ], [ 107.537519, -6.894729 ], [ 107.537591, -6.89476 ], [ 107.537608, -6.894768 ], [ 107.537743, -6.894827 ], [ 107.537798, -6.894851 ], [ 107.537785, -6.894936 ], [ 107.537776, -6.895002 ], [ 107.537752, -6.895166 ], [ 107.537714, -6.895427 ], [ 107.537712, -6.895484 ], [ 107.537711, -6.895522 ], [ 107.537709, -6.895637 ], [ 107.537709, -6.895654 ], [ 107.537708, -6.895727 ], [ 107.537707, -6.895792 ], [ 107.537706, -6.895868 ], [ 107.537706, -6.89587 ], [ 107.537704, -6.896013 ], [ 107.537704, -6.896022 ], [ 107.537815, -6.896031 ], [ 107.537858, -6.896035 ], [ 107.538008, -6.896048 ], [ 107.538031, -6.89605 ], [ 107.538109, -6.896057 ], [ 107.538106, -6.896077 ], [ 107.538104, -6.896086 ], [ 107.538088, -6.896186 ], [ 107.538083, -6.896215 ], [ 107.538077, -6.896252 ], [ 107.538052, -6.896411 ], [ 107.538071, -6.896708 ], [ 107.538016, -6.896943 ], [ 107.538019, -6.896965 ], [ 107.538026, -6.897 ], [ 107.538046, -6.897113 ], [ 107.537929, -6.897297 ], [ 107.53791, -6.897327 ], [ 107.537892, -6.897355 ], [ 107.537878, -6.897376 ], [ 107.537823, -6.897462 ], [ 107.537776, -6.897537 ], [ 107.537607, -6.897804 ], [ 107.5376, -6.89789 ], [ 107.537581, -6.898151 ], [ 107.53758, -6.898156 ], [ 107.537554, -6.898507 ], [ 107.537668, -6.898553 ], [ 107.538064, -6.898713 ], [ 107.53819, -6.898764 ], [ 107.538268, -6.898795 ], [ 107.538269, -6.898795 ], [ 107.538307, -6.898811 ], [ 107.538483, -6.898882 ], [ 107.53853, -6.898901 ], [ 107.538661, -6.898954 ], [ 107.538778, -6.899001 ], [ 107.538811, -6.899014 ], [ 107.53902, -6.899099 ], [ 107.539106, -6.899094 ], [ 107.53956, -6.89907 ], [ 107.540146, -6.899039 ], [ 107.54034, -6.899029 ], [ 107.540679, -6.899011 ], [ 107.540724, -6.899009 ], [ 107.54086, -6.899002 ], [ 107.541008, -6.899073 ], [ 107.541085, -6.89911 ], [ 107.541172, -6.899151 ], [ 107.541175, -6.899153 ], [ 107.541177, -6.899154 ], [ 107.541391, -6.899256 ], [ 107.541438, -6.899279 ], [ 107.541487, -6.899307 ], [ 107.541593, -6.899369 ], [ 107.541607, -6.899378 ], [ 107.541781, -6.89948 ], [ 107.541818, -6.899504 ], [ 107.542003, -6.899627 ], [ 107.54203, -6.899645 ], [ 107.542108, -6.899696 ], [ 107.542237, -6.899756 ], [ 107.542237, -6.899756 ], [ 107.54235, -6.899808 ], [ 107.542351, -6.899809 ], [ 107.542376, -6.899821 ], [ 107.542394, -6.899829 ], [ 107.542649, -6.899933 ], [ 107.542688, -6.899949 ], [ 107.542804, -6.899996 ], [ 107.542812, -6.899997 ], [ 107.543098, -6.900018 ], [ 107.543286, -6.900032 ], [ 107.543367, -6.900046 ], [ 107.543444, -6.90006 ], [ 107.543582, -6.900073 ], [ 107.54377, -6.900092 ], [ 107.543818, -6.900042 ], [ 107.543899, -6.899958 ], [ 107.543924, -6.899932 ], [ 107.543939, -6.899916 ], [ 107.543942, -6.899913 ], [ 107.543953, -6.899901 ], [ 107.543976, -6.899823 ], [ 107.543981, -6.899806 ], [ 107.543987, -6.899786 ], [ 107.544003, -6.899729 ], [ 107.544017, -6.899701 ], [ 107.544088, -6.899556 ], [ 107.544096, -6.899539 ], [ 107.544363, -6.899512 ], [ 107.54441, -6.899654 ], [ 107.544427, -6.899708 ], [ 107.544401, -6.899841 ], [ 107.544402, -6.900193 ], [ 107.544477, -6.90044 ], [ 107.544607, -6.90073 ], [ 107.544612, -6.900857 ], [ 107.544614, -6.900908 ], [ 107.544578, -6.90105 ], [ 107.544557, -6.901133 ], [ 107.544551, -6.901157 ], [ 107.544574, -6.901149 ], [ 107.544671, -6.901119 ], [ 107.544835, -6.901068 ], [ 107.544964, -6.901027 ], [ 107.545094, -6.900986 ], [ 107.545198, -6.900954 ], [ 107.545258, -6.900935 ], [ 107.545307, -6.900919 ], [ 107.54532, -6.900915 ], [ 107.545451, -6.900874 ], [ 107.545459, -6.900872 ], [ 107.54614, -6.900658 ], [ 107.54683, -6.900441 ], [ 107.546852, -6.900434 ], [ 107.54686, -6.900432 ], [ 107.546871, -6.900428 ], [ 107.546978, -6.900395 ], [ 107.547039, -6.900375 ], [ 107.547048, -6.900373 ], [ 107.547058, -6.90037 ], [ 107.547104, -6.900355 ], [ 107.54716, -6.900338 ], [ 107.547176, -6.900333 ], [ 107.547286, -6.900298 ], [ 107.547303, -6.900293 ], [ 107.547317, -6.900288 ], [ 107.547347, -6.900279 ], [ 107.547365, -6.900273 ], [ 107.547375, -6.90027 ], [ 107.547447, -6.900248 ], [ 107.547492, -6.900233 ], [ 107.547748, -6.900153 ], [ 107.547899, -6.900106 ], [ 107.548015, -6.900069 ], [ 107.548048, -6.900059 ], [ 107.548082, -6.900048 ], [ 107.548107, -6.90004 ], [ 107.548116, -6.900038 ], [ 107.548175, -6.900019 ], [ 107.548249, -6.899996 ], [ 107.548352, -6.899963 ], [ 107.548421, -6.899942 ], [ 107.548484, -6.899922 ], [ 107.548555, -6.8999 ], [ 107.548605, -6.899884 ], [ 107.548847, -6.899808 ], [ 107.548856, -6.899805 ], [ 107.548937, -6.89978 ], [ 107.549007, -6.899758 ], [ 107.549284, -6.899671 ], [ 107.549867, -6.899488 ], [ 107.549886, -6.899564 ], [ 107.549915, -6.899683 ], [ 107.54992, -6.899701 ], [ 107.549929, -6.899738 ], [ 107.549947, -6.899809 ], [ 107.54996, -6.899862 ], [ 107.549967, -6.899892 ], [ 107.549975, -6.899922 ], [ 107.55, -6.900024 ], [ 107.550011, -6.900066 ], [ 107.550011, -6.900067 ], [ 107.550014, -6.900081 ], [ 107.550015, -6.900086 ], [ 107.550022, -6.900111 ], [ 107.550021, -6.900126 ], [ 107.550021, -6.900128 ], [ 107.550017, -6.900192 ], [ 107.550011, -6.900311 ], [ 107.55001, -6.900313 ], [ 107.549899, -6.900453 ], [ 107.549818, -6.900539 ], [ 107.54976, -6.900593 ], [ 107.549697, -6.900652 ], [ 107.54961, -6.900717 ], [ 107.549561, -6.900737 ], [ 107.5494, -6.900778 ], [ 107.549395, -6.900779 ], [ 107.549378, -6.900783 ], [ 107.549345, -6.900791 ], [ 107.5493, -6.900803 ], [ 107.549272, -6.90081 ], [ 107.549272, -6.900813 ], [ 107.549265, -6.901082 ], [ 107.549271, -6.901082 ], [ 107.549376, -6.901081 ], [ 107.54938, -6.901081 ], [ 107.54949, -6.901081 ], [ 107.549453, -6.901311 ], [ 107.549475, -6.901379 ], [ 107.54954, -6.901581 ], [ 107.549632, -6.90151 ], [ 107.549675, -6.901393 ], [ 107.549716, -6.901283 ], [ 107.549769, -6.901056 ], [ 107.549795, -6.900888 ], [ 107.549951, -6.900774 ], [ 107.550073, -6.900816 ], [ 107.550091, -6.900822 ], [ 107.550123, -6.900992 ], [ 107.550115, -6.901011 ], [ 107.550023, -6.901214 ], [ 107.549937, -6.901412 ], [ 107.549929, -6.901431 ], [ 107.549838, -6.901637 ], [ 107.549738, -6.901749 ], [ 107.549583, -6.901963 ], [ 107.5496, -6.901997 ], [ 107.549657, -6.90211 ], [ 107.549714, -6.902335 ], [ 107.549681, -6.902473 ], [ 107.549673, -6.902508 ], [ 107.549632, -6.902592 ], [ 107.549607, -6.902641 ], [ 107.549481, -6.902746 ], [ 107.549273, -6.902846 ], [ 107.549073, -6.902934 ], [ 107.548908, -6.903108 ], [ 107.549027, -6.903379 ], [ 107.549059, -6.903505 ], [ 107.549067, -6.903561 ], [ 107.549091, -6.903736 ], [ 107.549076, -6.903961 ], [ 107.549038, -6.904198 ], [ 107.549035, -6.904208 ], [ 107.548885, -6.904648 ], [ 107.548795, -6.904833 ], [ 107.548776, -6.904873 ], [ 107.548738, -6.904951 ], [ 107.548707, -6.905015 ], [ 107.548625, -6.905138 ], [ 107.5485, -6.905326 ], [ 107.548421, -6.905533 ], [ 107.548398, -6.905594 ], [ 107.548537, -6.905643 ], [ 107.548693, -6.905698 ], [ 107.548801, -6.905736 ], [ 107.548807, -6.905738 ], [ 107.548996, -6.905805 ], [ 107.5492, -6.905863 ], [ 107.549433, -6.905835 ], [ 107.549624, -6.905536 ], [ 107.549751, -6.905421 ], [ 107.549778, -6.905397 ], [ 107.549849, -6.905409 ], [ 107.550055, -6.905442 ], [ 107.550068, -6.905444 ], [ 107.55014, -6.905483 ], [ 107.550202, -6.905515 ], [ 107.550286, -6.90556 ], [ 107.550371, -6.905605 ], [ 107.550387, -6.905614 ], [ 107.550473, -6.905659 ], [ 107.550616, -6.905735 ], [ 107.550626, -6.905667 ], [ 107.550641, -6.905564 ], [ 107.550663, -6.905419 ], [ 107.550669, -6.905377 ], [ 107.550705, -6.905137 ], [ 107.550708, -6.905125 ], [ 107.550715, -6.905102 ], [ 107.55073, -6.905053 ], [ 107.550765, -6.905011 ], [ 107.550788, -6.904983 ], [ 107.550834, -6.904993 ], [ 107.551078, -6.905045 ], [ 107.551289, -6.905091 ], [ 107.551376, -6.905109 ], [ 107.551598, -6.905157 ], [ 107.55173, -6.905185 ], [ 107.552081, -6.905261 ], [ 107.552096, -6.905264 ], [ 107.552095, -6.905266 ], [ 107.552074, -6.90533 ], [ 107.552034, -6.905449 ], [ 107.551962, -6.905667 ], [ 107.551937, -6.905742 ], [ 107.551842, -6.906029 ], [ 107.55177, -6.906078 ], [ 107.551667, -6.906148 ], [ 107.551592, -6.906198 ], [ 107.551531, -6.906335 ], [ 107.551455, -6.906623 ], [ 107.551445, -6.906676 ], [ 107.551433, -6.906741 ], [ 107.551468, -6.906749 ], [ 107.551474, -6.90675 ], [ 107.551639, -6.906786 ], [ 107.551828, -6.906827 ], [ 107.551951, -6.906852 ], [ 107.552242, -6.906762 ], [ 107.552284, -6.90675 ], [ 107.55236, -6.906726 ], [ 107.55236, -6.906727 ], [ 107.552297, -6.906756 ], [ 107.552231, -6.906787 ], [ 107.552219, -6.906792 ], [ 107.552219, -6.906811 ], [ 107.552213, -6.906939 ], [ 107.552147, -6.907027 ], [ 107.552139, -6.907037 ], [ 107.552105, -6.907049 ], [ 107.552011, -6.90708 ], [ 107.551968, -6.907195 ], [ 107.551986, -6.907261 ], [ 107.551991, -6.907271 ], [ 107.551995, -6.907278 ], [ 107.552007, -6.907301 ], [ 107.552028, -6.907343 ], [ 107.551986, -6.907439 ], [ 107.551972, -6.907471 ], [ 107.551972, -6.907471 ], [ 107.551916, -6.907597 ], [ 107.551863, -6.90779 ], [ 107.551797, -6.907915 ], [ 107.551791, -6.907928 ], [ 107.551722, -6.908059 ], [ 107.551687, -6.908121 ], [ 107.551633, -6.908219 ], [ 107.551621, -6.90824 ], [ 107.551611, -6.908258 ], [ 107.5516, -6.908278 ], [ 107.55156, -6.908357 ], [ 107.551523, -6.908429 ], [ 107.551497, -6.908559 ], [ 107.551308, -6.908604 ], [ 107.551219, -6.90863 ], [ 107.551174, -6.908643 ], [ 107.551104, -6.908659 ], [ 107.551071, -6.908667 ], [ 107.550937, -6.908769 ], [ 107.550846, -6.908838 ], [ 107.550741, -6.908998 ], [ 107.550635, -6.909081 ], [ 107.550542, -6.909182 ], [ 107.55052, -6.909206 ], [ 107.550467, -6.909297 ], [ 107.550411, -6.909472 ], [ 107.550405, -6.909491 ], [ 107.55038, -6.909554 ], [ 107.550329, -6.909683 ], [ 107.550238, -6.909842 ], [ 107.55021, -6.909892 ], [ 107.550191, -6.909925 ], [ 107.550211, -6.910042 ], [ 107.550233, -6.910177 ], [ 107.55026, -6.910273 ], [ 107.55028, -6.910344 ], [ 107.550281, -6.910346 ], [ 107.550282, -6.910352 ], [ 107.550324, -6.910551 ], [ 107.550333, -6.910628 ], [ 107.550342, -6.910706 ], [ 107.550348, -6.910751 ], [ 107.550343, -6.910855 ], [ 107.550339, -6.910958 ], [ 107.550315, -6.911086 ], [ 107.550312, -6.911093 ], [ 107.550227, -6.91127 ], [ 107.55022, -6.911363 ], [ 107.550208, -6.911552 ], [ 107.550195, -6.911746 ], [ 107.550115, -6.911955 ], [ 107.550107, -6.912145 ], [ 107.550106, -6.912157 ], [ 107.550046, -6.91231 ], [ 107.550002, -6.912486 ], [ 107.549999, -6.912501 ], [ 107.549981, -6.912617 ], [ 107.549978, -6.912632 ], [ 107.54995, -6.912778 ], [ 107.549851, -6.913294 ], [ 107.54978, -6.913371 ], [ 107.549724, -6.913421 ], [ 107.549636, -6.913466 ], [ 107.549543, -6.913469 ], [ 107.54945, -6.913473 ], [ 107.549349, -6.913477 ], [ 107.549228, -6.913473 ], [ 107.549157, -6.913465 ], [ 107.549, -6.913447 ], [ 107.548979, -6.913451 ], [ 107.548727, -6.913494 ], [ 107.548415, -6.913612 ], [ 107.5484, -6.913617 ], [ 107.548393, -6.91362 ], [ 107.548271, -6.913748 ], [ 107.548226, -6.913796 ], [ 107.54821, -6.913934 ], [ 107.548261, -6.914006 ], [ 107.548309, -6.914072 ], [ 107.548321, -6.914158 ], [ 107.548268, -6.914243 ], [ 107.548061, -6.914403 ], [ 107.548011, -6.914472 ], [ 107.547978, -6.914518 ], [ 107.547906, -6.914619 ], [ 107.547873, -6.914833 ], [ 107.547859, -6.914887 ], [ 107.547825, -6.915018 ], [ 107.547852, -6.915394 ], [ 107.547959, -6.915488 ], [ 107.548004, -6.915527 ], [ 107.54807, -6.915586 ], [ 107.548093, -6.915754 ], [ 107.548051, -6.915946 ], [ 107.548011, -6.916039 ], [ 107.547977, -6.916117 ], [ 107.547953, -6.916265 ], [ 107.547942, -6.91633 ], [ 107.547915, -6.916703 ], [ 107.547808, -6.917222 ], [ 107.547766, -6.917427 ], [ 107.547759, -6.917446 ], [ 107.547737, -6.91751 ], [ 107.547595, -6.917788 ], [ 107.547587, -6.917803 ], [ 107.547524, -6.917851 ], [ 107.547462, -6.917899 ], [ 107.54743, -6.917923 ], [ 107.547347, -6.917987 ], [ 107.547334, -6.917997 ], [ 107.547328, -6.918001 ], [ 107.547249, -6.918062 ], [ 107.547217, -6.918086 ], [ 107.54721, -6.918092 ], [ 107.547169, -6.918096 ], [ 107.547156, -6.918098 ], [ 107.54711, -6.918103 ], [ 107.547014, -6.918113 ], [ 107.546991, -6.918116 ], [ 107.546934, -6.918123 ], [ 107.54686, -6.918138 ], [ 107.546822, -6.918146 ], [ 107.546783, -6.918153 ], [ 107.546665, -6.918175 ], [ 107.546641, -6.91818 ], [ 107.546572, -6.918193 ], [ 107.546498, -6.918236 ], [ 107.546474, -6.91825 ], [ 107.546468, -6.918254 ], [ 107.546454, -6.918273 ], [ 107.546444, -6.918287 ], [ 107.546438, -6.918295 ], [ 107.546412, -6.918331 ], [ 107.546384, -6.918421 ], [ 107.546347, -6.918542 ], [ 107.54634, -6.918565 ], [ 107.546268, -6.918826 ], [ 107.546256, -6.918875 ], [ 107.546249, -6.918902 ], [ 107.546233, -6.91897 ], [ 107.546207, -6.919079 ], [ 107.546178, -6.919153 ], [ 107.54615, -6.919214 ], [ 107.546117, -6.91927 ], [ 107.546077, -6.919335 ], [ 107.546037, -6.919375 ], [ 107.546002, -6.919402 ], [ 107.545938, -6.919414 ], [ 107.545912, -6.919418 ], [ 107.545878, -6.919424 ], [ 107.545814, -6.919466 ], [ 107.54579, -6.919481 ], [ 107.545764, -6.919533 ], [ 107.545754, -6.919552 ], [ 107.545737, -6.919586 ], [ 107.545734, -6.919592 ], [ 107.545702, -6.919655 ], [ 107.545682, -6.919674 ], [ 107.545659, -6.919696 ], [ 107.545596, -6.919758 ], [ 107.54556, -6.919761 ], [ 107.545407, -6.919687 ], [ 107.54536, -6.91964 ], [ 107.545358, -6.919638 ], [ 107.545301, -6.919546 ], [ 107.545275, -6.919441 ], [ 107.545058, -6.919417 ], [ 107.545093, -6.919024 ], [ 107.54499, -6.919049 ], [ 107.544932, -6.918564 ], [ 107.545001, -6.918562 ], [ 107.544992, -6.918461 ], [ 107.545079, -6.91827 ], [ 107.545113, -6.918231 ], [ 107.545183, -6.918185 ], [ 107.545236, -6.91815 ], [ 107.545271, -6.918091 ], [ 107.545047, -6.918046 ], [ 107.545031, -6.918043 ], [ 107.545028, -6.918042 ], [ 107.545038, -6.917843 ], [ 107.544992, -6.917844 ], [ 107.544972, -6.917844 ], [ 107.544934, -6.917844 ], [ 107.544848, -6.917845 ], [ 107.544808, -6.917845 ], [ 107.544681, -6.917846 ], [ 107.544558, -6.917847 ], [ 107.544519, -6.918062 ], [ 107.544512, -6.918102 ], [ 107.544462, -6.9182 ], [ 107.544388, -6.918309 ], [ 107.544345, -6.918373 ], [ 107.54425, -6.918452 ], [ 107.544178, -6.918508 ], [ 107.544161, -6.918521 ], [ 107.544107, -6.918563 ], [ 107.543986, -6.918644 ], [ 107.543978, -6.918649 ], [ 107.543925, -6.918675 ], [ 107.543876, -6.9187 ], [ 107.543853, -6.918711 ], [ 107.54374, -6.918739 ], [ 107.543717, -6.918744 ], [ 107.54357, -6.918779 ], [ 107.54351, -6.918806 ], [ 107.543475, -6.918822 ], [ 107.54341, -6.91885 ], [ 107.543314, -6.918893 ], [ 107.543272, -6.918938 ], [ 107.543181, -6.919038 ], [ 107.543124, -6.919099 ], [ 107.543092, -6.919134 ], [ 107.543035, -6.919195 ], [ 107.542902, -6.919626 ], [ 107.542806, -6.919842 ], [ 107.542477, -6.920221 ], [ 107.542415, -6.920527 ], [ 107.542409, -6.920561 ], [ 107.542372, -6.920745 ], [ 107.542332, -6.920946 ], [ 107.542345, -6.921048 ], [ 107.542364, -6.921198 ], [ 107.542369, -6.921236 ], [ 107.542373, -6.921269 ], [ 107.542375, -6.921282 ], [ 107.542379, -6.921312 ], [ 107.542361, -6.921297 ], [ 107.542247, -6.9212 ], [ 107.542153, -6.92114 ], [ 107.542074, -6.921097 ], [ 107.542035, -6.921076 ], [ 107.541861, -6.92099 ], [ 107.541389, -6.920755 ], [ 107.541341, -6.920731 ], [ 107.541232, -6.920677 ], [ 107.54111, -6.920618 ], [ 107.541058, -6.920597 ], [ 107.540806, -6.920496 ], [ 107.540668, -6.920441 ], [ 107.540218, -6.920262 ], [ 107.540065, -6.920203 ], [ 107.539969, -6.920166 ], [ 107.539965, -6.920129 ], [ 107.539916, -6.920113 ], [ 107.539863, -6.920084 ], [ 107.539767, -6.920031 ], [ 107.539539, -6.919854 ], [ 107.539429, -6.919773 ], [ 107.539234, -6.919642 ], [ 107.53892, -6.919446 ], [ 107.538776, -6.919365 ], [ 107.538719, -6.919328 ], [ 107.538665, -6.919293 ], [ 107.538588, -6.919249 ], [ 107.538386, -6.919129 ], [ 107.538311, -6.919061 ], [ 107.538217, -6.918972 ], [ 107.537901, -6.918676 ], [ 107.537812, -6.918573 ], [ 107.537746, -6.918497 ], [ 107.537639, -6.918352 ], [ 107.537566, -6.918228 ], [ 107.537524, -6.918121 ], [ 107.537483, -6.91794 ], [ 107.537486, -6.917795 ], [ 107.537487, -6.917693 ], [ 107.53746, -6.917525 ], [ 107.537451, -6.917465 ], [ 107.53745, -6.917457 ], [ 107.537432, -6.917387 ], [ 107.537404, -6.917274 ], [ 107.537383, -6.917191 ], [ 107.537378, -6.917172 ], [ 107.537366, -6.917125 ], [ 107.537433, -6.917066 ], [ 107.537453, -6.917049 ], [ 107.537547, -6.916967 ], [ 107.537618, -6.916905 ], [ 107.537629, -6.916896 ], [ 107.537787, -6.916758 ], [ 107.537806, -6.916741 ], [ 107.538088, -6.916496 ], [ 107.538166, -6.916427 ], [ 107.53817, -6.916424 ], [ 107.538189, -6.916407 ], [ 107.538566, -6.916078 ], [ 107.538679, -6.91598 ], [ 107.539201, -6.915525 ], [ 107.53932, -6.915421 ], [ 107.539107, -6.915358 ], [ 107.538932, -6.915307 ], [ 107.538892, -6.915298 ], [ 107.538786, -6.915273 ], [ 107.53876, -6.915267 ], [ 107.538691, -6.915251 ], [ 107.538496, -6.915231 ], [ 107.538421, -6.915223 ], [ 107.538325, -6.915213 ], [ 107.53831, -6.915212 ], [ 107.538164, -6.915197 ], [ 107.537879, -6.915232 ], [ 107.537622, -6.915245 ], [ 107.537606, -6.915245 ], [ 107.537341, -6.915258 ], [ 107.537014, -6.915245 ], [ 107.537005, -6.915245 ], [ 107.536837, -6.915239 ], [ 107.536826, -6.915238 ], [ 107.536013, -6.915208 ], [ 107.535948, -6.915207 ], [ 107.535536, -6.915203 ], [ 107.535506, -6.915202 ], [ 107.535353, -6.915201 ], [ 107.535326, -6.9152 ], [ 107.535266, -6.915203 ], [ 107.535161, -6.915208 ], [ 107.535117, -6.91521 ], [ 107.535029, -6.915214 ], [ 107.53494, -6.915218 ], [ 107.534923, -6.915219 ], [ 107.534825, -6.915223 ], [ 107.534776, -6.915226 ], [ 107.534679, -6.91523 ], [ 107.534641, -6.915232 ], [ 107.534582, -6.915234 ], [ 107.534526, -6.915237 ], [ 107.53448, -6.915239 ], [ 107.534404, -6.915259 ], [ 107.534397, -6.915261 ], [ 107.534393, -6.915262 ], [ 107.53425, -6.915299 ], [ 107.534195, -6.915314 ], [ 107.534189, -6.915315 ], [ 107.534128, -6.915331 ], [ 107.534068, -6.915347 ], [ 107.534034, -6.915356 ], [ 107.534003, -6.915377 ], [ 107.533961, -6.915406 ], [ 107.533951, -6.915414 ], [ 107.53394, -6.915421 ], [ 107.533898, -6.915451 ], [ 107.533703, -6.915586 ], [ 107.533677, -6.915615 ], [ 107.533664, -6.91563 ], [ 107.533589, -6.915712 ], [ 107.533581, -6.915825 ], [ 107.53358, -6.915834 ], [ 107.533577, -6.915846 ], [ 107.533507, -6.916069 ], [ 107.533504, -6.916077 ], [ 107.53345, -6.916202 ], [ 107.533492, -6.916709 ], [ 107.533503, -6.916869 ], [ 107.533503, -6.916879 ], [ 107.533503, -6.916893 ], [ 107.533501, -6.916908 ], [ 107.533404, -6.917283 ], [ 107.533363, -6.91743 ], [ 107.533363, -6.917479 ], [ 107.533374, -6.917478 ], [ 107.533431, -6.917453 ], [ 107.533468, -6.917437 ], [ 107.533481, -6.917432 ], [ 107.533494, -6.917429 ], [ 107.533508, -6.917429 ], [ 107.533509, -6.917429 ], [ 107.533572, -6.917431 ], [ 107.533609, -6.917433 ], [ 107.533622, -6.917434 ], [ 107.533635, -6.917438 ], [ 107.533648, -6.917443 ], [ 107.533659, -6.91745 ], [ 107.53367, -6.917459 ], [ 107.533678, -6.917469 ], [ 107.533683, -6.917476 ], [ 107.533733, -6.917543 ], [ 107.533739, -6.917553 ], [ 107.533744, -6.917564 ], [ 107.533748, -6.917575 ], [ 107.533801, -6.917796 ], [ 107.533802, -6.917801 ], [ 107.533804, -6.917812 ], [ 107.533822, -6.918167 ], [ 107.533829, -6.918294 ], [ 107.533817, -6.918354 ], [ 107.533795, -6.918471 ], [ 107.533752, -6.918464 ], [ 107.53375, -6.918464 ], [ 107.533614, -6.918483 ], [ 107.533602, -6.918484 ], [ 107.533601, -6.918484 ], [ 107.53359, -6.918483 ], [ 107.533578, -6.918481 ], [ 107.533566, -6.918477 ], [ 107.533457, -6.918431 ], [ 107.533448, -6.918426 ], [ 107.533441, -6.918422 ], [ 107.533178, -6.918239 ], [ 107.533178, -6.918233 ], [ 107.533177, -6.918128 ], [ 107.533177, -6.918072 ], [ 107.533176, -6.918017 ], [ 107.533176, -6.918004 ], [ 107.533176, -6.917993 ], [ 107.533175, -6.91785 ], [ 107.533175, -6.917751 ], [ 107.533174, -6.917613 ], [ 107.533074, -6.917603 ], [ 107.532922, -6.917586 ], [ 107.532891, -6.917496 ], [ 107.532835, -6.917337 ], [ 107.532828, -6.917317 ], [ 107.532822, -6.917138 ], [ 107.532812, -6.916849 ], [ 107.532809, -6.916749 ], [ 107.532805, -6.916635 ], [ 107.532804, -6.916552 ], [ 107.532804, -6.916419 ], [ 107.532803, -6.916253 ], [ 107.532808, -6.916164 ], [ 107.532809, -6.916163 ], [ 107.532819, -6.916002 ], [ 107.532822, -6.915959 ], [ 107.532834, -6.915779 ], [ 107.532899, -6.915768 ], [ 107.532995, -6.915752 ], [ 107.533041, -6.915745 ], [ 107.533116, -6.915636 ], [ 107.533159, -6.915575 ], [ 107.533152, -6.915526 ], [ 107.533145, -6.915467 ], [ 107.533143, -6.915457 ], [ 107.533288, -6.91528 ], [ 107.533325, -6.915234 ], [ 107.533355, -6.915156 ], [ 107.533364, -6.915131 ], [ 107.533358, -6.915068 ], [ 107.533339, -6.914864 ], [ 107.533339, -6.91486 ], [ 107.533315, -6.914823 ], [ 107.533265, -6.914745 ], [ 107.533225, -6.914683 ], [ 107.533238, -6.914666 ], [ 107.533313, -6.91457 ], [ 107.533323, -6.914557 ], [ 107.533429, -6.914329 ], [ 107.533499, -6.914177 ], [ 107.533504, -6.914135 ], [ 107.533517, -6.914001 ], [ 107.533536, -6.913801 ], [ 107.533535, -6.913723 ], [ 107.533534, -6.913587 ], [ 107.533532, -6.913436 ], [ 107.533444, -6.913335 ], [ 107.533381, -6.913262 ], [ 107.533319, -6.913207 ], [ 107.53323, -6.913129 ], [ 107.533201, -6.913102 ], [ 107.533201, -6.913102 ], [ 107.533254, -6.912898 ], [ 107.53326, -6.912873 ], [ 107.533264, -6.912858 ], [ 107.533207, -6.9126 ], [ 107.533242, -6.912488 ], [ 107.533328, -6.912212 ], [ 107.533421, -6.911917 ], [ 107.533479, -6.911729 ], [ 107.533557, -6.91148 ], [ 107.533551, -6.911323 ], [ 107.533552, -6.910954 ], [ 107.533607, -6.910902 ], [ 107.533688, -6.910825 ], [ 107.533689, -6.910823 ], [ 107.533556, -6.910557 ], [ 107.533496, -6.910438 ], [ 107.533371, -6.910189 ], [ 107.533345, -6.910136 ], [ 107.533326, -6.910098 ], [ 107.533311, -6.910068 ], [ 107.533304, -6.910055 ], [ 107.53327, -6.910049 ], [ 107.533134, -6.910023 ], [ 107.533027, -6.910002 ], [ 107.532934, -6.909984 ], [ 107.532841, -6.909936 ], [ 107.53254, -6.909781 ], [ 107.53223, -6.909332 ], [ 107.532128, -6.909184 ], [ 107.532091, -6.909131 ], [ 107.531828, -6.908719 ], [ 107.5317, -6.908519 ], [ 107.531697, -6.908515 ], [ 107.531688, -6.908511 ], [ 107.531555, -6.908447 ], [ 107.531427, -6.908386 ], [ 107.531392, -6.908369 ], [ 107.53133, -6.908339 ], [ 107.531209, -6.908281 ], [ 107.531197, -6.90821 ], [ 107.531144, -6.907898 ], [ 107.531136, -6.90785 ], [ 107.531122, -6.907767 ], [ 107.531384, -6.907705 ], [ 107.531409, -6.907689 ], [ 107.531521, -6.907622 ], [ 107.531583, -6.907483 ], [ 107.531653, -6.907326 ], [ 107.53167, -6.907288 ], [ 107.531723, -6.907169 ], [ 107.531781, -6.907039 ], [ 107.531793, -6.907012 ], [ 107.531862, -6.906855 ], [ 107.531882, -6.906811 ], [ 107.531979, -6.906696 ], [ 107.531998, -6.906673 ], [ 107.532086, -6.90657 ], [ 107.532107, -6.906511 ], [ 107.532164, -6.906348 ], [ 107.532217, -6.906196 ], [ 107.532224, -6.906187 ], [ 107.53233, -6.906044 ], [ 107.532394, -6.905956 ], [ 107.532447, -6.905885 ], [ 107.532463, -6.905863 ], [ 107.532529, -6.905774 ], [ 107.532571, -6.905701 ], [ 107.532659, -6.905549 ], [ 107.532746, -6.905398 ], [ 107.532834, -6.905247 ], [ 107.532844, -6.905229 ], [ 107.532922, -6.905094 ], [ 107.533041, -6.904889 ], [ 107.53308, -6.904822 ], [ 107.533082, -6.904817 ], [ 107.533121, -6.904743 ], [ 107.533161, -6.904668 ], [ 107.533313, -6.90438 ], [ 107.533372, -6.904269 ], [ 107.533399, -6.904216 ], [ 107.533433, -6.904152 ], [ 107.53348, -6.904064 ], [ 107.53348, -6.904063 ], [ 107.533548, -6.903934 ], [ 107.533552, -6.903926 ], [ 107.533571, -6.903891 ], [ 107.533572, -6.903888 ], [ 107.533585, -6.903864 ], [ 107.533591, -6.903852 ], [ 107.533626, -6.903785 ], [ 107.533687, -6.90367 ], [ 107.533709, -6.903617 ], [ 107.533742, -6.903536 ], [ 107.533744, -6.903532 ], [ 107.533776, -6.903456 ], [ 107.533786, -6.903421 ], [ 107.533818, -6.903308 ], [ 107.533832, -6.90326 ], [ 107.533842, -6.903222 ], [ 107.533856, -6.903173 ], [ 107.533857, -6.903172 ], [ 107.533864, -6.903145 ], [ 107.533874, -6.903139 ], [ 107.533897, -6.903125 ], [ 107.533951, -6.903093 ], [ 107.534082, -6.903016 ], [ 107.534119, -6.902994 ], [ 107.534155, -6.902971 ], [ 107.534204, -6.90294 ], [ 107.534235, -6.90292 ], [ 107.534274, -6.902895 ], [ 107.534453, -6.902772 ], [ 107.534485, -6.90275 ], [ 107.53455, -6.902706 ], [ 107.534556, -6.902701 ], [ 107.534561, -6.902698 ], [ 107.534642, -6.902642 ], [ 107.534623, -6.902614 ], [ 107.534572, -6.902535 ], [ 107.534558, -6.902514 ], [ 107.53453, -6.902471 ], [ 107.53458, -6.902355 ], [ 107.534646, -6.902204 ], [ 107.534692, -6.902114 ], [ 107.534759, -6.90198 ], [ 107.53476, -6.901978 ], [ 107.534828, -6.901845 ], [ 107.534874, -6.901758 ], [ 107.534994, -6.901538 ], [ 107.535063, -6.901411 ], [ 107.535072, -6.901395 ], [ 107.535163, -6.901237 ], [ 107.535313, -6.900976 ], [ 107.535359, -6.900897 ], [ 107.53543, -6.900783 ], [ 107.535431, -6.900781 ], [ 107.535437, -6.900772 ], [ 107.535459, -6.900738 ], [ 107.535556, -6.900581 ], [ 107.535584, -6.900537 ], [ 107.535632, -6.90046 ], [ 107.53565, -6.900432 ], [ 107.535663, -6.900411 ], [ 107.535668, -6.900403 ], [ 107.535693, -6.900364 ], [ 107.535706, -6.900343 ], [ 107.535807, -6.900073 ], [ 107.535842, -6.899927 ], [ 107.535868, -6.89982 ], [ 107.535889, -6.899732 ], [ 107.535897, -6.899699 ], [ 107.535903, -6.899674 ], [ 107.535937, -6.899533 ], [ 107.535962, -6.899431 ], [ 107.535978, -6.899363 ], [ 107.535983, -6.899342 ], [ 107.536007, -6.899246 ], [ 107.536013, -6.899219 ], [ 107.536013, -6.899218 ], [ 107.536032, -6.899142 ], [ 107.536072, -6.898974 ], [ 107.53608, -6.898843 ], [ 107.536095, -6.89858 ], [ 107.536097, -6.898546 ], [ 107.536097, -6.898546 ], [ 107.536108, -6.898356 ], [ 107.536108, -6.898345 ], [ 107.53611, -6.898289 ], [ 107.536114, -6.898091 ], [ 107.536115, -6.898035 ], [ 107.536123, -6.897688 ], [ 107.536124, -6.897677 ], [ 107.536124, -6.89767 ], [ 107.536124, -6.897665 ], [ 107.536124, -6.897662 ], [ 107.536131, -6.897387 ], [ 107.536136, -6.897206 ], [ 107.536138, -6.897143 ], [ 107.536138, -6.897126 ], [ 107.536139, -6.897085 ], [ 107.536143, -6.897005 ], [ 107.536149, -6.896849 ], [ 107.53615, -6.896824 ], [ 107.536154, -6.896739 ], [ 107.536159, -6.896606 ], [ 107.536163, -6.896524 ], [ 107.536163, -6.896524 ], [ 107.536167, -6.896412 ], [ 107.53617, -6.896353 ], [ 107.536172, -6.896297 ], [ 107.536173, -6.896281 ], [ 107.536175, -6.896222 ], [ 107.536182, -6.896067 ], [ 107.536184, -6.896028 ], [ 107.53619, -6.89591 ], [ 107.536194, -6.895826 ], [ 107.536194, -6.895824 ], [ 107.536195, -6.895797 ], [ 107.536197, -6.895756 ], [ 107.536205, -6.89561 ], [ 107.536206, -6.895577 ], [ 107.53621, -6.89551 ], [ 107.536212, -6.895463 ], [ 107.536212, -6.895462 ], [ 107.536214, -6.895418 ], [ 107.536222, -6.895258 ], [ 107.536225, -6.895206 ], [ 107.536225, -6.895202 ], [ 107.536225, -6.895194 ], [ 107.536224, -6.895148 ], [ 107.536224, -6.895127 ], [ 107.536223, -6.895059 ], [ 107.536222, -6.894951 ], [ 107.536216, -6.894885 ], [ 107.536215, -6.894872 ], [ 107.536207, -6.894795 ], [ 107.536204, -6.894768 ], [ 107.536216, -6.894538 ], [ 107.536536, -6.894533 ], [ 107.536631, -6.894531 ], [ 107.536728, -6.894529 ], [ 107.536818, -6.894528 ], [ 107.536897, -6.89456 ], [ 107.53692, -6.89457 ], [ 107.536929, -6.894574 ], [ 107.537002, -6.894604 ], [ 107.537036, -6.894618 ], [ 107.537091, -6.89464 ], [ 107.537218, -6.894693 ], [ 107.537256, -6.894708 ], [ 107.537362, -6.894752 ] ] ] } },
{ "type": "Feature", "properties": { "KECAMATAN": "Cimahi Tengah", "KELURAHAN": "Kel. Baros" }, "geometry": { "type": "Polygon", "coordinates": [ [ [ 107.541959, -6.882894 ], [ 107.543582, -6.884829 ], [ 107.543576, -6.884861 ], [ 107.543504, -6.885222 ], [ 107.543481, -6.885341 ], [ 107.543469, -6.885398 ], [ 107.543461, -6.885438 ], [ 107.543446, -6.885517 ], [ 107.543424, -6.885624 ], [ 107.543224, -6.886632 ], [ 107.543211, -6.886696 ], [ 107.543923, -6.886913 ], [ 107.543778, -6.887555 ], [ 107.543669, -6.888039 ], [ 107.543661, -6.888072 ], [ 107.543658, -6.888085 ], [ 107.543416, -6.889156 ], [ 107.543466, -6.889361 ], [ 107.543639, -6.88959 ], [ 107.543664, -6.889721 ], [ 107.543657, -6.889763 ], [ 107.543611, -6.890061 ], [ 107.543606, -6.890094 ], [ 107.543602, -6.890123 ], [ 107.543597, -6.890155 ], [ 107.54359, -6.8902 ], [ 107.543586, -6.890226 ], [ 107.543544, -6.890496 ], [ 107.543487, -6.890867 ], [ 107.543756, -6.890945 ], [ 107.543897, -6.890985 ], [ 107.543879, -6.891087 ], [ 107.543876, -6.891102 ], [ 107.543677, -6.89224 ], [ 107.543614, -6.892599 ], [ 107.543722, -6.892854 ], [ 107.544032, -6.892886 ], [ 107.544189, -6.892902 ], [ 107.544311, -6.892378 ], [ 107.544357, -6.892382 ], [ 107.544446, -6.892177 ], [ 107.544538, -6.892216 ], [ 107.54454, -6.892218 ], [ 107.544655, -6.892267 ], [ 107.544666, -6.892272 ], [ 107.54481, -6.892334 ], [ 107.54488, -6.892364 ], [ 107.545025, -6.892427 ], [ 107.545025, -6.892463 ], [ 107.545025, -6.892486 ], [ 107.545025, -6.892524 ], [ 107.545442, -6.892686 ], [ 107.54544, -6.892708 ], [ 107.545437, -6.892734 ], [ 107.545427, -6.892845 ], [ 107.545426, -6.892851 ], [ 107.545476, -6.892877 ], [ 107.545638, -6.892961 ], [ 107.545781, -6.893036 ], [ 107.545868, -6.893081 ], [ 107.545957, -6.893128 ], [ 107.545971, -6.893135 ], [ 107.54597, -6.893156 ], [ 107.54597, -6.893168 ], [ 107.545951, -6.893585 ], [ 107.545939, -6.893661 ], [ 107.545927, -6.89373 ], [ 107.54595, -6.8939 ], [ 107.545954, -6.893936 ], [ 107.545993, -6.894234 ], [ 107.546012, -6.89438 ], [ 107.546068, -6.894802 ], [ 107.546072, -6.894843 ], [ 107.546073, -6.89486 ], [ 107.546083, -6.894952 ], [ 107.546087, -6.894997 ], [ 107.54609, -6.895021 ], [ 107.54609, -6.895025 ], [ 107.546119, -6.895347 ], [ 107.546122, -6.895382 ], [ 107.546129, -6.895384 ], [ 107.546312, -6.89542 ], [ 107.546333, -6.895424 ], [ 107.546324, -6.895472 ], [ 107.546315, -6.895526 ], [ 107.546314, -6.895529 ], [ 107.546313, -6.895538 ], [ 107.546308, -6.895561 ], [ 107.546305, -6.895579 ], [ 107.546282, -6.895711 ], [ 107.546272, -6.895763 ], [ 107.546256, -6.895852 ], [ 107.546249, -6.895892 ], [ 107.546232, -6.895986 ], [ 107.546207, -6.896127 ], [ 107.546207, -6.896128 ], [ 107.5462, -6.896168 ], [ 107.546185, -6.896252 ], [ 107.546182, -6.896274 ], [ 107.546151, -6.896531 ], [ 107.546146, -6.896583 ], [ 107.546134, -6.896714 ], [ 107.546118, -6.896893 ], [ 107.546097, -6.897159 ], [ 107.546078, -6.897393 ], [ 107.546079, -6.897659 ], [ 107.546372, -6.897714 ], [ 107.546394, -6.897719 ], [ 107.546574, -6.897753 ], [ 107.546722, -6.897173 ], [ 107.546767, -6.896997 ], [ 107.546794, -6.897006 ], [ 107.547046, -6.897081 ], [ 107.547109, -6.8971 ], [ 107.547125, -6.897104 ], [ 107.547181, -6.897121 ], [ 107.547204, -6.897128 ], [ 107.547207, -6.897129 ], [ 107.547392, -6.897184 ], [ 107.547385, -6.897211 ], [ 107.547262, -6.897714 ], [ 107.547218, -6.897891 ], [ 107.547713, -6.897986 ], [ 107.547776, -6.897998 ], [ 107.547975, -6.898037 ], [ 107.547976, -6.898042 ], [ 107.547983, -6.898142 ], [ 107.547999, -6.898192 ], [ 107.548006, -6.898217 ], [ 107.548016, -6.898249 ], [ 107.548051, -6.89836 ], [ 107.54806, -6.89839 ], [ 107.548067, -6.898413 ], [ 107.548092, -6.898475 ], [ 107.548111, -6.898523 ], [ 107.548132, -6.898575 ], [ 107.548143, -6.898601 ], [ 107.548147, -6.898699 ], [ 107.548148, -6.898713 ], [ 107.548149, -6.898742 ], [ 107.548159, -6.898947 ], [ 107.548177, -6.899022 ], [ 107.548197, -6.899105 ], [ 107.548187, -6.899161 ], [ 107.54818, -6.899204 ], [ 107.548177, -6.899227 ], [ 107.548175, -6.899241 ], [ 107.548173, -6.899251 ], [ 107.548169, -6.899274 ], [ 107.548167, -6.899287 ], [ 107.548161, -6.899327 ], [ 107.548158, -6.899343 ], [ 107.548129, -6.899416 ], [ 107.548122, -6.899432 ], [ 107.548092, -6.899508 ], [ 107.548091, -6.89951 ], [ 107.548018, -6.899656 ], [ 107.54801, -6.899673 ], [ 107.54798, -6.89973 ], [ 107.548001, -6.899795 ], [ 107.548025, -6.89987 ], [ 107.548032, -6.899892 ], [ 107.548055, -6.899963 ], [ 107.548082, -6.900048 ], [ 107.548048, -6.900059 ], [ 107.548015, -6.900069 ], [ 107.547899, -6.900106 ], [ 107.547748, -6.900153 ], [ 107.547492, -6.900233 ], [ 107.547447, -6.900248 ], [ 107.547375, -6.90027 ], [ 107.547365, -6.900273 ], [ 107.547347, -6.900279 ], [ 107.547317, -6.900288 ], [ 107.547303, -6.900293 ], [ 107.547286, -6.900298 ], [ 107.547176, -6.900333 ], [ 107.54716, -6.900338 ], [ 107.547104, -6.900355 ], [ 107.547058, -6.90037 ], [ 107.547048, -6.900373 ], [ 107.547039, -6.900375 ], [ 107.546978, -6.900395 ], [ 107.546871, -6.900428 ], [ 107.54686, -6.900432 ], [ 107.546852, -6.900434 ], [ 107.54683, -6.900441 ], [ 107.54614, -6.900658 ], [ 107.545459, -6.900872 ], [ 107.545451, -6.900874 ], [ 107.54532, -6.900915 ], [ 107.545307, -6.900919 ], [ 107.545258, -6.900935 ], [ 107.545198, -6.900954 ], [ 107.545094, -6.900986 ], [ 107.544964, -6.901027 ], [ 107.544835, -6.901068 ], [ 107.544671, -6.901119 ], [ 107.544574, -6.901149 ], [ 107.544551, -6.901157 ], [ 107.544557, -6.901133 ], [ 107.544578, -6.90105 ], [ 107.544614, -6.900908 ], [ 107.544612, -6.900857 ], [ 107.544607, -6.90073 ], [ 107.544477, -6.90044 ], [ 107.544402, -6.900193 ], [ 107.544401, -6.899841 ], [ 107.544427, -6.899708 ], [ 107.54441, -6.899654 ], [ 107.544363, -6.899512 ], [ 107.544096, -6.899539 ], [ 107.544088, -6.899556 ], [ 107.544017, -6.899701 ], [ 107.544003, -6.899729 ], [ 107.543987, -6.899786 ], [ 107.543981, -6.899806 ], [ 107.543976, -6.899823 ], [ 107.543953, -6.899901 ], [ 107.543942, -6.899913 ], [ 107.543939, -6.899916 ], [ 107.543924, -6.899932 ], [ 107.543899, -6.899958 ], [ 107.543818, -6.900042 ], [ 107.54377, -6.900092 ], [ 107.543582, -6.900073 ], [ 107.543444, -6.90006 ], [ 107.543367, -6.900046 ], [ 107.543286, -6.900032 ], [ 107.543098, -6.900018 ], [ 107.542812, -6.899997 ], [ 107.542804, -6.899996 ], [ 107.542688, -6.899949 ], [ 107.542649, -6.899933 ], [ 107.542394, -6.899829 ], [ 107.542376, -6.899821 ], [ 107.542351, -6.899809 ], [ 107.54235, -6.899808 ], [ 107.542237, -6.899756 ], [ 107.542237, -6.899756 ], [ 107.542108, -6.899696 ], [ 107.54203, -6.899645 ], [ 107.542003, -6.899627 ], [ 107.541818, -6.899504 ], [ 107.541781, -6.89948 ], [ 107.541607, -6.899378 ], [ 107.541593, -6.899369 ], [ 107.541487, -6.899307 ], [ 107.541438, -6.899279 ], [ 107.541391, -6.899256 ], [ 107.541177, -6.899154 ], [ 107.541175, -6.899153 ], [ 107.541172, -6.899151 ], [ 107.541085, -6.89911 ], [ 107.541008, -6.899073 ], [ 107.54086, -6.899002 ], [ 107.540724, -6.899009 ], [ 107.540679, -6.899011 ], [ 107.54034, -6.899029 ], [ 107.540146, -6.899039 ], [ 107.53956, -6.89907 ], [ 107.539106, -6.899094 ], [ 107.53902, -6.899099 ], [ 107.538811, -6.899014 ], [ 107.538778, -6.899001 ], [ 107.538661, -6.898954 ], [ 107.53853, -6.898901 ], [ 107.538483, -6.898882 ], [ 107.538307, -6.898811 ], [ 107.538269, -6.898795 ], [ 107.538268, -6.898795 ], [ 107.53819, -6.898764 ], [ 107.538064, -6.898713 ], [ 107.537668, -6.898553 ], [ 107.537554, -6.898507 ], [ 107.53758, -6.898156 ], [ 107.537581, -6.898151 ], [ 107.5376, -6.89789 ], [ 107.537607, -6.897804 ], [ 107.537776, -6.897537 ], [ 107.537823, -6.897462 ], [ 107.537878, -6.897376 ], [ 107.537892, -6.897355 ], [ 107.53791, -6.897327 ], [ 107.537929, -6.897297 ], [ 107.538046, -6.897113 ], [ 107.538026, -6.897 ], [ 107.538019, -6.896965 ], [ 107.538016, -6.896943 ], [ 107.538071, -6.896708 ], [ 107.538052, -6.896411 ], [ 107.538077, -6.896252 ], [ 107.538083, -6.896215 ], [ 107.538088, -6.896186 ], [ 107.538104, -6.896086 ], [ 107.538106, -6.896077 ], [ 107.538109, -6.896057 ], [ 107.538031, -6.89605 ], [ 107.538008, -6.896048 ], [ 107.537858, -6.896035 ], [ 107.537815, -6.896031 ], [ 107.537704, -6.896022 ], [ 107.537704, -6.896013 ], [ 107.537706, -6.89587 ], [ 107.537706, -6.895868 ], [ 107.537707, -6.895792 ], [ 107.537708, -6.895727 ], [ 107.537709, -6.895654 ], [ 107.537709, -6.895637 ], [ 107.537711, -6.895522 ], [ 107.537712, -6.895484 ], [ 107.537714, -6.895427 ], [ 107.537752, -6.895166 ], [ 107.537776, -6.895002 ], [ 107.537785, -6.894936 ], [ 107.537798, -6.894851 ], [ 107.537743, -6.894827 ], [ 107.537608, -6.894768 ], [ 107.537591, -6.89476 ], [ 107.537519, -6.894729 ], [ 107.537496, -6.894719 ], [ 107.537468, -6.894707 ], [ 107.537449, -6.894698 ], [ 107.537399, -6.894767 ], [ 107.537362, -6.894752 ], [ 107.537256, -6.894708 ], [ 107.537218, -6.894693 ], [ 107.537091, -6.89464 ], [ 107.537036, -6.894618 ], [ 107.537002, -6.894604 ], [ 107.536929, -6.894574 ], [ 107.53692, -6.89457 ], [ 107.536897, -6.89456 ], [ 107.536818, -6.894528 ], [ 107.536728, -6.894529 ], [ 107.536631, -6.894531 ], [ 107.536536, -6.894533 ], [ 107.536216, -6.894538 ], [ 107.536204, -6.894768 ], [ 107.536077, -6.894742 ], [ 107.536066, -6.894743 ], [ 107.535935, -6.894746 ], [ 107.535763, -6.894751 ], [ 107.535681, -6.894753 ], [ 107.535541, -6.894757 ], [ 107.535274, -6.894767 ], [ 107.535074, -6.894769 ], [ 107.534788, -6.894733 ], [ 107.534686, -6.894598 ], [ 107.533329, -6.894523 ], [ 107.533305, -6.894883 ], [ 107.533286, -6.895173 ], [ 107.533273, -6.895336 ], [ 107.53326, -6.895509 ], [ 107.533215, -6.895999 ], [ 107.533197, -6.896199 ], [ 107.533157, -6.896479 ], [ 107.533097, -6.896481 ], [ 107.532864, -6.896466 ], [ 107.532692, -6.896443 ], [ 107.532672, -6.89644 ], [ 107.532667, -6.89644 ], [ 107.532452, -6.896411 ], [ 107.532283, -6.896388 ], [ 107.532087, -6.89632 ], [ 107.532023, -6.896239 ], [ 107.53199, -6.896198 ], [ 107.531909, -6.896084 ], [ 107.531846, -6.895994 ], [ 107.531741, -6.895832 ], [ 107.53165, -6.895676 ], [ 107.531597, -6.895585 ], [ 107.531586, -6.895566 ], [ 107.531474, -6.895344 ], [ 107.531376, -6.89519 ], [ 107.531304, -6.895077 ], [ 107.531135, -6.894837 ], [ 107.530957, -6.894589 ], [ 107.530822, -6.894392 ], [ 107.530706, -6.894257 ], [ 107.53069, -6.894243 ], [ 107.530601, -6.894163 ], [ 107.530518, -6.894077 ], [ 107.530424, -6.893979 ], [ 107.530273, -6.893873 ], [ 107.530086, -6.893782 ], [ 107.529992, -6.893722 ], [ 107.529865, -6.893649 ], [ 107.529671, -6.8935 ], [ 107.529508, -6.89337 ], [ 107.529418, -6.893263 ], [ 107.52936, -6.893175 ], [ 107.529273, -6.893021 ], [ 107.529172, -6.89281 ], [ 107.52911, -6.89268 ], [ 107.529071, -6.8926 ], [ 107.528989, -6.892413 ], [ 107.528919, -6.892254 ], [ 107.528828, -6.892132 ], [ 107.528745, -6.891996 ], [ 107.528599, -6.891846 ], [ 107.528432, -6.891786 ], [ 107.528331, -6.891726 ], [ 107.528173, -6.891655 ], [ 107.527969, -6.891573 ], [ 107.527836, -6.891514 ], [ 107.527691, -6.891449 ], [ 107.527499, -6.891364 ], [ 107.527492, -6.891361 ], [ 107.527323, -6.891286 ], [ 107.527134, -6.891202 ], [ 107.526798, -6.891053 ], [ 107.526675, -6.890998 ], [ 107.52661, -6.89092 ], [ 107.526615, -6.890862 ], [ 107.527283, -6.889494 ], [ 107.527661, -6.889196 ], [ 107.527872, -6.888889 ], [ 107.527858, -6.888711 ], [ 107.527772, -6.888699 ], [ 107.527776, -6.888653 ], [ 107.527802, -6.888348 ], [ 107.527919, -6.888175 ], [ 107.528016, -6.88803 ], [ 107.528103, -6.8879 ], [ 107.528284, -6.887737 ], [ 107.528443, -6.887709 ], [ 107.528663, -6.887663 ], [ 107.528766, -6.887642 ], [ 107.528878, -6.887615 ], [ 107.529032, -6.887579 ], [ 107.5291, -6.8875 ], [ 107.529142, -6.887451 ], [ 107.529335, -6.887157 ], [ 107.529427, -6.886975 ], [ 107.529447, -6.886949 ], [ 107.529622, -6.887047 ], [ 107.529672, -6.887075 ], [ 107.52978, -6.887136 ], [ 107.529882, -6.887193 ], [ 107.530063, -6.886749 ], [ 107.53007, -6.886734 ], [ 107.530085, -6.886697 ], [ 107.530091, -6.88668 ], [ 107.530204, -6.886704 ], [ 107.530295, -6.886724 ], [ 107.530332, -6.886732 ], [ 107.530379, -6.886567 ], [ 107.530396, -6.886505 ], [ 107.530422, -6.886413 ], [ 107.530437, -6.88636 ], [ 107.530566, -6.886367 ], [ 107.530643, -6.886371 ], [ 107.530658, -6.886278 ], [ 107.53066, -6.886268 ], [ 107.530738, -6.886262 ], [ 107.530797, -6.886257 ], [ 107.530815, -6.886195 ], [ 107.530821, -6.886176 ], [ 107.530822, -6.886171 ], [ 107.530837, -6.886122 ], [ 107.530859, -6.886049 ], [ 107.530868, -6.886017 ], [ 107.530906, -6.885892 ], [ 107.530951, -6.885739 ], [ 107.530983, -6.885633 ], [ 107.530994, -6.885596 ], [ 107.531012, -6.885537 ], [ 107.531062, -6.885489 ], [ 107.531082, -6.88547 ], [ 107.531145, -6.88541 ], [ 107.531183, -6.885374 ], [ 107.531235, -6.885323 ], [ 107.531263, -6.885297 ], [ 107.531311, -6.885251 ], [ 107.531398, -6.885169 ], [ 107.531399, -6.885167 ], [ 107.531431, -6.885137 ], [ 107.531462, -6.885108 ], [ 107.531469, -6.885105 ], [ 107.531553, -6.885076 ], [ 107.53166, -6.885039 ], [ 107.531676, -6.885033 ], [ 107.531739, -6.885022 ], [ 107.53178, -6.885015 ], [ 107.53178, -6.885014 ], [ 107.531868, -6.884925 ], [ 107.532043, -6.884748 ], [ 107.53211, -6.884679 ], [ 107.532115, -6.884674 ], [ 107.532142, -6.884647 ], [ 107.532172, -6.884617 ], [ 107.532284, -6.88455 ], [ 107.532345, -6.884513 ], [ 107.532443, -6.884491 ], [ 107.532797, -6.884409 ], [ 107.532998, -6.884333 ], [ 107.533037, -6.884318 ], [ 107.533066, -6.884307 ], [ 107.533168, -6.884268 ], [ 107.533342, -6.884202 ], [ 107.533349, -6.8842 ], [ 107.533384, -6.884186 ], [ 107.533549, -6.883983 ], [ 107.533557, -6.883969 ], [ 107.533621, -6.883847 ], [ 107.533695, -6.883706 ], [ 107.533728, -6.883743 ], [ 107.533816, -6.883845 ], [ 107.533898, -6.883939 ], [ 107.533916, -6.88396 ], [ 107.533956, -6.884006 ], [ 107.534176, -6.884258 ], [ 107.534036, -6.884426 ], [ 107.534456, -6.885007 ], [ 107.535432, -6.886181 ], [ 107.53607, -6.886949 ], [ 107.536176, -6.887077 ], [ 107.536273, -6.887193 ], [ 107.536291, -6.887215 ], [ 107.536377, -6.887318 ], [ 107.536571, -6.887469 ], [ 107.53669, -6.887561 ], [ 107.536872, -6.887702 ], [ 107.536942, -6.88758 ], [ 107.537033, -6.887421 ], [ 107.537131, -6.887179 ], [ 107.537132, -6.887176 ], [ 107.537154, -6.887122 ], [ 107.537183, -6.886999 ], [ 107.537209, -6.88689 ], [ 107.537236, -6.886796 ], [ 107.537277, -6.886646 ], [ 107.537288, -6.886613 ], [ 107.537315, -6.886528 ], [ 107.537347, -6.886428 ], [ 107.537367, -6.886367 ], [ 107.537457, -6.886103 ], [ 107.537551, -6.885713 ], [ 107.537599, -6.885506 ], [ 107.537626, -6.885392 ], [ 107.539713, -6.883641 ], [ 107.539904, -6.883844 ], [ 107.540273, -6.884233 ], [ 107.540434, -6.884109 ], [ 107.5405, -6.884058 ], [ 107.540579, -6.884102 ], [ 107.54079, -6.883976 ], [ 107.540982, -6.883798 ], [ 107.541183, -6.883612 ], [ 107.541289, -6.883514 ], [ 107.541357, -6.883451 ], [ 107.541541, -6.883281 ], [ 107.541775, -6.883065 ], [ 107.541959, -6.882894 ] ] ] } },
{ "type": "Feature", "properties": { "KECAMATAN": "Cimahi Tengah", "KELURAHAN": "Kel. Cigugur Tengah" }, "geometry": { "type": "Polygon", "coordinates": [ [ [ 107.553086, -6.884646 ], [ 107.554479, -6.886919 ], [ 107.554517, -6.886981 ], [ 107.55457, -6.887067 ], [ 107.555072, -6.887885 ], [ 107.555083, -6.887904 ], [ 107.555093, -6.88792 ], [ 107.555133, -6.887985 ], [ 107.555184, -6.888068 ], [ 107.555258, -6.88819 ], [ 107.555325, -6.888299 ], [ 107.555504, -6.888591 ], [ 107.555672, -6.888865 ], [ 107.555688, -6.888891 ], [ 107.555724, -6.88895 ], [ 107.555794, -6.889063 ], [ 107.555927, -6.88928 ], [ 107.555965, -6.889342 ], [ 107.556188, -6.889705 ], [ 107.556221, -6.88976 ], [ 107.556282, -6.88986 ], [ 107.556401, -6.890054 ], [ 107.556461, -6.890013 ], [ 107.556544, -6.889956 ], [ 107.556586, -6.889928 ], [ 107.556656, -6.890056 ], [ 107.556927, -6.890487 ], [ 107.557128, -6.890813 ], [ 107.557457, -6.891355 ], [ 107.557851, -6.892088 ], [ 107.557979, -6.892314 ], [ 107.557983, -6.89232 ], [ 107.558001, -6.892352 ], [ 107.558044, -6.892432 ], [ 107.558304, -6.892883 ], [ 107.558398, -6.893045 ], [ 107.5584, -6.893049 ], [ 107.558512, -6.893173 ], [ 107.558569, -6.893254 ], [ 107.558707, -6.893469 ], [ 107.558943, -6.893836 ], [ 107.559058, -6.89403 ], [ 107.559389, -6.894577 ], [ 107.55968, -6.895042 ], [ 107.559771, -6.895191 ], [ 107.559788, -6.895219 ], [ 107.559795, -6.895223 ], [ 107.559824, -6.895267 ], [ 107.559827, -6.895282 ], [ 107.559829, -6.895284 ], [ 107.559834, -6.895292 ], [ 107.559884, -6.895375 ], [ 107.560058, -6.895656 ], [ 107.560104, -6.895732 ], [ 107.560111, -6.895744 ], [ 107.560401, -6.896204 ], [ 107.560444, -6.896271 ], [ 107.560481, -6.896337 ], [ 107.560297, -6.896391 ], [ 107.560218, -6.896423 ], [ 107.560158, -6.896442 ], [ 107.560122, -6.896453 ], [ 107.560113, -6.896456 ], [ 107.560034, -6.89648 ], [ 107.559947, -6.896508 ], [ 107.559937, -6.896511 ], [ 107.559922, -6.896515 ], [ 107.559909, -6.89652 ], [ 107.559882, -6.896528 ], [ 107.55988, -6.896529 ], [ 107.559863, -6.896534 ], [ 107.55986, -6.896535 ], [ 107.559795, -6.896555 ], [ 107.559769, -6.896563 ], [ 107.559756, -6.896567 ], [ 107.559678, -6.896592 ], [ 107.559623, -6.896609 ], [ 107.559611, -6.896613 ], [ 107.559583, -6.896621 ], [ 107.55958, -6.896622 ], [ 107.559249, -6.896726 ], [ 107.559176, -6.896749 ], [ 107.559122, -6.896765 ], [ 107.559033, -6.896793 ], [ 107.559003, -6.896803 ], [ 107.558972, -6.896812 ], [ 107.558911, -6.896832 ], [ 107.5589, -6.896835 ], [ 107.558865, -6.896846 ], [ 107.558827, -6.896858 ], [ 107.558807, -6.896864 ], [ 107.558754, -6.896881 ], [ 107.558714, -6.896893 ], [ 107.558703, -6.896897 ], [ 107.558667, -6.896908 ], [ 107.558665, -6.896908 ], [ 107.558626, -6.896921 ], [ 107.558624, -6.896921 ], [ 107.558583, -6.896934 ], [ 107.558522, -6.896953 ], [ 107.558462, -6.896972 ], [ 107.558452, -6.896975 ], [ 107.558402, -6.896991 ], [ 107.558369, -6.897001 ], [ 107.558337, -6.897011 ], [ 107.558131, -6.897075 ], [ 107.558076, -6.897093 ], [ 107.558066, -6.897096 ], [ 107.557977, -6.897124 ], [ 107.55797, -6.897126 ], [ 107.557941, -6.897135 ], [ 107.557911, -6.897144 ], [ 107.557907, -6.897145 ], [ 107.557882, -6.897153 ], [ 107.557879, -6.897154 ], [ 107.557867, -6.897158 ], [ 107.557854, -6.897162 ], [ 107.557774, -6.897187 ], [ 107.557751, -6.897194 ], [ 107.557719, -6.897204 ], [ 107.557714, -6.897206 ], [ 107.557674, -6.897218 ], [ 107.557631, -6.897232 ], [ 107.55762, -6.897235 ], [ 107.557518, -6.897267 ], [ 107.557518, -6.897267 ], [ 107.557437, -6.897292 ], [ 107.557432, -6.897294 ], [ 107.557405, -6.897302 ], [ 107.557397, -6.897305 ], [ 107.557375, -6.897312 ], [ 107.557321, -6.897329 ], [ 107.557222, -6.89736 ], [ 107.557161, -6.897379 ], [ 107.557092, -6.8974 ], [ 107.557046, -6.897415 ], [ 107.557036, -6.897447 ], [ 107.557007, -6.897539 ], [ 107.556973, -6.897644 ], [ 107.556917, -6.89782 ], [ 107.556914, -6.897831 ], [ 107.556895, -6.89789 ], [ 107.556861, -6.897997 ], [ 107.556859, -6.898004 ], [ 107.55685, -6.898032 ], [ 107.556835, -6.89808 ], [ 107.55681, -6.898157 ], [ 107.556777, -6.898261 ], [ 107.556746, -6.898357 ], [ 107.556735, -6.898394 ], [ 107.55673, -6.898408 ], [ 107.556676, -6.898578 ], [ 107.556666, -6.898611 ], [ 107.556649, -6.898663 ], [ 107.556645, -6.898677 ], [ 107.556643, -6.898682 ], [ 107.55664, -6.898691 ], [ 107.556611, -6.898784 ], [ 107.556607, -6.898794 ], [ 107.556585, -6.898865 ], [ 107.556582, -6.898875 ], [ 107.556533, -6.89903 ], [ 107.556517, -6.899079 ], [ 107.556504, -6.899121 ], [ 107.556473, -6.899217 ], [ 107.556468, -6.899226 ], [ 107.55645, -6.899258 ], [ 107.556416, -6.899318 ], [ 107.556403, -6.899343 ], [ 107.556356, -6.899433 ], [ 107.556322, -6.899498 ], [ 107.556301, -6.899537 ], [ 107.556307, -6.899648 ], [ 107.556309, -6.899689 ], [ 107.556311, -6.899721 ], [ 107.556312, -6.899753 ], [ 107.556312, -6.899753 ], [ 107.556366, -6.899781 ], [ 107.556423, -6.89981 ], [ 107.556483, -6.899841 ], [ 107.55658, -6.899885 ], [ 107.556631, -6.899909 ], [ 107.556647, -6.899943 ], [ 107.556671, -6.899992 ], [ 107.556676, -6.900003 ], [ 107.556687, -6.900027 ], [ 107.556713, -6.900081 ], [ 107.556746, -6.900151 ], [ 107.556736, -6.900161 ], [ 107.556727, -6.90017 ], [ 107.556693, -6.900205 ], [ 107.556674, -6.900223 ], [ 107.556637, -6.900261 ], [ 107.556636, -6.900262 ], [ 107.556584, -6.900319 ], [ 107.556575, -6.900384 ], [ 107.55656, -6.900495 ], [ 107.556458, -6.900658 ], [ 107.556366, -6.900806 ], [ 107.556333, -6.900857 ], [ 107.556335, -6.900883 ], [ 107.556335, -6.900886 ], [ 107.556339, -6.900938 ], [ 107.556281, -6.901001 ], [ 107.556233, -6.901053 ], [ 107.556223, -6.901064 ], [ 107.556213, -6.901074 ], [ 107.556159, -6.901133 ], [ 107.556153, -6.901139 ], [ 107.556139, -6.901154 ], [ 107.556105, -6.901191 ], [ 107.55604, -6.901262 ], [ 107.556009, -6.901269 ], [ 107.555988, -6.901275 ], [ 107.555979, -6.901277 ], [ 107.55597, -6.901276 ], [ 107.555926, -6.901273 ], [ 107.555906, -6.901271 ], [ 107.555765, -6.901261 ], [ 107.555753, -6.901287 ], [ 107.555753, -6.901288 ], [ 107.555715, -6.901374 ], [ 107.555695, -6.901418 ], [ 107.555667, -6.901484 ], [ 107.555537, -6.901549 ], [ 107.555439, -6.901589 ], [ 107.555289, -6.901648 ], [ 107.555119, -6.901689 ], [ 107.555078, -6.901727 ], [ 107.554979, -6.901818 ], [ 107.55497, -6.901826 ], [ 107.554924, -6.901954 ], [ 107.554909, -6.901994 ], [ 107.554908, -6.902052 ], [ 107.554905, -6.902278 ], [ 107.55491, -6.902299 ], [ 107.554921, -6.902351 ], [ 107.554923, -6.902358 ], [ 107.554959, -6.902519 ], [ 107.554968, -6.902558 ], [ 107.55497, -6.902629 ], [ 107.55497, -6.902637 ], [ 107.554971, -6.902659 ], [ 107.554972, -6.9027 ], [ 107.554973, -6.902724 ], [ 107.554973, -6.902727 ], [ 107.554975, -6.902795 ], [ 107.554965, -6.902801 ], [ 107.554926, -6.902827 ], [ 107.554887, -6.902853 ], [ 107.554815, -6.9029 ], [ 107.554762, -6.902914 ], [ 107.554694, -6.902932 ], [ 107.554612, -6.902931 ], [ 107.554539, -6.902931 ], [ 107.554454, -6.903052 ], [ 107.554303, -6.90321 ], [ 107.554276, -6.903239 ], [ 107.554184, -6.903243 ], [ 107.554112, -6.903246 ], [ 107.554066, -6.903249 ], [ 107.554012, -6.903264 ], [ 107.553843, -6.903312 ], [ 107.553761, -6.903488 ], [ 107.553759, -6.903492 ], [ 107.553719, -6.903577 ], [ 107.553683, -6.903654 ], [ 107.553639, -6.903697 ], [ 107.55361, -6.903724 ], [ 107.553409, -6.903759 ], [ 107.553371, -6.903765 ], [ 107.553353, -6.903769 ], [ 107.553063, -6.903827 ], [ 107.553022, -6.903845 ], [ 107.552955, -6.903876 ], [ 107.55291, -6.903961 ], [ 107.552875, -6.904028 ], [ 107.552844, -6.904087 ], [ 107.552819, -6.904134 ], [ 107.552781, -6.904263 ], [ 107.552757, -6.904368 ], [ 107.552757, -6.904373 ], [ 107.552747, -6.904504 ], [ 107.552776, -6.904602 ], [ 107.552786, -6.904637 ], [ 107.552876, -6.904826 ], [ 107.552809, -6.904994 ], [ 107.552799, -6.905049 ], [ 107.552807, -6.905197 ], [ 107.552751, -6.905279 ], [ 107.552751, -6.905279 ], [ 107.552696, -6.905479 ], [ 107.552697, -6.905595 ], [ 107.552761, -6.905836 ], [ 107.55275, -6.906067 ], [ 107.552671, -6.906198 ], [ 107.552535, -6.906379 ], [ 107.552412, -6.906528 ], [ 107.55236, -6.906726 ], [ 107.552284, -6.90675 ], [ 107.552242, -6.906762 ], [ 107.551951, -6.906852 ], [ 107.551828, -6.906827 ], [ 107.551639, -6.906786 ], [ 107.551474, -6.90675 ], [ 107.551468, -6.906749 ], [ 107.551433, -6.906741 ], [ 107.551445, -6.906676 ], [ 107.551455, -6.906623 ], [ 107.551531, -6.906335 ], [ 107.551592, -6.906198 ], [ 107.551667, -6.906148 ], [ 107.55177, -6.906078 ], [ 107.551842, -6.906029 ], [ 107.551937, -6.905742 ], [ 107.551962, -6.905667 ], [ 107.552034, -6.905449 ], [ 107.552074, -6.90533 ], [ 107.552095, -6.905266 ], [ 107.552096, -6.905264 ], [ 107.552081, -6.905261 ], [ 107.55173, -6.905185 ], [ 107.551598, -6.905157 ], [ 107.551376, -6.905109 ], [ 107.551289, -6.905091 ], [ 107.551078, -6.905045 ], [ 107.550834, -6.904993 ], [ 107.550788, -6.904983 ], [ 107.550765, -6.905011 ], [ 107.55073, -6.905053 ], [ 107.550715, -6.905102 ], [ 107.550708, -6.905125 ], [ 107.550705, -6.905137 ], [ 107.550669, -6.905377 ], [ 107.550663, -6.905419 ], [ 107.550641, -6.905564 ], [ 107.550626, -6.905667 ], [ 107.550616, -6.905735 ], [ 107.550473, -6.905659 ], [ 107.550387, -6.905614 ], [ 107.550371, -6.905605 ], [ 107.550286, -6.90556 ], [ 107.550202, -6.905515 ], [ 107.55014, -6.905483 ], [ 107.550068, -6.905444 ], [ 107.550055, -6.905442 ], [ 107.549849, -6.905409 ], [ 107.549778, -6.905397 ], [ 107.549751, -6.905421 ], [ 107.549624, -6.905536 ], [ 107.549433, -6.905835 ], [ 107.5492, -6.905863 ], [ 107.548996, -6.905805 ], [ 107.548807, -6.905738 ], [ 107.548801, -6.905736 ], [ 107.548693, -6.905698 ], [ 107.548537, -6.905643 ], [ 107.548398, -6.905594 ], [ 107.548421, -6.905533 ], [ 107.5485, -6.905326 ], [ 107.548625, -6.905138 ], [ 107.548707, -6.905015 ], [ 107.548738, -6.904951 ], [ 107.548776, -6.904873 ], [ 107.548795, -6.904833 ], [ 107.548885, -6.904648 ], [ 107.549035, -6.904208 ], [ 107.549038, -6.904198 ], [ 107.549076, -6.903961 ], [ 107.549091, -6.903736 ], [ 107.549067, -6.903561 ], [ 107.549059, -6.903505 ], [ 107.549027, -6.903379 ], [ 107.548908, -6.903108 ], [ 107.549073, -6.902934 ], [ 107.549273, -6.902846 ], [ 107.549481, -6.902746 ], [ 107.549607, -6.902641 ], [ 107.549632, -6.902592 ], [ 107.549673, -6.902508 ], [ 107.549681, -6.902473 ], [ 107.549714, -6.902335 ], [ 107.549657, -6.90211 ], [ 107.5496, -6.901997 ], [ 107.549583, -6.901963 ], [ 107.549738, -6.901749 ], [ 107.549838, -6.901637 ], [ 107.549929, -6.901431 ], [ 107.549937, -6.901412 ], [ 107.550023, -6.901214 ], [ 107.550115, -6.901011 ], [ 107.550123, -6.900992 ], [ 107.550091, -6.900822 ], [ 107.550073, -6.900816 ], [ 107.549951, -6.900774 ], [ 107.549795, -6.900888 ], [ 107.549769, -6.901056 ], [ 107.549716, -6.901283 ], [ 107.549675, -6.901393 ], [ 107.549632, -6.90151 ], [ 107.54954, -6.901581 ], [ 107.549475, -6.901379 ], [ 107.549453, -6.901311 ], [ 107.54949, -6.901081 ], [ 107.54938, -6.901081 ], [ 107.549376, -6.901081 ], [ 107.549271, -6.901082 ], [ 107.549265, -6.901082 ], [ 107.549272, -6.900813 ], [ 107.549272, -6.90081 ], [ 107.5493, -6.900803 ], [ 107.549345, -6.900791 ], [ 107.549378, -6.900783 ], [ 107.549395, -6.900779 ], [ 107.5494, -6.900778 ], [ 107.549561, -6.900737 ], [ 107.54961, -6.900717 ], [ 107.549697, -6.900652 ], [ 107.54976, -6.900593 ], [ 107.549818, -6.900539 ], [ 107.549899, -6.900453 ], [ 107.55001, -6.900313 ], [ 107.550011, -6.900311 ], [ 107.550017, -6.900192 ], [ 107.550021, -6.900128 ], [ 107.550021, -6.900126 ], [ 107.550022, -6.900111 ], [ 107.550015, -6.900086 ], [ 107.550014, -6.900081 ], [ 107.550011, -6.900067 ], [ 107.550011, -6.900066 ], [ 107.55, -6.900024 ], [ 107.549975, -6.899922 ], [ 107.549967, -6.899892 ], [ 107.54996, -6.899862 ], [ 107.549947, -6.899809 ], [ 107.549929, -6.899738 ], [ 107.54992, -6.899701 ], [ 107.549915, -6.899683 ], [ 107.549886, -6.899564 ], [ 107.549867, -6.899488 ], [ 107.549284, -6.899671 ], [ 107.549007, -6.899758 ], [ 107.548937, -6.89978 ], [ 107.548856, -6.899805 ], [ 107.548847, -6.899808 ], [ 107.548605, -6.899884 ], [ 107.548555, -6.8999 ], [ 107.548484, -6.899922 ], [ 107.548421, -6.899942 ], [ 107.548352, -6.899963 ], [ 107.548249, -6.899996 ], [ 107.548175, -6.900019 ], [ 107.548116, -6.900038 ], [ 107.548107, -6.90004 ], [ 107.548082, -6.900048 ], [ 107.548055, -6.899963 ], [ 107.548032, -6.899892 ], [ 107.548025, -6.89987 ], [ 107.548001, -6.899795 ], [ 107.54798, -6.89973 ], [ 107.54801, -6.899673 ], [ 107.548018, -6.899656 ], [ 107.548091, -6.89951 ], [ 107.548092, -6.899508 ], [ 107.548122, -6.899432 ], [ 107.548129, -6.899416 ], [ 107.548158, -6.899343 ], [ 107.548161, -6.899327 ], [ 107.548167, -6.899287 ], [ 107.548169, -6.899274 ], [ 107.548173, -6.899251 ], [ 107.548175, -6.899241 ], [ 107.548177, -6.899227 ], [ 107.54818, -6.899204 ], [ 107.548187, -6.899161 ], [ 107.548197, -6.899105 ], [ 107.548177, -6.899022 ], [ 107.548159, -6.898947 ], [ 107.548149, -6.898742 ], [ 107.548148, -6.898713 ], [ 107.548147, -6.898699 ], [ 107.548143, -6.898601 ], [ 107.548132, -6.898575 ], [ 107.548111, -6.898523 ], [ 107.548092, -6.898475 ], [ 107.548067, -6.898413 ], [ 107.54806, -6.89839 ], [ 107.548051, -6.89836 ], [ 107.548016, -6.898249 ], [ 107.548006, -6.898217 ], [ 107.547999, -6.898192 ], [ 107.547983, -6.898142 ], [ 107.547976, -6.898042 ], [ 107.547975, -6.898037 ], [ 107.547776, -6.897998 ], [ 107.547713, -6.897986 ], [ 107.547218, -6.897891 ], [ 107.547262, -6.897714 ], [ 107.547385, -6.897211 ], [ 107.547392, -6.897184 ], [ 107.547207, -6.897129 ], [ 107.547204, -6.897128 ], [ 107.547181, -6.897121 ], [ 107.547125, -6.897104 ], [ 107.547109, -6.8971 ], [ 107.547046, -6.897081 ], [ 107.546794, -6.897006 ], [ 107.546767, -6.896997 ], [ 107.546722, -6.897173 ], [ 107.546574, -6.897753 ], [ 107.546394, -6.897719 ], [ 107.546372, -6.897714 ], [ 107.546079, -6.897659 ], [ 107.546078, -6.897393 ], [ 107.546097, -6.897159 ], [ 107.546118, -6.896893 ], [ 107.546134, -6.896714 ], [ 107.546146, -6.896583 ], [ 107.546151, -6.896531 ], [ 107.546182, -6.896274 ], [ 107.546185, -6.896252 ], [ 107.5462, -6.896168 ], [ 107.546207, -6.896128 ], [ 107.546207, -6.896127 ], [ 107.546232, -6.895986 ], [ 107.546249, -6.895892 ], [ 107.546256, -6.895852 ], [ 107.546272, -6.895763 ], [ 107.546282, -6.895711 ], [ 107.546305, -6.895579 ], [ 107.546308, -6.895561 ], [ 107.546313, -6.895538 ], [ 107.546314, -6.895529 ], [ 107.546315, -6.895526 ], [ 107.546324, -6.895472 ], [ 107.546333, -6.895424 ], [ 107.546312, -6.89542 ], [ 107.546129, -6.895384 ], [ 107.546122, -6.895382 ], [ 107.546119, -6.895347 ], [ 107.54609, -6.895025 ], [ 107.54609, -6.895021 ], [ 107.546087, -6.894997 ], [ 107.546083, -6.894952 ], [ 107.546073, -6.89486 ], [ 107.546072, -6.894843 ], [ 107.546068, -6.894802 ], [ 107.546012, -6.89438 ], [ 107.545993, -6.894234 ], [ 107.545954, -6.893936 ], [ 107.54595, -6.8939 ], [ 107.545927, -6.89373 ], [ 107.545939, -6.893661 ], [ 107.545951, -6.893585 ], [ 107.54597, -6.893168 ], [ 107.54597, -6.893156 ], [ 107.545971, -6.893135 ], [ 107.545957, -6.893128 ], [ 107.545868, -6.893081 ], [ 107.545781, -6.893036 ], [ 107.545638, -6.892961 ], [ 107.545476, -6.892877 ], [ 107.545426, -6.892851 ], [ 107.545427, -6.892845 ], [ 107.545437, -6.892734 ], [ 107.54544, -6.892708 ], [ 107.545442, -6.892686 ], [ 107.545025, -6.892524 ], [ 107.545025, -6.892486 ], [ 107.545025, -6.892463 ], [ 107.545025, -6.892427 ], [ 107.54488, -6.892364 ], [ 107.54481, -6.892334 ], [ 107.544666, -6.892272 ], [ 107.544655, -6.892267 ], [ 107.54454, -6.892218 ], [ 107.544538, -6.892216 ], [ 107.544446, -6.892177 ], [ 107.544357, -6.892382 ], [ 107.544311, -6.892378 ], [ 107.544189, -6.892902 ], [ 107.544032, -6.892886 ], [ 107.543722, -6.892854 ], [ 107.543614, -6.892599 ], [ 107.543677, -6.89224 ], [ 107.543876, -6.891102 ], [ 107.543879, -6.891087 ], [ 107.543897, -6.890985 ], [ 107.543756, -6.890945 ], [ 107.543487, -6.890867 ], [ 107.543544, -6.890496 ], [ 107.543586, -6.890226 ], [ 107.54359, -6.8902 ], [ 107.543597, -6.890155 ], [ 107.543602, -6.890123 ], [ 107.543606, -6.890094 ], [ 107.543611, -6.890061 ], [ 107.543657, -6.889763 ], [ 107.543664, -6.889721 ], [ 107.543639, -6.88959 ], [ 107.543466, -6.889361 ], [ 107.543416, -6.889156 ], [ 107.543658, -6.888085 ], [ 107.543661, -6.888072 ], [ 107.543669, -6.888039 ], [ 107.543778, -6.887555 ], [ 107.54509, -6.887878 ], [ 107.545447, -6.886192 ], [ 107.54558, -6.88622 ], [ 107.545744, -6.886202 ], [ 107.545886, -6.886301 ], [ 107.545927, -6.886316 ], [ 107.546042, -6.886357 ], [ 107.546341, -6.886407 ], [ 107.546365, -6.886411 ], [ 107.546432, -6.886422 ], [ 107.546533, -6.886439 ], [ 107.546615, -6.886453 ], [ 107.546658, -6.88646 ], [ 107.546705, -6.886468 ], [ 107.546709, -6.886469 ], [ 107.546796, -6.886483 ], [ 107.546841, -6.886282 ], [ 107.546849, -6.886245 ], [ 107.546867, -6.886166 ], [ 107.546965, -6.885928 ], [ 107.547035, -6.885786 ], [ 107.547064, -6.885726 ], [ 107.547069, -6.885715 ], [ 107.547124, -6.885602 ], [ 107.547172, -6.885504 ], [ 107.547192, -6.885463 ], [ 107.547213, -6.885408 ], [ 107.547247, -6.885317 ], [ 107.54728, -6.885232 ], [ 107.54732, -6.885127 ], [ 107.54732, -6.885126 ], [ 107.54736, -6.88502 ], [ 107.547368, -6.885001 ], [ 107.547396, -6.884927 ], [ 107.547434, -6.884826 ], [ 107.547475, -6.88472 ], [ 107.547481, -6.884703 ], [ 107.547544, -6.884537 ], [ 107.54755, -6.884523 ], [ 107.54756, -6.884496 ], [ 107.547573, -6.884461 ], [ 107.547605, -6.884378 ], [ 107.547627, -6.884319 ], [ 107.547667, -6.884215 ], [ 107.547675, -6.884194 ], [ 107.547681, -6.884177 ], [ 107.547711, -6.884099 ], [ 107.547714, -6.88409 ], [ 107.54774, -6.884022 ], [ 107.547807, -6.883847 ], [ 107.547834, -6.883776 ], [ 107.547889, -6.883631 ], [ 107.547923, -6.883542 ], [ 107.547935, -6.883511 ], [ 107.547944, -6.883486 ], [ 107.547988, -6.883372 ], [ 107.548009, -6.883316 ], [ 107.548026, -6.88329 ], [ 107.548037, -6.883273 ], [ 107.548108, -6.883162 ], [ 107.548119, -6.883161 ], [ 107.548162, -6.883157 ], [ 107.548168, -6.883156 ], [ 107.548178, -6.883155 ], [ 107.54825, -6.883148 ], [ 107.548274, -6.883072 ], [ 107.548296, -6.883002 ], [ 107.548309, -6.882959 ], [ 107.548341, -6.882856 ], [ 107.548356, -6.88281 ], [ 107.548356, -6.88281 ], [ 107.548371, -6.882762 ], [ 107.5484, -6.882669 ], [ 107.548433, -6.882565 ], [ 107.548433, -6.882565 ], [ 107.548471, -6.882473 ], [ 107.548512, -6.882373 ], [ 107.548554, -6.882272 ], [ 107.548595, -6.882172 ], [ 107.548636, -6.882072 ], [ 107.548731, -6.881842 ], [ 107.548744, -6.881811 ], [ 107.548797, -6.881784 ], [ 107.548983, -6.881691 ], [ 107.549084, -6.88164 ], [ 107.549099, -6.881637 ], [ 107.549225, -6.881606 ], [ 107.549379, -6.881568 ], [ 107.549492, -6.88154 ], [ 107.549539, -6.881529 ], [ 107.549553, -6.881525 ], [ 107.549659, -6.881472 ], [ 107.549752, -6.881425 ], [ 107.54978, -6.881395 ], [ 107.549951, -6.881212 ], [ 107.549972, -6.881189 ], [ 107.549998, -6.881161 ], [ 107.550133, -6.881017 ], [ 107.550165, -6.880982 ], [ 107.550291, -6.880847 ], [ 107.550344, -6.88079 ], [ 107.550416, -6.880713 ], [ 107.550426, -6.880702 ], [ 107.550438, -6.88069 ], [ 107.550572, -6.880546 ], [ 107.550767, -6.880864 ], [ 107.550819, -6.880949 ], [ 107.550972, -6.881198 ], [ 107.551066, -6.881351 ], [ 107.551458, -6.881991 ], [ 107.551488, -6.88204 ], [ 107.55149, -6.882043 ], [ 107.551546, -6.882134 ], [ 107.551589, -6.882204 ], [ 107.551769, -6.882498 ], [ 107.551821, -6.882582 ], [ 107.551879, -6.882677 ], [ 107.551928, -6.882757 ], [ 107.552016, -6.882901 ], [ 107.552036, -6.882934 ], [ 107.552079, -6.883004 ], [ 107.552277, -6.883326 ], [ 107.552347, -6.883441 ], [ 107.552364, -6.883469 ], [ 107.552397, -6.883522 ], [ 107.552455, -6.883617 ], [ 107.552539, -6.883754 ], [ 107.552619, -6.883885 ], [ 107.552729, -6.884064 ], [ 107.552932, -6.884395 ], [ 107.553004, -6.884513 ], [ 107.553086, -6.884646 ] ] ] } },
{ "type": "Feature", "properties": { "KECAMATAN": "Cimahi Tengah", "KELURAHAN": "Kel. Cimahi" }, "geometry": { "type": "Polygon", "coordinates": [ [ [ 107.543154, -6.868197 ], [ 107.543162, -6.868237 ], [ 107.543189, -6.868386 ], [ 107.543213, -6.86852 ], [ 107.543218, -6.868546 ], [ 107.54328, -6.868575 ], [ 107.543298, -6.868583 ], [ 107.54336, -6.868612 ], [ 107.543471, -6.868664 ], [ 107.543482, -6.868669 ], [ 107.543681, -6.868761 ], [ 107.543704, -6.868772 ], [ 107.543747, -6.868796 ], [ 107.543866, -6.868862 ], [ 107.543915, -6.868889 ], [ 107.543936, -6.868903 ], [ 107.54397, -6.868924 ], [ 107.543983, -6.868933 ], [ 107.544021, -6.868957 ], [ 107.544053, -6.868978 ], [ 107.54408, -6.868995 ], [ 107.544103, -6.86901 ], [ 107.544142, -6.869035 ], [ 107.544182, -6.869061 ], [ 107.544247, -6.869103 ], [ 107.544361, -6.869177 ], [ 107.544199, -6.869464 ], [ 107.544177, -6.869503 ], [ 107.544224, -6.869551 ], [ 107.544297, -6.869625 ], [ 107.544337, -6.869667 ], [ 107.544353, -6.869687 ], [ 107.544396, -6.869741 ], [ 107.544409, -6.869756 ], [ 107.544466, -6.86998 ], [ 107.544481, -6.87004 ], [ 107.544482, -6.870042 ], [ 107.544496, -6.870077 ], [ 107.544503, -6.870095 ], [ 107.544525, -6.870148 ], [ 107.544543, -6.870194 ], [ 107.544584, -6.870297 ], [ 107.544775, -6.870205 ], [ 107.544788, -6.870199 ], [ 107.544813, -6.870187 ], [ 107.544845, -6.870171 ], [ 107.544912, -6.870138 ], [ 107.545246, -6.869978 ], [ 107.54529, -6.869957 ], [ 107.545292, -6.869955 ], [ 107.54536, -6.869923 ], [ 107.545363, -6.869921 ], [ 107.545373, -6.869929 ], [ 107.545419, -6.869962 ], [ 107.545472, -6.870001 ], [ 107.5455, -6.870021 ], [ 107.545508, -6.870027 ], [ 107.545537, -6.870047 ], [ 107.545631, -6.870116 ], [ 107.545686, -6.870156 ], [ 107.545713, -6.870224 ], [ 107.545775, -6.870375 ], [ 107.545777, -6.87038 ], [ 107.545812, -6.8704 ], [ 107.545853, -6.870424 ], [ 107.545958, -6.870483 ], [ 107.546059, -6.870541 ], [ 107.546068, -6.870545 ], [ 107.546076, -6.87055 ], [ 107.546167, -6.870602 ], [ 107.546285, -6.870669 ], [ 107.54647, -6.870774 ], [ 107.546475, -6.870776 ], [ 107.546464, -6.870868 ], [ 107.546453, -6.870969 ], [ 107.546452, -6.870974 ], [ 107.546433, -6.871144 ], [ 107.546477, -6.871165 ], [ 107.546483, -6.871168 ], [ 107.546488, -6.87117 ], [ 107.546556, -6.871202 ], [ 107.546628, -6.871236 ], [ 107.546787, -6.87131 ], [ 107.546796, -6.871295 ], [ 107.546847, -6.871208 ], [ 107.546872, -6.871166 ], [ 107.546899, -6.871121 ], [ 107.546913, -6.871097 ], [ 107.546969, -6.871002 ], [ 107.546998, -6.871013 ], [ 107.547058, -6.871034 ], [ 107.547149, -6.871067 ], [ 107.547269, -6.87111 ], [ 107.547298, -6.871121 ], [ 107.547322, -6.87113 ], [ 107.547426, -6.871172 ], [ 107.547454, -6.871185 ], [ 107.547516, -6.871213 ], [ 107.547632, -6.87124 ], [ 107.54767, -6.871249 ], [ 107.547697, -6.871255 ], [ 107.547742, -6.871266 ], [ 107.547758, -6.871269 ], [ 107.54782, -6.871284 ], [ 107.547938, -6.871311 ], [ 107.54797, -6.871318 ], [ 107.547994, -6.871324 ], [ 107.548069, -6.871341 ], [ 107.548081, -6.871344 ], [ 107.548121, -6.871353 ], [ 107.548207, -6.871373 ], [ 107.54829, -6.871392 ], [ 107.548344, -6.871396 ], [ 107.548351, -6.871397 ], [ 107.548353, -6.871397 ], [ 107.548392, -6.871399 ], [ 107.548396, -6.8714 ], [ 107.548397, -6.8714 ], [ 107.548524, -6.871405 ], [ 107.548583, -6.871401 ], [ 107.548637, -6.871398 ], [ 107.548703, -6.871393 ], [ 107.548745, -6.871391 ], [ 107.548758, -6.871371 ], [ 107.548779, -6.871338 ], [ 107.548814, -6.871302 ], [ 107.548853, -6.871261 ], [ 107.548886, -6.871227 ], [ 107.548899, -6.871214 ], [ 107.548915, -6.871197 ], [ 107.548917, -6.871196 ], [ 107.548999, -6.87112 ], [ 107.549049, -6.871104 ], [ 107.549092, -6.87109 ], [ 107.549115, -6.871089 ], [ 107.549134, -6.871089 ], [ 107.549227, -6.871088 ], [ 107.549236, -6.871088 ], [ 107.549292, -6.871087 ], [ 107.549293, -6.871087 ], [ 107.549419, -6.871085 ], [ 107.549472, -6.871084 ], [ 107.549483, -6.871084 ], [ 107.549535, -6.871082 ], [ 107.549585, -6.87108 ], [ 107.549642, -6.871076 ], [ 107.549657, -6.871075 ], [ 107.549671, -6.871074 ], [ 107.54972, -6.871071 ], [ 107.549765, -6.871068 ], [ 107.549867, -6.871058 ], [ 107.549867, -6.871058 ], [ 107.549937, -6.871048 ], [ 107.550019, -6.871037 ], [ 107.550072, -6.87106 ], [ 107.550108, -6.871091 ], [ 107.550181, -6.871155 ], [ 107.550207, -6.871179 ], [ 107.550208, -6.871179 ], [ 107.550214, -6.871184 ], [ 107.55038, -6.87133 ], [ 107.550393, -6.871342 ], [ 107.550447, -6.871389 ], [ 107.550459, -6.8714 ], [ 107.550499, -6.871435 ], [ 107.550543, -6.871473 ], [ 107.550554, -6.871483 ], [ 107.550573, -6.871459 ], [ 107.550641, -6.87137 ], [ 107.550644, -6.871366 ], [ 107.550659, -6.871346 ], [ 107.550705, -6.871287 ], [ 107.550848, -6.8711 ], [ 107.550904, -6.871027 ], [ 107.550907, -6.871024 ], [ 107.551086, -6.871105 ], [ 107.551115, -6.871209 ], [ 107.551139, -6.871296 ], [ 107.551274, -6.871472 ], [ 107.551613, -6.871097 ], [ 107.55167, -6.871172 ], [ 107.551692, -6.871303 ], [ 107.551696, -6.871326 ], [ 107.551717, -6.871391 ], [ 107.551724, -6.871411 ], [ 107.551725, -6.871415 ], [ 107.551756, -6.871513 ], [ 107.551758, -6.871518 ], [ 107.551761, -6.871527 ], [ 107.551766, -6.871543 ], [ 107.551743, -6.871613 ], [ 107.551703, -6.871733 ], [ 107.551671, -6.871792 ], [ 107.551621, -6.871885 ], [ 107.551571, -6.871978 ], [ 107.551534, -6.872109 ], [ 107.551418, -6.872153 ], [ 107.551328, -6.872155 ], [ 107.551282, -6.872202 ], [ 107.551261, -6.872224 ], [ 107.551215, -6.872272 ], [ 107.551186, -6.872301 ], [ 107.551161, -6.872322 ], [ 107.551086, -6.872381 ], [ 107.551021, -6.872434 ], [ 107.550973, -6.872473 ], [ 107.550926, -6.872511 ], [ 107.550922, -6.872513 ], [ 107.550918, -6.872517 ], [ 107.550861, -6.872515 ], [ 107.550836, -6.872515 ], [ 107.550815, -6.872514 ], [ 107.55075, -6.872513 ], [ 107.550536, -6.872508 ], [ 107.550533, -6.872506 ], [ 107.550457, -6.872454 ], [ 107.550347, -6.872348 ], [ 107.550333, -6.872334 ], [ 107.550318, -6.872325 ], [ 107.550291, -6.872308 ], [ 107.550277, -6.872299 ], [ 107.550276, -6.872298 ], [ 107.550276, -6.872298 ], [ 107.550151, -6.87222 ], [ 107.550139, -6.872215 ], [ 107.550121, -6.872206 ], [ 107.54993, -6.872115 ], [ 107.54988, -6.872092 ], [ 107.549846, -6.872082 ], [ 107.549829, -6.872077 ], [ 107.549713, -6.872043 ], [ 107.549607, -6.87208 ], [ 107.549535, -6.872152 ], [ 107.549529, -6.872174 ], [ 107.549499, -6.872295 ], [ 107.549493, -6.872321 ], [ 107.549505, -6.872373 ], [ 107.549526, -6.872465 ], [ 107.549553, -6.872534 ], [ 107.549559, -6.872548 ], [ 107.549548, -6.872587 ], [ 107.549547, -6.872592 ], [ 107.54953, -6.872655 ], [ 107.549503, -6.87269 ], [ 107.549486, -6.872712 ], [ 107.549408, -6.872815 ], [ 107.549279, -6.872983 ], [ 107.549279, -6.872983 ], [ 107.549183, -6.873109 ], [ 107.549075, -6.87325 ], [ 107.549023, -6.873318 ], [ 107.548888, -6.87355 ], [ 107.548793, -6.873686 ], [ 107.548749, -6.873748 ], [ 107.548745, -6.873754 ], [ 107.548735, -6.873767 ], [ 107.548698, -6.87382 ], [ 107.54861, -6.87392 ], [ 107.548526, -6.873982 ], [ 107.548494, -6.874024 ], [ 107.548437, -6.8741 ], [ 107.548461, -6.874238 ], [ 107.548403, -6.874329 ], [ 107.548272, -6.874367 ], [ 107.548201, -6.874469 ], [ 107.548197, -6.874474 ], [ 107.548172, -6.874604 ], [ 107.548156, -6.87465 ], [ 107.548153, -6.87466 ], [ 107.548147, -6.874676 ], [ 107.54807, -6.874712 ], [ 107.548068, -6.874713 ], [ 107.548068, -6.874714 ], [ 107.548014, -6.874696 ], [ 107.547932, -6.87467 ], [ 107.547898, -6.874644 ], [ 107.547889, -6.874637 ], [ 107.547878, -6.874624 ], [ 107.547849, -6.874588 ], [ 107.547796, -6.874522 ], [ 107.547774, -6.874494 ], [ 107.547768, -6.874493 ], [ 107.547596, -6.87445 ], [ 107.547533, -6.874435 ], [ 107.547382, -6.874439 ], [ 107.547312, -6.874455 ], [ 107.547271, -6.874465 ], [ 107.547256, -6.874489 ], [ 107.54717, -6.874624 ], [ 107.547103, -6.874669 ], [ 107.546989, -6.874831 ], [ 107.546977, -6.874887 ], [ 107.54695, -6.875012 ], [ 107.54692, -6.875082 ], [ 107.547024, -6.875209 ], [ 107.547123, -6.875263 ], [ 107.547129, -6.875267 ], [ 107.547157, -6.875384 ], [ 107.547158, -6.875387 ], [ 107.547144, -6.875477 ], [ 107.547124, -6.875596 ], [ 107.547124, -6.875597 ], [ 107.547088, -6.875721 ], [ 107.547057, -6.87576 ], [ 107.547046, -6.875775 ], [ 107.547004, -6.875827 ], [ 107.546929, -6.875939 ], [ 107.546926, -6.875944 ], [ 107.546868, -6.87603 ], [ 107.546861, -6.876044 ], [ 107.546828, -6.876112 ], [ 107.54675, -6.876273 ], [ 107.546742, -6.876287 ], [ 107.546735, -6.876302 ], [ 107.546703, -6.876369 ], [ 107.546698, -6.876379 ], [ 107.546102, -6.876014 ], [ 107.546089, -6.876007 ], [ 107.546067, -6.875993 ], [ 107.546053, -6.875984 ], [ 107.546037, -6.875975 ], [ 107.54603, -6.875971 ], [ 107.545407, -6.875589 ], [ 107.545176, -6.875448 ], [ 107.54421, -6.874858 ], [ 107.544116, -6.8748 ], [ 107.543951, -6.874699 ], [ 107.542579, -6.873861 ], [ 107.542222, -6.873642 ], [ 107.541975, -6.873491 ], [ 107.541741, -6.873348 ], [ 107.541666, -6.873302 ], [ 107.540839, -6.87284 ], [ 107.540452, -6.872606 ], [ 107.540045, -6.872357 ], [ 107.539705, -6.872136 ], [ 107.539421, -6.871949 ], [ 107.539111, -6.871745 ], [ 107.539109, -6.871743 ], [ 107.5391, -6.871738 ], [ 107.539059, -6.87171 ], [ 107.539036, -6.871696 ], [ 107.538945, -6.871637 ], [ 107.538793, -6.87154 ], [ 107.538592, -6.871424 ], [ 107.53859, -6.871422 ], [ 107.538498, -6.871372 ], [ 107.538483, -6.871364 ], [ 107.538469, -6.871356 ], [ 107.538382, -6.871308 ], [ 107.538396, -6.87125 ], [ 107.538398, -6.871241 ], [ 107.538419, -6.871155 ], [ 107.538424, -6.871135 ], [ 107.538437, -6.871084 ], [ 107.538526, -6.871131 ], [ 107.538566, -6.871153 ], [ 107.538648, -6.871196 ], [ 107.538698, -6.871223 ], [ 107.538716, -6.871179 ], [ 107.538727, -6.871154 ], [ 107.538808, -6.871151 ], [ 107.538813, -6.871072 ], [ 107.538814, -6.87106 ], [ 107.538831, -6.871054 ], [ 107.538844, -6.871049 ], [ 107.538869, -6.87104 ], [ 107.538935, -6.871016 ], [ 107.539001, -6.870992 ], [ 107.539037, -6.870979 ], [ 107.539127, -6.870947 ], [ 107.53917, -6.870957 ], [ 107.539197, -6.870943 ], [ 107.539338, -6.870871 ], [ 107.539434, -6.870834 ], [ 107.539436, -6.870834 ], [ 107.539497, -6.870819 ], [ 107.539554, -6.870805 ], [ 107.539618, -6.870789 ], [ 107.539642, -6.870783 ], [ 107.539675, -6.870761 ], [ 107.539719, -6.870732 ], [ 107.539728, -6.870726 ], [ 107.539781, -6.870691 ], [ 107.539833, -6.870656 ], [ 107.539886, -6.870621 ], [ 107.539888, -6.87062 ], [ 107.539934, -6.870577 ], [ 107.539942, -6.870568 ], [ 107.539977, -6.870535 ], [ 107.540028, -6.870487 ], [ 107.540196, -6.870338 ], [ 107.5402, -6.870335 ], [ 107.540239, -6.870303 ], [ 107.54029, -6.870263 ], [ 107.540336, -6.870226 ], [ 107.54034, -6.870222 ], [ 107.54039, -6.870182 ], [ 107.5404, -6.870174 ], [ 107.540422, -6.870156 ], [ 107.540438, -6.87014 ], [ 107.540484, -6.870092 ], [ 107.540506, -6.87007 ], [ 107.540526, -6.870036 ], [ 107.540564, -6.869972 ], [ 107.540603, -6.869904 ], [ 107.540613, -6.869885 ], [ 107.54065, -6.869815 ], [ 107.540683, -6.869752 ], [ 107.540752, -6.869621 ], [ 107.540782, -6.869507 ], [ 107.540791, -6.869471 ], [ 107.540811, -6.869392 ], [ 107.54082, -6.869359 ], [ 107.540774, -6.869331 ], [ 107.540695, -6.869282 ], [ 107.540689, -6.869279 ], [ 107.540669, -6.869267 ], [ 107.540658, -6.86926 ], [ 107.540613, -6.869232 ], [ 107.540536, -6.869185 ], [ 107.540488, -6.869155 ], [ 107.5405, -6.869134 ], [ 107.540527, -6.869088 ], [ 107.540537, -6.869071 ], [ 107.540542, -6.869064 ], [ 107.540543, -6.868973 ], [ 107.540543, -6.868934 ], [ 107.540528, -6.868867 ], [ 107.540523, -6.868843 ], [ 107.540516, -6.868812 ], [ 107.540541, -6.868764 ], [ 107.540572, -6.868702 ], [ 107.540572, -6.868702 ], [ 107.540639, -6.868685 ], [ 107.54067, -6.868677 ], [ 107.540713, -6.868676 ], [ 107.540751, -6.868675 ], [ 107.540771, -6.868673 ], [ 107.540788, -6.868671 ], [ 107.540862, -6.868662 ], [ 107.540868, -6.868661 ], [ 107.540886, -6.868641 ], [ 107.540908, -6.868618 ], [ 107.540951, -6.868571 ], [ 107.540963, -6.868557 ], [ 107.54099, -6.868518 ], [ 107.540993, -6.868513 ], [ 107.541023, -6.868472 ], [ 107.541026, -6.868468 ], [ 107.541028, -6.868466 ], [ 107.54103, -6.868462 ], [ 107.541068, -6.86841 ], [ 107.541107, -6.868356 ], [ 107.541117, -6.868343 ], [ 107.541272, -6.868221 ], [ 107.541396, -6.868119 ], [ 107.541598, -6.868183 ], [ 107.54171, -6.868219 ], [ 107.541734, -6.86815 ], [ 107.541738, -6.868138 ], [ 107.541798, -6.868098 ], [ 107.541838, -6.868072 ], [ 107.541878, -6.868045 ], [ 107.541889, -6.868038 ], [ 107.54192, -6.868017 ], [ 107.541922, -6.868016 ], [ 107.542012, -6.867956 ], [ 107.542142, -6.867936 ], [ 107.542161, -6.867857 ], [ 107.542175, -6.8678 ], [ 107.542192, -6.86773 ], [ 107.54222, -6.867614 ], [ 107.542238, -6.867539 ], [ 107.542284, -6.867547 ], [ 107.542288, -6.867548 ], [ 107.542422, -6.867572 ], [ 107.542404, -6.867645 ], [ 107.542417, -6.867657 ], [ 107.542461, -6.867681 ], [ 107.542464, -6.867683 ], [ 107.542535, -6.867721 ], [ 107.542632, -6.867773 ], [ 107.542656, -6.867786 ], [ 107.542666, -6.867792 ], [ 107.542713, -6.867817 ], [ 107.542752, -6.867838 ], [ 107.542783, -6.867854 ], [ 107.542842, -6.867904 ], [ 107.542884, -6.867938 ], [ 107.542953, -6.867968 ], [ 107.543024, -6.867999 ], [ 107.543126, -6.868044 ], [ 107.543133, -6.868079 ], [ 107.54314, -6.868121 ], [ 107.543154, -6.868197 ] ] ] } },
{ "type": "Feature", "properties": { "KECAMATAN": "Cimahi Tengah", "KELURAHAN": "Kel. Karangmekar" }, "geometry": { "type": "Polygon", "coordinates": [ [ [ 107.548341, -6.882856 ], [ 107.548309, -6.882959 ], [ 107.548296, -6.883002 ], [ 107.548274, -6.883072 ], [ 107.54825, -6.883148 ], [ 107.548178, -6.883155 ], [ 107.548168, -6.883156 ], [ 107.548162, -6.883157 ], [ 107.548119, -6.883161 ], [ 107.548108, -6.883162 ], [ 107.548037, -6.883273 ], [ 107.548026, -6.88329 ], [ 107.548009, -6.883316 ], [ 107.547988, -6.883372 ], [ 107.547944, -6.883486 ], [ 107.547935, -6.883511 ], [ 107.547923, -6.883542 ], [ 107.547889, -6.883631 ], [ 107.547834, -6.883776 ], [ 107.547807, -6.883847 ], [ 107.54774, -6.884022 ], [ 107.547714, -6.88409 ], [ 107.547711, -6.884099 ], [ 107.547681, -6.884177 ], [ 107.547675, -6.884194 ], [ 107.547667, -6.884215 ], [ 107.547627, -6.884319 ], [ 107.547605, -6.884378 ], [ 107.547573, -6.884461 ], [ 107.54756, -6.884496 ], [ 107.54755, -6.884523 ], [ 107.547544, -6.884537 ], [ 107.547481, -6.884703 ], [ 107.547475, -6.88472 ], [ 107.547434, -6.884826 ], [ 107.547396, -6.884927 ], [ 107.547368, -6.885001 ], [ 107.54736, -6.88502 ], [ 107.54732, -6.885126 ], [ 107.54732, -6.885127 ], [ 107.54728, -6.885232 ], [ 107.547247, -6.885317 ], [ 107.547213, -6.885408 ], [ 107.547192, -6.885463 ], [ 107.547172, -6.885504 ], [ 107.547124, -6.885602 ], [ 107.547069, -6.885715 ], [ 107.547064, -6.885726 ], [ 107.547035, -6.885786 ], [ 107.546965, -6.885928 ], [ 107.546867, -6.886166 ], [ 107.546849, -6.886245 ], [ 107.546841, -6.886282 ], [ 107.546796, -6.886483 ], [ 107.546709, -6.886469 ], [ 107.546705, -6.886468 ], [ 107.546658, -6.88646 ], [ 107.546615, -6.886453 ], [ 107.546533, -6.886439 ], [ 107.546432, -6.886422 ], [ 107.546365, -6.886411 ], [ 107.546341, -6.886407 ], [ 107.546042, -6.886357 ], [ 107.545927, -6.886316 ], [ 107.545886, -6.886301 ], [ 107.545744, -6.886202 ], [ 107.54558, -6.88622 ], [ 107.545447, -6.886192 ], [ 107.54509, -6.887878 ], [ 107.543778, -6.887555 ], [ 107.543923, -6.886913 ], [ 107.543211, -6.886696 ], [ 107.543224, -6.886632 ], [ 107.543424, -6.885624 ], [ 107.543446, -6.885517 ], [ 107.543461, -6.885438 ], [ 107.543469, -6.885398 ], [ 107.543481, -6.885341 ], [ 107.543504, -6.885222 ], [ 107.543576, -6.884861 ], [ 107.543582, -6.884829 ], [ 107.541959, -6.882894 ], [ 107.541775, -6.883065 ], [ 107.541541, -6.883281 ], [ 107.541357, -6.883451 ], [ 107.541289, -6.883514 ], [ 107.541183, -6.883612 ], [ 107.540982, -6.883798 ], [ 107.54079, -6.883976 ], [ 107.540579, -6.884102 ], [ 107.5405, -6.884058 ], [ 107.540434, -6.884109 ], [ 107.540273, -6.884233 ], [ 107.539904, -6.883844 ], [ 107.539713, -6.883641 ], [ 107.537626, -6.885392 ], [ 107.537599, -6.885506 ], [ 107.537551, -6.885713 ], [ 107.537457, -6.886103 ], [ 107.537367, -6.886367 ], [ 107.537347, -6.886428 ], [ 107.537315, -6.886528 ], [ 107.537288, -6.886613 ], [ 107.537277, -6.886646 ], [ 107.537236, -6.886796 ], [ 107.537209, -6.88689 ], [ 107.537183, -6.886999 ], [ 107.537154, -6.887122 ], [ 107.537132, -6.887176 ], [ 107.537131, -6.887179 ], [ 107.537033, -6.887421 ], [ 107.536942, -6.88758 ], [ 107.536872, -6.887702 ], [ 107.53669, -6.887561 ], [ 107.536571, -6.887469 ], [ 107.536377, -6.887318 ], [ 107.536291, -6.887215 ], [ 107.536273, -6.887193 ], [ 107.536176, -6.887077 ], [ 107.53607, -6.886949 ], [ 107.535432, -6.886181 ], [ 107.534456, -6.885007 ], [ 107.534036, -6.884426 ], [ 107.534176, -6.884258 ], [ 107.534246, -6.884198 ], [ 107.534275, -6.884173 ], [ 107.534413, -6.884055 ], [ 107.534416, -6.884053 ], [ 107.534447, -6.884026 ], [ 107.534552, -6.883936 ], [ 107.534587, -6.883905 ], [ 107.53466, -6.883843 ], [ 107.534662, -6.883841 ], [ 107.535148, -6.883425 ], [ 107.536944, -6.881883 ], [ 107.537766, -6.881178 ], [ 107.53784, -6.881115 ], [ 107.539047, -6.880079 ], [ 107.539523, -6.879671 ], [ 107.539564, -6.879635 ], [ 107.539579, -6.879623 ], [ 107.539594, -6.87961 ], [ 107.53966, -6.879553 ], [ 107.539692, -6.879526 ], [ 107.539772, -6.879458 ], [ 107.539949, -6.879305 ], [ 107.539978, -6.87928 ], [ 107.539976, -6.879274 ], [ 107.539956, -6.87922 ], [ 107.539948, -6.879195 ], [ 107.53985, -6.879141 ], [ 107.539812, -6.87912 ], [ 107.539754, -6.879087 ], [ 107.539473, -6.87893 ], [ 107.539601, -6.878306 ], [ 107.539699, -6.877831 ], [ 107.539699, -6.877829 ], [ 107.539707, -6.877789 ], [ 107.539753, -6.877566 ], [ 107.539771, -6.877477 ], [ 107.539777, -6.87745 ], [ 107.539791, -6.877379 ], [ 107.539801, -6.877333 ], [ 107.53981, -6.877286 ], [ 107.539836, -6.87716 ], [ 107.539911, -6.876795 ], [ 107.539942, -6.876645 ], [ 107.539943, -6.876638 ], [ 107.540021, -6.876443 ], [ 107.540028, -6.876425 ], [ 107.54003, -6.876419 ], [ 107.54007, -6.876317 ], [ 107.540113, -6.876209 ], [ 107.540194, -6.876058 ], [ 107.540368, -6.875734 ], [ 107.540378, -6.875715 ], [ 107.540429, -6.87562 ], [ 107.540455, -6.875571 ], [ 107.540505, -6.875478 ], [ 107.54054, -6.875412 ], [ 107.540564, -6.875367 ], [ 107.540582, -6.875334 ], [ 107.540612, -6.875278 ], [ 107.540671, -6.875167 ], [ 107.540685, -6.875141 ], [ 107.540731, -6.875056 ], [ 107.54078, -6.874963 ], [ 107.540787, -6.87495 ], [ 107.540813, -6.874902 ], [ 107.540845, -6.874842 ], [ 107.540911, -6.87472 ], [ 107.540996, -6.874559 ], [ 107.541031, -6.874495 ], [ 107.541041, -6.874475 ], [ 107.54107, -6.874421 ], [ 107.541174, -6.874226 ], [ 107.541198, -6.87418 ], [ 107.541242, -6.874098 ], [ 107.541264, -6.874057 ], [ 107.54133, -6.873932 ], [ 107.541542, -6.873533 ], [ 107.541621, -6.873386 ], [ 107.541634, -6.87336 ], [ 107.541666, -6.873302 ], [ 107.541741, -6.873348 ], [ 107.541975, -6.873491 ], [ 107.542222, -6.873642 ], [ 107.542579, -6.873861 ], [ 107.543951, -6.874699 ], [ 107.544116, -6.8748 ], [ 107.54421, -6.874858 ], [ 107.545176, -6.875448 ], [ 107.545407, -6.875589 ], [ 107.54603, -6.875971 ], [ 107.546037, -6.875975 ], [ 107.546053, -6.875984 ], [ 107.546067, -6.875993 ], [ 107.546089, -6.876007 ], [ 107.546102, -6.876014 ], [ 107.546698, -6.876379 ], [ 107.546897, -6.876512 ], [ 107.546971, -6.876562 ], [ 107.547053, -6.876616 ], [ 107.547124, -6.876664 ], [ 107.547221, -6.876729 ], [ 107.547448, -6.876881 ], [ 107.547828, -6.877135 ], [ 107.548047, -6.877282 ], [ 107.548473, -6.877567 ], [ 107.548631, -6.877673 ], [ 107.548647, -6.877683 ], [ 107.548685, -6.877709 ], [ 107.5487, -6.877719 ], [ 107.54885, -6.87782 ], [ 107.549068, -6.877965 ], [ 107.549172, -6.878145 ], [ 107.549182, -6.878161 ], [ 107.549237, -6.878256 ], [ 107.54934, -6.878431 ], [ 107.549361, -6.878468 ], [ 107.549361, -6.878469 ], [ 107.549398, -6.878532 ], [ 107.549454, -6.878628 ], [ 107.549495, -6.878698 ], [ 107.549533, -6.878763 ], [ 107.549573, -6.878831 ], [ 107.549605, -6.878886 ], [ 107.549652, -6.878967 ], [ 107.549725, -6.879093 ], [ 107.549867, -6.879336 ], [ 107.550153, -6.879826 ], [ 107.550365, -6.880191 ], [ 107.550401, -6.880251 ], [ 107.550449, -6.880335 ], [ 107.550484, -6.880394 ], [ 107.550501, -6.880424 ], [ 107.550572, -6.880546 ], [ 107.550438, -6.88069 ], [ 107.550426, -6.880702 ], [ 107.550416, -6.880713 ], [ 107.550344, -6.88079 ], [ 107.550291, -6.880847 ], [ 107.550165, -6.880982 ], [ 107.550133, -6.881017 ], [ 107.549998, -6.881161 ], [ 107.549972, -6.881189 ], [ 107.549951, -6.881212 ], [ 107.54978, -6.881395 ], [ 107.549752, -6.881425 ], [ 107.549659, -6.881472 ], [ 107.549553, -6.881525 ], [ 107.549539, -6.881529 ], [ 107.549492, -6.88154 ], [ 107.549379, -6.881568 ], [ 107.549225, -6.881606 ], [ 107.549099, -6.881637 ], [ 107.549084, -6.88164 ], [ 107.548983, -6.881691 ], [ 107.548797, -6.881784 ], [ 107.548744, -6.881811 ], [ 107.548731, -6.881842 ], [ 107.548636, -6.882072 ], [ 107.548595, -6.882172 ], [ 107.548554, -6.882272 ], [ 107.548512, -6.882373 ], [ 107.548471, -6.882473 ], [ 107.548433, -6.882565 ], [ 107.548433, -6.882565 ], [ 107.5484, -6.882669 ], [ 107.548371, -6.882762 ], [ 107.548356, -6.88281 ], [ 107.548356, -6.88281 ], [ 107.548341, -6.882856 ] ] ] } },
{ "type": "Feature", "properties": { "KECAMATAN": "Cimahi Tengah", "KELURAHAN": "Kel. Padasuka" }, "geometry": { "type": "Polygon", "coordinates": [ [ [ 107.532863, -6.865207 ], [ 107.532969, -6.865213 ], [ 107.533051, -6.865202 ], [ 107.533142, -6.865166 ], [ 107.533167, -6.865144 ], [ 107.533178, -6.865162 ], [ 107.533303, -6.865371 ], [ 107.533351, -6.865438 ], [ 107.533354, -6.865442 ], [ 107.533355, -6.865443 ], [ 107.533397, -6.865502 ], [ 107.533444, -6.865567 ], [ 107.533446, -6.86557 ], [ 107.533458, -6.865585 ], [ 107.533584, -6.86576 ], [ 107.533604, -6.865788 ], [ 107.533717, -6.865945 ], [ 107.534035, -6.866315 ], [ 107.53413, -6.866411 ], [ 107.534206, -6.866488 ], [ 107.534275, -6.866557 ], [ 107.534321, -6.866604 ], [ 107.534326, -6.866609 ], [ 107.534349, -6.866633 ], [ 107.534373, -6.866656 ], [ 107.534507, -6.86679 ], [ 107.534709, -6.86699 ], [ 107.534852, -6.867132 ], [ 107.534903, -6.867183 ], [ 107.535164, -6.867442 ], [ 107.535192, -6.86747 ], [ 107.53522, -6.867499 ], [ 107.535278, -6.867556 ], [ 107.535363, -6.86764 ], [ 107.53537, -6.867632 ], [ 107.535401, -6.867598 ], [ 107.535402, -6.867597 ], [ 107.535528, -6.867456 ], [ 107.535607, -6.867367 ], [ 107.535648, -6.867321 ], [ 107.535768, -6.867187 ], [ 107.535788, -6.867164 ], [ 107.535858, -6.867086 ], [ 107.53586, -6.867083 ], [ 107.535955, -6.866977 ], [ 107.536042, -6.86706 ], [ 107.536043, -6.867061 ], [ 107.536113, -6.867129 ], [ 107.536113, -6.867129 ], [ 107.536184, -6.867198 ], [ 107.536306, -6.867315 ], [ 107.536322, -6.867331 ], [ 107.536325, -6.86735 ], [ 107.536346, -6.867499 ], [ 107.536362, -6.867616 ], [ 107.536365, -6.867635 ], [ 107.53643, -6.867684 ], [ 107.536466, -6.867711 ], [ 107.536554, -6.867778 ], [ 107.536574, -6.867792 ], [ 107.536595, -6.867808 ], [ 107.536693, -6.867882 ], [ 107.536776, -6.867944 ], [ 107.536887, -6.868029 ], [ 107.537119, -6.86825 ], [ 107.53732, -6.868351 ], [ 107.537356, -6.868363 ], [ 107.537396, -6.868376 ], [ 107.537452, -6.868395 ], [ 107.537573, -6.868435 ], [ 107.537631, -6.868455 ], [ 107.537647, -6.86846 ], [ 107.537712, -6.868482 ], [ 107.537768, -6.868501 ], [ 107.537791, -6.868516 ], [ 107.537794, -6.868518 ], [ 107.537809, -6.868528 ], [ 107.537904, -6.868592 ], [ 107.538023, -6.868587 ], [ 107.538029, -6.868583 ], [ 107.538039, -6.868577 ], [ 107.538079, -6.868552 ], [ 107.538089, -6.868545 ], [ 107.538098, -6.86854 ], [ 107.538143, -6.868511 ], [ 107.538145, -6.86851 ], [ 107.538198, -6.868478 ], [ 107.538253, -6.868446 ], [ 107.538291, -6.868423 ], [ 107.538309, -6.868416 ], [ 107.538368, -6.868394 ], [ 107.538428, -6.868371 ], [ 107.538438, -6.868367 ], [ 107.538487, -6.868349 ], [ 107.538546, -6.868326 ], [ 107.538591, -6.868309 ], [ 107.538606, -6.868304 ], [ 107.538665, -6.868282 ], [ 107.538678, -6.868277 ], [ 107.538719, -6.868248 ], [ 107.538772, -6.868211 ], [ 107.538866, -6.868145 ], [ 107.538903, -6.868119 ], [ 107.538923, -6.86809 ], [ 107.538987, -6.868 ], [ 107.539026, -6.867974 ], [ 107.539049, -6.867959 ], [ 107.539061, -6.867951 ], [ 107.539107, -6.86792 ], [ 107.539224, -6.867862 ], [ 107.539225, -6.867862 ], [ 107.539269, -6.867839 ], [ 107.539295, -6.867723 ], [ 107.539301, -6.867695 ], [ 107.539409, -6.867646 ], [ 107.539417, -6.867641 ], [ 107.539438, -6.867626 ], [ 107.53945, -6.867617 ], [ 107.539478, -6.867597 ], [ 107.53954, -6.867509 ], [ 107.539551, -6.867494 ], [ 107.539662, -6.867485 ], [ 107.5398, -6.867568 ], [ 107.539852, -6.867578 ], [ 107.539927, -6.867594 ], [ 107.540027, -6.867634 ], [ 107.540043, -6.86764 ], [ 107.540102, -6.86766 ], [ 107.540212, -6.867698 ], [ 107.540315, -6.867724 ], [ 107.540337, -6.86773 ], [ 107.540341, -6.867731 ], [ 107.540354, -6.867732 ], [ 107.54039, -6.867735 ], [ 107.540495, -6.867746 ], [ 107.540597, -6.867758 ], [ 107.54062, -6.867761 ], [ 107.54068, -6.867771 ], [ 107.540686, -6.867773 ], [ 107.540766, -6.867787 ], [ 107.540767, -6.867787 ], [ 107.540832, -6.867798 ], [ 107.540856, -6.867797 ], [ 107.540996, -6.867791 ], [ 107.541022, -6.86779 ], [ 107.541209, -6.867621 ], [ 107.541253, -6.867582 ], [ 107.541256, -6.867579 ], [ 107.541281, -6.867545 ], [ 107.541445, -6.867326 ], [ 107.541593, -6.867128 ], [ 107.541735, -6.866951 ], [ 107.541777, -6.866898 ], [ 107.541781, -6.866893 ], [ 107.541817, -6.866852 ], [ 107.541852, -6.866812 ], [ 107.541931, -6.86672 ], [ 107.541971, -6.866738 ], [ 107.542034, -6.866765 ], [ 107.542096, -6.866793 ], [ 107.542308, -6.866887 ], [ 107.542309, -6.866887 ], [ 107.542373, -6.866915 ], [ 107.542417, -6.866935 ], [ 107.542536, -6.866987 ], [ 107.542549, -6.866993 ], [ 107.54256, -6.866998 ], [ 107.542541, -6.867078 ], [ 107.542532, -6.867114 ], [ 107.542527, -6.867136 ], [ 107.542526, -6.867139 ], [ 107.542492, -6.867281 ], [ 107.542491, -6.867283 ], [ 107.542485, -6.867311 ], [ 107.542484, -6.867311 ], [ 107.54246, -6.867414 ], [ 107.542459, -6.867415 ], [ 107.542457, -6.867427 ], [ 107.542446, -6.867471 ], [ 107.54244, -6.867494 ], [ 107.542422, -6.867572 ], [ 107.542288, -6.867548 ], [ 107.542284, -6.867547 ], [ 107.542238, -6.867539 ], [ 107.54222, -6.867614 ], [ 107.542192, -6.86773 ], [ 107.542175, -6.8678 ], [ 107.542161, -6.867857 ], [ 107.542142, -6.867936 ], [ 107.542012, -6.867956 ], [ 107.541922, -6.868016 ], [ 107.54192, -6.868017 ], [ 107.541889, -6.868038 ], [ 107.541878, -6.868045 ], [ 107.541838, -6.868072 ], [ 107.541798, -6.868098 ], [ 107.541738, -6.868138 ], [ 107.541734, -6.86815 ], [ 107.54171, -6.868219 ], [ 107.541598, -6.868183 ], [ 107.541396, -6.868119 ], [ 107.541272, -6.868221 ], [ 107.541117, -6.868343 ], [ 107.541107, -6.868356 ], [ 107.541068, -6.86841 ], [ 107.54103, -6.868462 ], [ 107.541028, -6.868466 ], [ 107.541026, -6.868468 ], [ 107.541023, -6.868472 ], [ 107.540993, -6.868513 ], [ 107.54099, -6.868518 ], [ 107.540963, -6.868557 ], [ 107.540951, -6.868571 ], [ 107.540908, -6.868618 ], [ 107.540886, -6.868641 ], [ 107.540868, -6.868661 ], [ 107.540862, -6.868662 ], [ 107.540788, -6.868671 ], [ 107.540771, -6.868673 ], [ 107.540751, -6.868675 ], [ 107.540713, -6.868676 ], [ 107.54067, -6.868677 ], [ 107.540639, -6.868685 ], [ 107.540572, -6.868702 ], [ 107.540572, -6.868702 ], [ 107.540541, -6.868764 ], [ 107.540516, -6.868812 ], [ 107.540523, -6.868843 ], [ 107.540528, -6.868867 ], [ 107.540543, -6.868934 ], [ 107.540543, -6.868973 ], [ 107.540542, -6.869064 ], [ 107.540537, -6.869071 ], [ 107.540527, -6.869088 ], [ 107.5405, -6.869134 ], [ 107.540488, -6.869155 ], [ 107.540536, -6.869185 ], [ 107.540613, -6.869232 ], [ 107.540658, -6.86926 ], [ 107.540669, -6.869267 ], [ 107.540689, -6.869279 ], [ 107.540695, -6.869282 ], [ 107.540774, -6.869331 ], [ 107.54082, -6.869359 ], [ 107.540811, -6.869392 ], [ 107.540791, -6.869471 ], [ 107.540782, -6.869507 ], [ 107.540752, -6.869621 ], [ 107.540683, -6.869752 ], [ 107.54065, -6.869815 ], [ 107.540613, -6.869885 ], [ 107.540603, -6.869904 ], [ 107.540564, -6.869972 ], [ 107.540526, -6.870036 ], [ 107.540506, -6.87007 ], [ 107.540484, -6.870092 ], [ 107.540438, -6.87014 ], [ 107.540422, -6.870156 ], [ 107.5404, -6.870174 ], [ 107.54039, -6.870182 ], [ 107.54034, -6.870222 ], [ 107.540336, -6.870226 ], [ 107.54029, -6.870263 ], [ 107.540239, -6.870303 ], [ 107.5402, -6.870335 ], [ 107.540196, -6.870338 ], [ 107.540028, -6.870487 ], [ 107.539977, -6.870535 ], [ 107.539942, -6.870568 ], [ 107.539934, -6.870577 ], [ 107.539888, -6.87062 ], [ 107.539886, -6.870621 ], [ 107.539833, -6.870656 ], [ 107.539781, -6.870691 ], [ 107.539728, -6.870726 ], [ 107.539719, -6.870732 ], [ 107.539675, -6.870761 ], [ 107.539642, -6.870783 ], [ 107.539618, -6.870789 ], [ 107.539554, -6.870805 ], [ 107.539497, -6.870819 ], [ 107.539436, -6.870834 ], [ 107.539434, -6.870834 ], [ 107.539338, -6.870871 ], [ 107.539197, -6.870943 ], [ 107.53917, -6.870957 ], [ 107.539127, -6.870947 ], [ 107.539037, -6.870979 ], [ 107.539001, -6.870992 ], [ 107.538935, -6.871016 ], [ 107.538869, -6.87104 ], [ 107.538844, -6.871049 ], [ 107.538831, -6.871054 ], [ 107.538814, -6.87106 ], [ 107.538813, -6.871072 ], [ 107.538808, -6.871151 ], [ 107.538727, -6.871154 ], [ 107.538716, -6.871179 ], [ 107.538698, -6.871223 ], [ 107.538648, -6.871196 ], [ 107.538566, -6.871153 ], [ 107.538526, -6.871131 ], [ 107.538437, -6.871084 ], [ 107.538424, -6.871135 ], [ 107.538419, -6.871155 ], [ 107.538398, -6.871241 ], [ 107.538396, -6.87125 ], [ 107.538382, -6.871308 ], [ 107.538169, -6.871197 ], [ 107.538091, -6.871156 ], [ 107.537913, -6.871063 ], [ 107.537882, -6.871099 ], [ 107.537863, -6.871121 ], [ 107.537804, -6.871191 ], [ 107.537716, -6.871294 ], [ 107.537701, -6.871309 ], [ 107.537694, -6.871315 ], [ 107.537564, -6.87144 ], [ 107.537549, -6.871446 ], [ 107.537411, -6.871508 ], [ 107.537313, -6.871476 ], [ 107.537215, -6.871251 ], [ 107.537173, -6.871157 ], [ 107.53714, -6.87108 ], [ 107.537138, -6.871075 ], [ 107.537111, -6.871012 ], [ 107.537107, -6.871004 ], [ 107.537092, -6.870969 ], [ 107.537074, -6.870928 ], [ 107.537059, -6.870934 ], [ 107.537034, -6.870944 ], [ 107.536979, -6.870966 ], [ 107.536977, -6.870967 ], [ 107.536904, -6.870963 ], [ 107.536758, -6.870955 ], [ 107.536689, -6.871012 ], [ 107.536614, -6.871074 ], [ 107.536613, -6.871075 ], [ 107.536612, -6.871076 ], [ 107.536444, -6.871078 ], [ 107.536422, -6.871078 ], [ 107.536419, -6.871078 ], [ 107.536332, -6.87108 ], [ 107.53631, -6.871086 ], [ 107.536238, -6.871107 ], [ 107.53615, -6.871132 ], [ 107.536113, -6.871127 ], [ 107.53604, -6.871117 ], [ 107.535939, -6.871103 ], [ 107.535906, -6.871131 ], [ 107.535901, -6.871135 ], [ 107.53583, -6.871166 ], [ 107.535812, -6.871163 ], [ 107.535724, -6.87115 ], [ 107.535723, -6.871149 ], [ 107.535641, -6.871143 ], [ 107.535639, -6.871144 ], [ 107.535576, -6.871164 ], [ 107.535532, -6.871178 ], [ 107.535375, -6.871229 ], [ 107.535285, -6.871312 ], [ 107.535234, -6.871359 ], [ 107.535153, -6.871456 ], [ 107.535135, -6.871477 ], [ 107.534946, -6.871673 ], [ 107.53479, -6.871773 ], [ 107.534779, -6.871781 ], [ 107.534671, -6.871857 ], [ 107.534639, -6.87188 ], [ 107.534614, -6.871923 ], [ 107.534588, -6.871969 ], [ 107.534554, -6.87203 ], [ 107.53452, -6.872091 ], [ 107.5345, -6.872126 ], [ 107.534482, -6.872148 ], [ 107.534476, -6.872155 ], [ 107.534469, -6.872164 ], [ 107.534402, -6.872245 ], [ 107.53423, -6.872392 ], [ 107.53412, -6.872444 ], [ 107.534024, -6.872535 ], [ 107.534017, -6.872542 ], [ 107.533996, -6.872561 ], [ 107.533975, -6.872596 ], [ 107.53394, -6.872653 ], [ 107.533938, -6.872656 ], [ 107.533953, -6.872722 ], [ 107.533958, -6.872744 ], [ 107.533971, -6.872799 ], [ 107.533918, -6.872893 ], [ 107.533821, -6.873067 ], [ 107.533731, -6.873229 ], [ 107.533716, -6.873318 ], [ 107.533668, -6.873553 ], [ 107.533658, -6.873606 ], [ 107.533654, -6.873617 ], [ 107.533612, -6.873754 ], [ 107.533611, -6.873758 ], [ 107.533595, -6.873816 ], [ 107.533578, -6.873877 ], [ 107.533561, -6.873938 ], [ 107.533561, -6.87394 ], [ 107.533539, -6.873998 ], [ 107.53349, -6.874128 ], [ 107.533463, -6.8742 ], [ 107.533447, -6.874241 ], [ 107.533378, -6.87431 ], [ 107.533351, -6.874338 ], [ 107.533259, -6.87443 ], [ 107.533197, -6.874512 ], [ 107.533168, -6.87455 ], [ 107.533153, -6.874572 ], [ 107.533108, -6.874639 ], [ 107.533057, -6.874715 ], [ 107.533043, -6.874849 ], [ 107.533087, -6.874946 ], [ 107.533132, -6.875043 ], [ 107.533065, -6.875337 ], [ 107.533051, -6.875398 ], [ 107.533038, -6.875455 ], [ 107.533031, -6.875485 ], [ 107.533015, -6.875555 ], [ 107.532982, -6.875701 ], [ 107.532955, -6.875782 ], [ 107.532929, -6.875861 ], [ 107.532923, -6.875916 ], [ 107.532919, -6.875955 ], [ 107.532912, -6.876035 ], [ 107.532911, -6.876051 ], [ 107.532902, -6.876263 ], [ 107.532895, -6.876433 ], [ 107.532892, -6.876503 ], [ 107.532891, -6.876543 ], [ 107.532877, -6.876872 ], [ 107.532854, -6.876936 ], [ 107.532795, -6.877104 ], [ 107.532731, -6.877215 ], [ 107.532731, -6.877216 ], [ 107.532722, -6.877229 ], [ 107.532682, -6.877291 ], [ 107.532653, -6.877326 ], [ 107.532603, -6.877388 ], [ 107.532589, -6.877405 ], [ 107.532565, -6.877435 ], [ 107.532534, -6.877474 ], [ 107.532462, -6.877563 ], [ 107.532311, -6.87778 ], [ 107.53228, -6.877889 ], [ 107.53222, -6.8781 ], [ 107.532205, -6.878177 ], [ 107.532191, -6.878245 ], [ 107.532155, -6.878403 ], [ 107.532131, -6.878494 ], [ 107.532125, -6.878516 ], [ 107.53212, -6.878536 ], [ 107.532034, -6.878705 ], [ 107.532033, -6.878708 ], [ 107.531937, -6.878787 ], [ 107.531888, -6.878827 ], [ 107.531814, -6.878854 ], [ 107.531799, -6.87886 ], [ 107.531692, -6.878898 ], [ 107.531663, -6.878911 ], [ 107.531635, -6.878924 ], [ 107.53163, -6.878926 ], [ 107.531545, -6.87903 ], [ 107.531544, -6.879031 ], [ 107.53152, -6.879061 ], [ 107.531481, -6.879108 ], [ 107.531475, -6.879115 ], [ 107.531402, -6.879205 ], [ 107.531348, -6.879272 ], [ 107.531284, -6.87935 ], [ 107.531277, -6.879358 ], [ 107.531228, -6.879419 ], [ 107.531181, -6.879475 ], [ 107.531099, -6.879576 ], [ 107.53101, -6.879685 ], [ 107.530964, -6.879741 ], [ 107.53094, -6.87977 ], [ 107.530929, -6.879784 ], [ 107.530809, -6.879932 ], [ 107.530808, -6.879932 ], [ 107.53079, -6.879954 ], [ 107.530735, -6.880022 ], [ 107.530714, -6.880047 ], [ 107.530695, -6.880075 ], [ 107.530677, -6.880101 ], [ 107.530589, -6.880226 ], [ 107.530529, -6.88031 ], [ 107.530505, -6.880345 ], [ 107.530418, -6.880469 ], [ 107.530364, -6.880546 ], [ 107.53034, -6.880579 ], [ 107.530189, -6.880793 ], [ 107.53008, -6.880949 ], [ 107.530077, -6.880954 ], [ 107.530055, -6.880984 ], [ 107.530068, -6.880994 ], [ 107.530238, -6.881128 ], [ 107.530252, -6.881139 ], [ 107.53031, -6.881184 ], [ 107.530369, -6.881231 ], [ 107.530314, -6.881342 ], [ 107.530305, -6.881361 ], [ 107.530236, -6.881502 ], [ 107.530114, -6.881748 ], [ 107.530085, -6.881894 ], [ 107.530036, -6.882129 ], [ 107.529969, -6.882458 ], [ 107.529972, -6.882479 ], [ 107.530014, -6.882747 ], [ 107.530021, -6.882789 ], [ 107.53005, -6.882973 ], [ 107.530104, -6.883277 ], [ 107.530166, -6.883565 ], [ 107.530146, -6.883788 ], [ 107.530128, -6.883992 ], [ 107.530113, -6.884171 ], [ 107.530112, -6.88418 ], [ 107.530211, -6.884215 ], [ 107.530181, -6.884292 ], [ 107.530165, -6.884332 ], [ 107.530148, -6.884377 ], [ 107.530094, -6.884514 ], [ 107.530142, -6.884662 ], [ 107.530145, -6.884671 ], [ 107.530153, -6.884697 ], [ 107.530174, -6.884761 ], [ 107.530174, -6.884763 ], [ 107.530195, -6.884825 ], [ 107.530212, -6.88488 ], [ 107.530251, -6.885002 ], [ 107.530246, -6.885028 ], [ 107.530231, -6.885112 ], [ 107.530229, -6.88512 ], [ 107.530208, -6.885159 ], [ 107.530202, -6.88517 ], [ 107.530103, -6.88535 ], [ 107.530081, -6.88539 ], [ 107.530043, -6.885459 ], [ 107.530038, -6.885468 ], [ 107.530019, -6.885503 ], [ 107.529949, -6.885631 ], [ 107.529982, -6.885787 ], [ 107.529986, -6.885806 ], [ 107.530013, -6.885933 ], [ 107.529993, -6.88608 ], [ 107.529972, -6.886118 ], [ 107.529868, -6.886267 ], [ 107.529851, -6.886292 ], [ 107.529695, -6.886503 ], [ 107.529691, -6.886509 ], [ 107.529632, -6.88661 ], [ 107.529629, -6.886615 ], [ 107.529598, -6.886703 ], [ 107.529567, -6.886788 ], [ 107.529563, -6.886799 ], [ 107.529561, -6.886804 ], [ 107.529543, -6.886826 ], [ 107.529447, -6.886949 ], [ 107.529427, -6.886975 ], [ 107.529335, -6.887157 ], [ 107.529142, -6.887451 ], [ 107.5291, -6.8875 ], [ 107.529032, -6.887579 ], [ 107.528878, -6.887615 ], [ 107.528766, -6.887642 ], [ 107.528663, -6.887663 ], [ 107.528443, -6.887709 ], [ 107.528284, -6.887737 ], [ 107.528103, -6.8879 ], [ 107.528016, -6.88803 ], [ 107.527919, -6.888175 ], [ 107.527802, -6.888348 ], [ 107.527776, -6.888653 ], [ 107.527772, -6.888699 ], [ 107.527748, -6.888696 ], [ 107.527642, -6.888683 ], [ 107.527578, -6.888675 ], [ 107.527428, -6.888701 ], [ 107.527264, -6.888729 ], [ 107.527059, -6.888733 ], [ 107.527033, -6.888402 ], [ 107.526853, -6.888318 ], [ 107.526698, -6.888314 ], [ 107.526461, -6.888304 ], [ 107.526134, -6.888362 ], [ 107.525992, -6.888348 ], [ 107.525854, -6.888373 ], [ 107.525805, -6.888148 ], [ 107.525799, -6.887996 ], [ 107.525791, -6.887819 ], [ 107.525781, -6.887582 ], [ 107.525776, -6.887469 ], [ 107.525766, -6.887242 ], [ 107.525761, -6.887129 ], [ 107.525306, -6.887169 ], [ 107.5253, -6.886997 ], [ 107.525296, -6.886632 ], [ 107.5253, -6.886464 ], [ 107.525303, -6.886368 ], [ 107.525309, -6.886136 ], [ 107.525252, -6.885885 ], [ 107.525252, -6.885882 ], [ 107.525122, -6.885629 ], [ 107.525044, -6.885486 ], [ 107.525029, -6.885457 ], [ 107.525001, -6.885405 ], [ 107.524977, -6.885303 ], [ 107.524971, -6.885281 ], [ 107.524968, -6.885268 ], [ 107.524933, -6.885116 ], [ 107.524913, -6.885033 ], [ 107.524893, -6.884947 ], [ 107.524868, -6.884841 ], [ 107.524848, -6.884783 ], [ 107.524737, -6.88447 ], [ 107.524725, -6.884433 ], [ 107.524703, -6.884367 ], [ 107.524682, -6.884304 ], [ 107.52468, -6.884237 ], [ 107.524679, -6.884189 ], [ 107.524679, -6.884187 ], [ 107.524677, -6.884136 ], [ 107.524677, -6.884135 ], [ 107.524684, -6.884102 ], [ 107.524697, -6.884041 ], [ 107.52474, -6.883839 ], [ 107.524761, -6.883757 ], [ 107.524795, -6.883627 ], [ 107.524822, -6.883556 ], [ 107.52483, -6.883537 ], [ 107.524867, -6.883442 ], [ 107.524898, -6.88335 ], [ 107.52491, -6.883315 ], [ 107.524916, -6.883298 ], [ 107.524943, -6.883218 ], [ 107.524903, -6.882957 ], [ 107.524899, -6.882933 ], [ 107.524868, -6.882898 ], [ 107.524731, -6.882742 ], [ 107.524565, -6.88261 ], [ 107.524528, -6.88258 ], [ 107.524525, -6.882578 ], [ 107.524499, -6.882561 ], [ 107.524421, -6.882509 ], [ 107.524277, -6.882414 ], [ 107.524047, -6.882262 ], [ 107.523875, -6.882148 ], [ 107.523835, -6.882131 ], [ 107.523786, -6.882109 ], [ 107.523683, -6.882064 ], [ 107.523593, -6.882025 ], [ 107.523587, -6.882025 ], [ 107.523487, -6.882022 ], [ 107.523335, -6.882017 ], [ 107.523258, -6.881999 ], [ 107.523184, -6.881982 ], [ 107.523175, -6.88198 ], [ 107.523124, -6.881968 ], [ 107.523072, -6.881956 ], [ 107.52307, -6.881956 ], [ 107.522999, -6.88194 ], [ 107.522955, -6.881929 ], [ 107.522909, -6.881919 ], [ 107.522745, -6.881881 ], [ 107.522458, -6.881845 ], [ 107.522372, -6.881772 ], [ 107.522183, -6.881609 ], [ 107.522089, -6.881528 ], [ 107.521809, -6.881402 ], [ 107.521638, -6.881324 ], [ 107.52147, -6.881264 ], [ 107.521395, -6.881237 ], [ 107.521358, -6.881226 ], [ 107.521225, -6.881187 ], [ 107.52117, -6.88117 ], [ 107.521107, -6.881152 ], [ 107.520769, -6.881053 ], [ 107.520496, -6.880907 ], [ 107.520313, -6.880716 ], [ 107.520209, -6.880475 ], [ 107.520127, -6.880174 ], [ 107.520025, -6.879819 ], [ 107.520023, -6.879812 ], [ 107.519861, -6.879406 ], [ 107.519992, -6.879093 ], [ 107.519981, -6.878938 ], [ 107.519923, -6.878629 ], [ 107.519967, -6.878406 ], [ 107.520026, -6.878237 ], [ 107.520056, -6.878105 ], [ 107.520085, -6.877975 ], [ 107.520106, -6.877801 ], [ 107.520111, -6.877765 ], [ 107.520102, -6.877677 ], [ 107.520055, -6.877502 ], [ 107.520044, -6.877451 ], [ 107.519995, -6.877311 ], [ 107.519972, -6.877246 ], [ 107.519901, -6.877038 ], [ 107.51988, -6.876809 ], [ 107.519877, -6.87677 ], [ 107.519873, -6.87676 ], [ 107.519858, -6.876709 ], [ 107.519828, -6.876614 ], [ 107.519807, -6.876546 ], [ 107.519807, -6.876544 ], [ 107.519804, -6.876497 ], [ 107.519802, -6.876462 ], [ 107.519772, -6.876407 ], [ 107.519768, -6.8764 ], [ 107.519676, -6.876269 ], [ 107.519653, -6.876183 ], [ 107.519604, -6.876056 ], [ 107.519491, -6.875741 ], [ 107.51946, -6.875604 ], [ 107.519403, -6.875438 ], [ 107.519385, -6.875421 ], [ 107.51936, -6.87536 ], [ 107.519333, -6.875274 ], [ 107.519262, -6.875243 ], [ 107.519121, -6.875195 ], [ 107.519102, -6.875182 ], [ 107.518979, -6.875105 ], [ 107.518871, -6.875053 ], [ 107.518743, -6.875 ], [ 107.518964, -6.87491 ], [ 107.520647, -6.874351 ], [ 107.521323, -6.874127 ], [ 107.521406, -6.874099 ], [ 107.521549, -6.874052 ], [ 107.521739, -6.873989 ], [ 107.521773, -6.873977 ], [ 107.521926, -6.873927 ], [ 107.521933, -6.873924 ], [ 107.521996, -6.873904 ], [ 107.522013, -6.873895 ], [ 107.522207, -6.873796 ], [ 107.522238, -6.87378 ], [ 107.522311, -6.873743 ], [ 107.522376, -6.87371 ], [ 107.522401, -6.873697 ], [ 107.522511, -6.873641 ], [ 107.522715, -6.87348 ], [ 107.522911, -6.873443 ], [ 107.523023, -6.873422 ], [ 107.523029, -6.873423 ], [ 107.523154, -6.873454 ], [ 107.523205, -6.873466 ], [ 107.523317, -6.87354 ], [ 107.523651, -6.87376 ], [ 107.524085, -6.874008 ], [ 107.524222, -6.874132 ], [ 107.524376, -6.87414 ], [ 107.524416, -6.874143 ], [ 107.524459, -6.874114 ], [ 107.524476, -6.874103 ], [ 107.524609, -6.874016 ], [ 107.524647, -6.87398 ], [ 107.524768, -6.873868 ], [ 107.524813, -6.873711 ], [ 107.524846, -6.873598 ], [ 107.524857, -6.87356 ], [ 107.524913, -6.873378 ], [ 107.525046, -6.873005 ], [ 107.525059, -6.872967 ], [ 107.525061, -6.872965 ], [ 107.525118, -6.872902 ], [ 107.525178, -6.872837 ], [ 107.525184, -6.87283 ], [ 107.52526, -6.872539 ], [ 107.525262, -6.872534 ], [ 107.525295, -6.872438 ], [ 107.525297, -6.872434 ], [ 107.525319, -6.872369 ], [ 107.525337, -6.872318 ], [ 107.525387, -6.872173 ], [ 107.525396, -6.872146 ], [ 107.525379, -6.87208 ], [ 107.525373, -6.872056 ], [ 107.5254, -6.871842 ], [ 107.525405, -6.871804 ], [ 107.525406, -6.871794 ], [ 107.525408, -6.871786 ], [ 107.525514, -6.87141 ], [ 107.525527, -6.871364 ], [ 107.525585, -6.871156 ], [ 107.525684, -6.870662 ], [ 107.52579, -6.870253 ], [ 107.525819, -6.870165 ], [ 107.525908, -6.8698 ], [ 107.525951, -6.869599 ], [ 107.526008, -6.869333 ], [ 107.526142, -6.8689 ], [ 107.526155, -6.868818 ], [ 107.526207, -6.868492 ], [ 107.526221, -6.868471 ], [ 107.52639, -6.868206 ], [ 107.526491, -6.868047 ], [ 107.526662, -6.867778 ], [ 107.526687, -6.86774 ], [ 107.526747, -6.867645 ], [ 107.526529, -6.867665 ], [ 107.526225, -6.867667 ], [ 107.52615, -6.867667 ], [ 107.526139, -6.867665 ], [ 107.525982, -6.86764 ], [ 107.525921, -6.867623 ], [ 107.525883, -6.867613 ], [ 107.525757, -6.867515 ], [ 107.525672, -6.867474 ], [ 107.525456, -6.867481 ], [ 107.52521, -6.86749 ], [ 107.525145, -6.86749 ], [ 107.524887, -6.867492 ], [ 107.524877, -6.867483 ], [ 107.52487, -6.867477 ], [ 107.524775, -6.867394 ], [ 107.52465, -6.867247 ], [ 107.524737, -6.867247 ], [ 107.524773, -6.867247 ], [ 107.524911, -6.867278 ], [ 107.524941, -6.867273 ], [ 107.525001, -6.867264 ], [ 107.525157, -6.86725 ], [ 107.525328, -6.867259 ], [ 107.525332, -6.867259 ], [ 107.525524, -6.867268 ], [ 107.525679, -6.867273 ], [ 107.525871, -6.867278 ], [ 107.526088, -6.867278 ], [ 107.526089, -6.867278 ], [ 107.526176, -6.867276 ], [ 107.526207, -6.867275 ], [ 107.526217, -6.867275 ], [ 107.526318, -6.867273 ], [ 107.526408, -6.867271 ], [ 107.526415, -6.867271 ], [ 107.52658, -6.867277 ], [ 107.526816, -6.867288 ], [ 107.52692, -6.867296 ], [ 107.527515, -6.867341 ], [ 107.528232, -6.867242 ], [ 107.528241, -6.867049 ], [ 107.528539, -6.866938 ], [ 107.528697, -6.866878 ], [ 107.528817, -6.866831 ], [ 107.528948, -6.866778 ], [ 107.529016, -6.866735 ], [ 107.529078, -6.866696 ], [ 107.529152, -6.86665 ], [ 107.529218, -6.866621 ], [ 107.529239, -6.866616 ], [ 107.529278, -6.866606 ], [ 107.529353, -6.866587 ], [ 107.529387, -6.866578 ], [ 107.529475, -6.866556 ], [ 107.529555, -6.866514 ], [ 107.529606, -6.866487 ], [ 107.529656, -6.866461 ], [ 107.529699, -6.866439 ], [ 107.529701, -6.866437 ], [ 107.529783, -6.866394 ], [ 107.529809, -6.86638 ], [ 107.529832, -6.866366 ], [ 107.529883, -6.866332 ], [ 107.529921, -6.866308 ], [ 107.529936, -6.866296 ], [ 107.529994, -6.866251 ], [ 107.530041, -6.866215 ], [ 107.530054, -6.866205 ], [ 107.530086, -6.866175 ], [ 107.530136, -6.86613 ], [ 107.530207, -6.866053 ], [ 107.530217, -6.866042 ], [ 107.530258, -6.865997 ], [ 107.530276, -6.865978 ], [ 107.530351, -6.865897 ], [ 107.530399, -6.865879 ], [ 107.530454, -6.865863 ], [ 107.53046, -6.865862 ], [ 107.530469, -6.865859 ], [ 107.530508, -6.865849 ], [ 107.530522, -6.865841 ], [ 107.530562, -6.865819 ], [ 107.530571, -6.865815 ], [ 107.530634, -6.865794 ], [ 107.530642, -6.865791 ], [ 107.530716, -6.865768 ], [ 107.53075, -6.865767 ], [ 107.530759, -6.865767 ], [ 107.530821, -6.865767 ], [ 107.530825, -6.865766 ], [ 107.530848, -6.865761 ], [ 107.53088, -6.865749 ], [ 107.530932, -6.865728 ], [ 107.53095, -6.86572 ], [ 107.530987, -6.865695 ], [ 107.530993, -6.865691 ], [ 107.531032, -6.865667 ], [ 107.531059, -6.865652 ], [ 107.53107, -6.865649 ], [ 107.531118, -6.86564 ], [ 107.531173, -6.865632 ], [ 107.531174, -6.865632 ], [ 107.531176, -6.86563 ], [ 107.531219, -6.865587 ], [ 107.531281, -6.865569 ], [ 107.531311, -6.865541 ], [ 107.53134, -6.865514 ], [ 107.531402, -6.8655 ], [ 107.531419, -6.865506 ], [ 107.531437, -6.865512 ], [ 107.53146, -6.86552 ], [ 107.531512, -6.865512 ], [ 107.531573, -6.865502 ], [ 107.531602, -6.865498 ], [ 107.531619, -6.865483 ], [ 107.531642, -6.865463 ], [ 107.531653, -6.865453 ], [ 107.531657, -6.865446 ], [ 107.531688, -6.865399 ], [ 107.531713, -6.865361 ], [ 107.531766, -6.865331 ], [ 107.531771, -6.865328 ], [ 107.531808, -6.865301 ], [ 107.531822, -6.865291 ], [ 107.531822, -6.86529 ], [ 107.531852, -6.865263 ], [ 107.531853, -6.865262 ], [ 107.531859, -6.865256 ], [ 107.531884, -6.865233 ], [ 107.531888, -6.865231 ], [ 107.531904, -6.86522 ], [ 107.531931, -6.865201 ], [ 107.531999, -6.865147 ], [ 107.532079, -6.865082 ], [ 107.532124, -6.865065 ], [ 107.532285, -6.865047 ], [ 107.532355, -6.865047 ], [ 107.532355, -6.865047 ], [ 107.532389, -6.865047 ], [ 107.53239, -6.865047 ], [ 107.532537, -6.865048 ], [ 107.532646, -6.86506 ], [ 107.532702, -6.865097 ], [ 107.532776, -6.865159 ], [ 107.532822, -6.865196 ], [ 107.532863, -6.865207 ] ] ] } },
{ "type": "Feature", "properties": { "KECAMATAN": "Cimahi Tengah", "KELURAHAN": "Kel. Setiamanah" }, "geometry": { "type": "Polygon", "coordinates": [ [ [ 107.537074, -6.870928 ], [ 107.537092, -6.870969 ], [ 107.537107, -6.871004 ], [ 107.537111, -6.871012 ], [ 107.537138, -6.871075 ], [ 107.53714, -6.87108 ], [ 107.537173, -6.871157 ], [ 107.537215, -6.871251 ], [ 107.537313, -6.871476 ], [ 107.537411, -6.871508 ], [ 107.537549, -6.871446 ], [ 107.537564, -6.87144 ], [ 107.537694, -6.871315 ], [ 107.537701, -6.871309 ], [ 107.537716, -6.871294 ], [ 107.537804, -6.871191 ], [ 107.537863, -6.871121 ], [ 107.537882, -6.871099 ], [ 107.537913, -6.871063 ], [ 107.538091, -6.871156 ], [ 107.538169, -6.871197 ], [ 107.538382, -6.871308 ], [ 107.538469, -6.871356 ], [ 107.538483, -6.871364 ], [ 107.538498, -6.871372 ], [ 107.53859, -6.871422 ], [ 107.538592, -6.871424 ], [ 107.538793, -6.87154 ], [ 107.538945, -6.871637 ], [ 107.539036, -6.871696 ], [ 107.539059, -6.87171 ], [ 107.5391, -6.871738 ], [ 107.539109, -6.871743 ], [ 107.539111, -6.871745 ], [ 107.539421, -6.871949 ], [ 107.539705, -6.872136 ], [ 107.540045, -6.872357 ], [ 107.540452, -6.872606 ], [ 107.540839, -6.87284 ], [ 107.541666, -6.873302 ], [ 107.541634, -6.87336 ], [ 107.541621, -6.873386 ], [ 107.541542, -6.873533 ], [ 107.54133, -6.873932 ], [ 107.541264, -6.874057 ], [ 107.541242, -6.874098 ], [ 107.541198, -6.87418 ], [ 107.541174, -6.874226 ], [ 107.54107, -6.874421 ], [ 107.541041, -6.874475 ], [ 107.541031, -6.874495 ], [ 107.540996, -6.874559 ], [ 107.540911, -6.87472 ], [ 107.540845, -6.874842 ], [ 107.540813, -6.874902 ], [ 107.540787, -6.87495 ], [ 107.54078, -6.874963 ], [ 107.540731, -6.875056 ], [ 107.540685, -6.875141 ], [ 107.540671, -6.875167 ], [ 107.540612, -6.875278 ], [ 107.540582, -6.875334 ], [ 107.540564, -6.875367 ], [ 107.54054, -6.875412 ], [ 107.540505, -6.875478 ], [ 107.540455, -6.875571 ], [ 107.540429, -6.87562 ], [ 107.540378, -6.875715 ], [ 107.540368, -6.875734 ], [ 107.540194, -6.876058 ], [ 107.540113, -6.876209 ], [ 107.54007, -6.876317 ], [ 107.54003, -6.876419 ], [ 107.540028, -6.876425 ], [ 107.540021, -6.876443 ], [ 107.539943, -6.876638 ], [ 107.539942, -6.876645 ], [ 107.539911, -6.876795 ], [ 107.539836, -6.87716 ], [ 107.53981, -6.877286 ], [ 107.539801, -6.877333 ], [ 107.539791, -6.877379 ], [ 107.539777, -6.87745 ], [ 107.539771, -6.877477 ], [ 107.539753, -6.877566 ], [ 107.539707, -6.877789 ], [ 107.539699, -6.877829 ], [ 107.539699, -6.877831 ], [ 107.539601, -6.878306 ], [ 107.539473, -6.87893 ], [ 107.539754, -6.879087 ], [ 107.539812, -6.87912 ], [ 107.53985, -6.879141 ], [ 107.539948, -6.879195 ], [ 107.539956, -6.87922 ], [ 107.539976, -6.879274 ], [ 107.539978, -6.87928 ], [ 107.539949, -6.879305 ], [ 107.539772, -6.879458 ], [ 107.539692, -6.879526 ], [ 107.53966, -6.879553 ], [ 107.539594, -6.87961 ], [ 107.539579, -6.879623 ], [ 107.539564, -6.879635 ], [ 107.539523, -6.879671 ], [ 107.539047, -6.880079 ], [ 107.53784, -6.881115 ], [ 107.537766, -6.881178 ], [ 107.536944, -6.881883 ], [ 107.535148, -6.883425 ], [ 107.534662, -6.883841 ], [ 107.53466, -6.883843 ], [ 107.534587, -6.883905 ], [ 107.534552, -6.883936 ], [ 107.534447, -6.884026 ], [ 107.534416, -6.884053 ], [ 107.534413, -6.884055 ], [ 107.534275, -6.884173 ], [ 107.534246, -6.884198 ], [ 107.534176, -6.884258 ], [ 107.533956, -6.884006 ], [ 107.533916, -6.88396 ], [ 107.533898, -6.883939 ], [ 107.533816, -6.883845 ], [ 107.533728, -6.883743 ], [ 107.533695, -6.883706 ], [ 107.533621, -6.883847 ], [ 107.533557, -6.883969 ], [ 107.533549, -6.883983 ], [ 107.533384, -6.884186 ], [ 107.533349, -6.8842 ], [ 107.533342, -6.884202 ], [ 107.533168, -6.884268 ], [ 107.533066, -6.884307 ], [ 107.533037, -6.884318 ], [ 107.532998, -6.884333 ], [ 107.532797, -6.884409 ], [ 107.532443, -6.884491 ], [ 107.532345, -6.884513 ], [ 107.532284, -6.88455 ], [ 107.532172, -6.884617 ], [ 107.532142, -6.884647 ], [ 107.532115, -6.884674 ], [ 107.53211, -6.884679 ], [ 107.532043, -6.884748 ], [ 107.531868, -6.884925 ], [ 107.53178, -6.885014 ], [ 107.53178, -6.885015 ], [ 107.531739, -6.885022 ], [ 107.531676, -6.885033 ], [ 107.53166, -6.885039 ], [ 107.531553, -6.885076 ], [ 107.531469, -6.885105 ], [ 107.531462, -6.885108 ], [ 107.531431, -6.885137 ], [ 107.531399, -6.885167 ], [ 107.531398, -6.885169 ], [ 107.531311, -6.885251 ], [ 107.531263, -6.885297 ], [ 107.531235, -6.885323 ], [ 107.531183, -6.885374 ], [ 107.531145, -6.88541 ], [ 107.531082, -6.88547 ], [ 107.531062, -6.885489 ], [ 107.531012, -6.885537 ], [ 107.530994, -6.885596 ], [ 107.530983, -6.885633 ], [ 107.530951, -6.885739 ], [ 107.530906, -6.885892 ], [ 107.530868, -6.886017 ], [ 107.530859, -6.886049 ], [ 107.530837, -6.886122 ], [ 107.530822, -6.886171 ], [ 107.530821, -6.886176 ], [ 107.530815, -6.886195 ], [ 107.530797, -6.886257 ], [ 107.530738, -6.886262 ], [ 107.53066, -6.886268 ], [ 107.530658, -6.886278 ], [ 107.530643, -6.886371 ], [ 107.530566, -6.886367 ], [ 107.530437, -6.88636 ], [ 107.530422, -6.886413 ], [ 107.530396, -6.886505 ], [ 107.530379, -6.886567 ], [ 107.530332, -6.886732 ], [ 107.530295, -6.886724 ], [ 107.530204, -6.886704 ], [ 107.530091, -6.88668 ], [ 107.530085, -6.886697 ], [ 107.53007, -6.886734 ], [ 107.530063, -6.886749 ], [ 107.529882, -6.887193 ], [ 107.52978, -6.887136 ], [ 107.529672, -6.887075 ], [ 107.529622, -6.887047 ], [ 107.529447, -6.886949 ], [ 107.529543, -6.886826 ], [ 107.529561, -6.886804 ], [ 107.529563, -6.886799 ], [ 107.529567, -6.886788 ], [ 107.529598, -6.886703 ], [ 107.529629, -6.886615 ], [ 107.529632, -6.88661 ], [ 107.529691, -6.886509 ], [ 107.529695, -6.886503 ], [ 107.529851, -6.886292 ], [ 107.529868, -6.886267 ], [ 107.529972, -6.886118 ], [ 107.529993, -6.88608 ], [ 107.530013, -6.885933 ], [ 107.529986, -6.885806 ], [ 107.529982, -6.885787 ], [ 107.529949, -6.885631 ], [ 107.530019, -6.885503 ], [ 107.530038, -6.885468 ], [ 107.530043, -6.885459 ], [ 107.530081, -6.88539 ], [ 107.530103, -6.88535 ], [ 107.530202, -6.88517 ], [ 107.530208, -6.885159 ], [ 107.530229, -6.88512 ], [ 107.530231, -6.885112 ], [ 107.530246, -6.885028 ], [ 107.530251, -6.885002 ], [ 107.530212, -6.88488 ], [ 107.530195, -6.884825 ], [ 107.530174, -6.884763 ], [ 107.530174, -6.884761 ], [ 107.530153, -6.884697 ], [ 107.530145, -6.884671 ], [ 107.530142, -6.884662 ], [ 107.530094, -6.884514 ], [ 107.530148, -6.884377 ], [ 107.530165, -6.884332 ], [ 107.530181, -6.884292 ], [ 107.530211, -6.884215 ], [ 107.530112, -6.88418 ], [ 107.530113, -6.884171 ], [ 107.530128, -6.883992 ], [ 107.530146, -6.883788 ], [ 107.530166, -6.883565 ], [ 107.530104, -6.883277 ], [ 107.53005, -6.882973 ], [ 107.530021, -6.882789 ], [ 107.530014, -6.882747 ], [ 107.529972, -6.882479 ], [ 107.529969, -6.882458 ], [ 107.530036, -6.882129 ], [ 107.530085, -6.881894 ], [ 107.530114, -6.881748 ], [ 107.530236, -6.881502 ], [ 107.530305, -6.881361 ], [ 107.530314, -6.881342 ], [ 107.530369, -6.881231 ], [ 107.53031, -6.881184 ], [ 107.530252, -6.881139 ], [ 107.530238, -6.881128 ], [ 107.530068, -6.880994 ], [ 107.530055, -6.880984 ], [ 107.530077, -6.880954 ], [ 107.53008, -6.880949 ], [ 107.530189, -6.880793 ], [ 107.53034, -6.880579 ], [ 107.530364, -6.880546 ], [ 107.530418, -6.880469 ], [ 107.530505, -6.880345 ], [ 107.530529, -6.88031 ], [ 107.530589, -6.880226 ], [ 107.530677, -6.880101 ], [ 107.530695, -6.880075 ], [ 107.530714, -6.880047 ], [ 107.530735, -6.880022 ], [ 107.53079, -6.879954 ], [ 107.530808, -6.879932 ], [ 107.530809, -6.879932 ], [ 107.530929, -6.879784 ], [ 107.53094, -6.87977 ], [ 107.530964, -6.879741 ], [ 107.53101, -6.879685 ], [ 107.531099, -6.879576 ], [ 107.531181, -6.879475 ], [ 107.531228, -6.879419 ], [ 107.531277, -6.879358 ], [ 107.531284, -6.87935 ], [ 107.531348, -6.879272 ], [ 107.531402, -6.879205 ], [ 107.531475, -6.879115 ], [ 107.531481, -6.879108 ], [ 107.53152, -6.879061 ], [ 107.531544, -6.879031 ], [ 107.531545, -6.87903 ], [ 107.53163, -6.878926 ], [ 107.531635, -6.878924 ], [ 107.531663, -6.878911 ], [ 107.531692, -6.878898 ], [ 107.531799, -6.87886 ], [ 107.531814, -6.878854 ], [ 107.531888, -6.878827 ], [ 107.531937, -6.878787 ], [ 107.532033, -6.878708 ], [ 107.532034, -6.878705 ], [ 107.53212, -6.878536 ], [ 107.532125, -6.878516 ], [ 107.532131, -6.878494 ], [ 107.532155, -6.878403 ], [ 107.532191, -6.878245 ], [ 107.532205, -6.878177 ], [ 107.53222, -6.8781 ], [ 107.53228, -6.877889 ], [ 107.532311, -6.87778 ], [ 107.532462, -6.877563 ], [ 107.532534, -6.877474 ], [ 107.532565, -6.877435 ], [ 107.532589, -6.877405 ], [ 107.532603, -6.877388 ], [ 107.532653, -6.877326 ], [ 107.532682, -6.877291 ], [ 107.532722, -6.877229 ], [ 107.532731, -6.877216 ], [ 107.532731, -6.877215 ], [ 107.532795, -6.877104 ], [ 107.532854, -6.876936 ], [ 107.532877, -6.876872 ], [ 107.532891, -6.876543 ], [ 107.532892, -6.876503 ], [ 107.532895, -6.876433 ], [ 107.532902, -6.876263 ], [ 107.532911, -6.876051 ], [ 107.532912, -6.876035 ], [ 107.532919, -6.875955 ], [ 107.532923, -6.875916 ], [ 107.532929, -6.875861 ], [ 107.532955, -6.875782 ], [ 107.532982, -6.875701 ], [ 107.533015, -6.875555 ], [ 107.533031, -6.875485 ], [ 107.533038, -6.875455 ], [ 107.533051, -6.875398 ], [ 107.533065, -6.875337 ], [ 107.533132, -6.875043 ], [ 107.533087, -6.874946 ], [ 107.533043, -6.874849 ], [ 107.533057, -6.874715 ], [ 107.533108, -6.874639 ], [ 107.533153, -6.874572 ], [ 107.533168, -6.87455 ], [ 107.533197, -6.874512 ], [ 107.533259, -6.87443 ], [ 107.533351, -6.874338 ], [ 107.533378, -6.87431 ], [ 107.533447, -6.874241 ], [ 107.533463, -6.8742 ], [ 107.53349, -6.874128 ], [ 107.533539, -6.873998 ], [ 107.533561, -6.87394 ], [ 107.533561, -6.873938 ], [ 107.533578, -6.873877 ], [ 107.533595, -6.873816 ], [ 107.533611, -6.873758 ], [ 107.533612, -6.873754 ], [ 107.533654, -6.873617 ], [ 107.533658, -6.873606 ], [ 107.533668, -6.873553 ], [ 107.533716, -6.873318 ], [ 107.533731, -6.873229 ], [ 107.533821, -6.873067 ], [ 107.533918, -6.872893 ], [ 107.533971, -6.872799 ], [ 107.533958, -6.872744 ], [ 107.533953, -6.872722 ], [ 107.533938, -6.872656 ], [ 107.53394, -6.872653 ], [ 107.533975, -6.872596 ], [ 107.533996, -6.872561 ], [ 107.534017, -6.872542 ], [ 107.534024, -6.872535 ], [ 107.53412, -6.872444 ], [ 107.53423, -6.872392 ], [ 107.534402, -6.872245 ], [ 107.534469, -6.872164 ], [ 107.534476, -6.872155 ], [ 107.534482, -6.872148 ], [ 107.5345, -6.872126 ], [ 107.53452, -6.872091 ], [ 107.534554, -6.87203 ], [ 107.534588, -6.871969 ], [ 107.534614, -6.871923 ], [ 107.534639, -6.87188 ], [ 107.534671, -6.871857 ], [ 107.534779, -6.871781 ], [ 107.53479, -6.871773 ], [ 107.534946, -6.871673 ], [ 107.535135, -6.871477 ], [ 107.535153, -6.871456 ], [ 107.535234, -6.871359 ], [ 107.535285, -6.871312 ], [ 107.535375, -6.871229 ], [ 107.535532, -6.871178 ], [ 107.535576, -6.871164 ], [ 107.535639, -6.871144 ], [ 107.535641, -6.871143 ], [ 107.535723, -6.871149 ], [ 107.535724, -6.87115 ], [ 107.535812, -6.871163 ], [ 107.53583, -6.871166 ], [ 107.535901, -6.871135 ], [ 107.535906, -6.871131 ], [ 107.535939, -6.871103 ], [ 107.53604, -6.871117 ], [ 107.536113, -6.871127 ], [ 107.53615, -6.871132 ], [ 107.536238, -6.871107 ], [ 107.53631, -6.871086 ], [ 107.536332, -6.87108 ], [ 107.536419, -6.871078 ], [ 107.536422, -6.871078 ], [ 107.536444, -6.871078 ], [ 107.536612, -6.871076 ], [ 107.536613, -6.871075 ], [ 107.536614, -6.871074 ], [ 107.536689, -6.871012 ], [ 107.536758, -6.870955 ], [ 107.536904, -6.870963 ], [ 107.536977, -6.870967 ], [ 107.536979, -6.870966 ], [ 107.537034, -6.870944 ], [ 107.537059, -6.870934 ], [ 107.537074, -6.870928 ] ] ] } },
{ "type": "Feature", "properties": { "KECAMATAN": "Cimahi Utara", "KELURAHAN": "Kel. Cibabat" }, "geometry": { "type": "Polygon", "coordinates": [ [ [ 107.562401, -6.860231 ], [ 107.56225, -6.860275 ], [ 107.562249, -6.860276 ], [ 107.562228, -6.860283 ], [ 107.562081, -6.860326 ], [ 107.562079, -6.860326 ], [ 107.561981, -6.860326 ], [ 107.561979, -6.860326 ], [ 107.561891, -6.860299 ], [ 107.561887, -6.860297 ], [ 107.561885, -6.860297 ], [ 107.561884, -6.860297 ], [ 107.561812, -6.86033 ], [ 107.561788, -6.860387 ], [ 107.561788, -6.860387 ], [ 107.561787, -6.860389 ], [ 107.561787, -6.86039 ], [ 107.561767, -6.860438 ], [ 107.561761, -6.860452 ], [ 107.561752, -6.860474 ], [ 107.561752, -6.860493 ], [ 107.561752, -6.8605 ], [ 107.561752, -6.8605 ], [ 107.561752, -6.860531 ], [ 107.561753, -6.860555 ], [ 107.561753, -6.860581 ], [ 107.561753, -6.860669 ], [ 107.561767, -6.860673 ], [ 107.561803, -6.860683 ], [ 107.56184, -6.860694 ], [ 107.561885, -6.860707 ], [ 107.561981, -6.860735 ], [ 107.56202, -6.860767 ], [ 107.562315, -6.861009 ], [ 107.562321, -6.861014 ], [ 107.562378, -6.861062 ], [ 107.562599, -6.86125 ], [ 107.562881, -6.861442 ], [ 107.562916, -6.861466 ], [ 107.563116, -6.861565 ], [ 107.563144, -6.861578 ], [ 107.563516, -6.861777 ], [ 107.56355, -6.861795 ], [ 107.563674, -6.861875 ], [ 107.563762, -6.861933 ], [ 107.563811, -6.861964 ], [ 107.563883, -6.862011 ], [ 107.564058, -6.862093 ], [ 107.564118, -6.862121 ], [ 107.56412, -6.862122 ], [ 107.564138, -6.86213 ], [ 107.564346, -6.862227 ], [ 107.564749, -6.862433 ], [ 107.564833, -6.862475 ], [ 107.564899, -6.862489 ], [ 107.565193, -6.862551 ], [ 107.565652, -6.862649 ], [ 107.565871, -6.86272 ], [ 107.565949, -6.862727 ], [ 107.565961, -6.862728 ], [ 107.566054, -6.862735 ], [ 107.566146, -6.862739 ], [ 107.566152, -6.862779 ], [ 107.566152, -6.862783 ], [ 107.566182, -6.863081 ], [ 107.566256, -6.863206 ], [ 107.566257, -6.863207 ], [ 107.566322, -6.863322 ], [ 107.566328, -6.863335 ], [ 107.566332, -6.86335 ], [ 107.566377, -6.863589 ], [ 107.566379, -6.863605 ], [ 107.566378, -6.863617 ], [ 107.566365, -6.86372 ], [ 107.566361, -6.863735 ], [ 107.566356, -6.863749 ], [ 107.566353, -6.863754 ], [ 107.566322, -6.863816 ], [ 107.566316, -6.863827 ], [ 107.566307, -6.863838 ], [ 107.566298, -6.863846 ], [ 107.566287, -6.863854 ], [ 107.56619, -6.863911 ], [ 107.565965, -6.864133 ], [ 107.565957, -6.864142 ], [ 107.565953, -6.864153 ], [ 107.56595, -6.864164 ], [ 107.566035, -6.864291 ], [ 107.566038, -6.864296 ], [ 107.566044, -6.864307 ], [ 107.566081, -6.864398 ], [ 107.566085, -6.864409 ], [ 107.566087, -6.864421 ], [ 107.566088, -6.864433 ], [ 107.566087, -6.864445 ], [ 107.566083, -6.864472 ], [ 107.566069, -6.864575 ], [ 107.566066, -6.864588 ], [ 107.566061, -6.8646 ], [ 107.566026, -6.864677 ], [ 107.566023, -6.864684 ], [ 107.566019, -6.864692 ], [ 107.565995, -6.864744 ], [ 107.565941, -6.864921 ], [ 107.565906, -6.865118 ], [ 107.565905, -6.865124 ], [ 107.565904, -6.865127 ], [ 107.565893, -6.865165 ], [ 107.565865, -6.865263 ], [ 107.565913, -6.865661 ], [ 107.565914, -6.865672 ], [ 107.565914, -6.865678 ], [ 107.565906, -6.8658 ], [ 107.565905, -6.865812 ], [ 107.565901, -6.865824 ], [ 107.565896, -6.865836 ], [ 107.565825, -6.865972 ], [ 107.565818, -6.865984 ], [ 107.565809, -6.865994 ], [ 107.565799, -6.866003 ], [ 107.565638, -6.866122 ], [ 107.565592, -6.866194 ], [ 107.565476, -6.866374 ], [ 107.565467, -6.866385 ], [ 107.565457, -6.866395 ], [ 107.565423, -6.866423 ], [ 107.565421, -6.866424 ], [ 107.565313, -6.866511 ], [ 107.565289, -6.86653 ], [ 107.565107, -6.866713 ], [ 107.565104, -6.866716 ], [ 107.564955, -6.86685 ], [ 107.564952, -6.866853 ], [ 107.564945, -6.866859 ], [ 107.56494, -6.866862 ], [ 107.564743, -6.867007 ], [ 107.564627, -6.867095 ], [ 107.564583, -6.86716 ], [ 107.564513, -6.867265 ], [ 107.564504, -6.867276 ], [ 107.564495, -6.867285 ], [ 107.564483, -6.867293 ], [ 107.564308, -6.867396 ], [ 107.564294, -6.867403 ], [ 107.564289, -6.867404 ], [ 107.564233, -6.867422 ], [ 107.564202, -6.867524 ], [ 107.564198, -6.867534 ], [ 107.56414, -6.86766 ], [ 107.564133, -6.867674 ], [ 107.564123, -6.867686 ], [ 107.563973, -6.86784 ], [ 107.563967, -6.867846 ], [ 107.563957, -6.867854 ], [ 107.563814, -6.867943 ], [ 107.563804, -6.867949 ], [ 107.563792, -6.867953 ], [ 107.56378, -6.867956 ], [ 107.563644, -6.867978 ], [ 107.563631, -6.867979 ], [ 107.563611, -6.867979 ], [ 107.563503, -6.86798 ], [ 107.563439, -6.868007 ], [ 107.563427, -6.868026 ], [ 107.563378, -6.868101 ], [ 107.563316, -6.868346 ], [ 107.563315, -6.868348 ], [ 107.563256, -6.868561 ], [ 107.563252, -6.868573 ], [ 107.563246, -6.868584 ], [ 107.563178, -6.868694 ], [ 107.563171, -6.868705 ], [ 107.563162, -6.868714 ], [ 107.563152, -6.868722 ], [ 107.56314, -6.868728 ], [ 107.56306, -6.868766 ], [ 107.563053, -6.86877 ], [ 107.563045, -6.868772 ], [ 107.562987, -6.868788 ], [ 107.562945, -6.868833 ], [ 107.562937, -6.868841 ], [ 107.562919, -6.86889 ], [ 107.562909, -6.868918 ], [ 107.562914, -6.868942 ], [ 107.562941, -6.869061 ], [ 107.562989, -6.869162 ], [ 107.562991, -6.869167 ], [ 107.563032, -6.869264 ], [ 107.563046, -6.869296 ], [ 107.56305, -6.869309 ], [ 107.563052, -6.869323 ], [ 107.563053, -6.869336 ], [ 107.563046, -6.869448 ], [ 107.563044, -6.869462 ], [ 107.56304, -6.869475 ], [ 107.563034, -6.869488 ], [ 107.563026, -6.869499 ], [ 107.562684, -6.869926 ], [ 107.562679, -6.869931 ], [ 107.562616, -6.869999 ], [ 107.562533, -6.870088 ], [ 107.562405, -6.870422 ], [ 107.562399, -6.870434 ], [ 107.562398, -6.870436 ], [ 107.562239, -6.8707 ], [ 107.562233, -6.870708 ], [ 107.562151, -6.870816 ], [ 107.562144, -6.870826 ], [ 107.562142, -6.870829 ], [ 107.562109, -6.870872 ], [ 107.562073, -6.870983 ], [ 107.562194, -6.871615 ], [ 107.562196, -6.87163 ], [ 107.562198, -6.871748 ], [ 107.562197, -6.871762 ], [ 107.56219, -6.871815 ], [ 107.56219, -6.871819 ], [ 107.562202, -6.871847 ], [ 107.562265, -6.872233 ], [ 107.562269, -6.872259 ], [ 107.562323, -6.872377 ], [ 107.562335, -6.872404 ], [ 107.562381, -6.872455 ], [ 107.562388, -6.872464 ], [ 107.5624, -6.872477 ], [ 107.562408, -6.87248 ], [ 107.562411, -6.872481 ], [ 107.562415, -6.872491 ], [ 107.562443, -6.872554 ], [ 107.562529, -6.872749 ], [ 107.562562, -6.872823 ], [ 107.562667, -6.872957 ], [ 107.563503, -6.873577 ], [ 107.56351, -6.873588 ], [ 107.563636, -6.873783 ], [ 107.563695, -6.873874 ], [ 107.563712, -6.873897 ], [ 107.563756, -6.873955 ], [ 107.564321, -6.874269 ], [ 107.565322, -6.874758 ], [ 107.565611, -6.874896 ], [ 107.565611, -6.874897 ], [ 107.565317, -6.875386 ], [ 107.565334, -6.875464 ], [ 107.56534, -6.875493 ], [ 107.565258, -6.875677 ], [ 107.565102, -6.876042 ], [ 107.565003, -6.876465 ], [ 107.564886, -6.876968 ], [ 107.564678, -6.876969 ], [ 107.564456, -6.87697 ], [ 107.564266, -6.877207 ], [ 107.564155, -6.877512 ], [ 107.564152, -6.877519 ], [ 107.564126, -6.87759 ], [ 107.564095, -6.877677 ], [ 107.564078, -6.877721 ], [ 107.564077, -6.877725 ], [ 107.564065, -6.877757 ], [ 107.564046, -6.877809 ], [ 107.564002, -6.877931 ], [ 107.563993, -6.877954 ], [ 107.563992, -6.877958 ], [ 107.564004, -6.877981 ], [ 107.564042, -6.878051 ], [ 107.564051, -6.878067 ], [ 107.564107, -6.878171 ], [ 107.564121, -6.878197 ], [ 107.564126, -6.878208 ], [ 107.564129, -6.878213 ], [ 107.564142, -6.878238 ], [ 107.56415, -6.878262 ], [ 107.564151, -6.878266 ], [ 107.564166, -6.878317 ], [ 107.564209, -6.878458 ], [ 107.564209, -6.87846 ], [ 107.564248, -6.878588 ], [ 107.564255, -6.878613 ], [ 107.564247, -6.878678 ], [ 107.56424, -6.878729 ], [ 107.564223, -6.878754 ], [ 107.564158, -6.87885 ], [ 107.564153, -6.878858 ], [ 107.564061, -6.878993 ], [ 107.564039, -6.879038 ], [ 107.564011, -6.879096 ], [ 107.564004, -6.879109 ], [ 107.563937, -6.879247 ], [ 107.563845, -6.879433 ], [ 107.563749, -6.879629 ], [ 107.563717, -6.879694 ], [ 107.563716, -6.879695 ], [ 107.563685, -6.879759 ], [ 107.563653, -6.879823 ], [ 107.563637, -6.879857 ], [ 107.563617, -6.879887 ], [ 107.563579, -6.879948 ], [ 107.563537, -6.880013 ], [ 107.563507, -6.88006 ], [ 107.563365, -6.880284 ], [ 107.563336, -6.880313 ], [ 107.563336, -6.880314 ], [ 107.563323, -6.880328 ], [ 107.563285, -6.880366 ], [ 107.563229, -6.880424 ], [ 107.563203, -6.880451 ], [ 107.563164, -6.880491 ], [ 107.563147, -6.880509 ], [ 107.563111, -6.880547 ], [ 107.563073, -6.880585 ], [ 107.563037, -6.880623 ], [ 107.562999, -6.880663 ], [ 107.562997, -6.880664 ], [ 107.562961, -6.880702 ], [ 107.562948, -6.880715 ], [ 107.562911, -6.880753 ], [ 107.562876, -6.880789 ], [ 107.562838, -6.880829 ], [ 107.562835, -6.880832 ], [ 107.562801, -6.880868 ], [ 107.562765, -6.880907 ], [ 107.562709, -6.880967 ], [ 107.562682, -6.880996 ], [ 107.562653, -6.881027 ], [ 107.56259, -6.881095 ], [ 107.562533, -6.881157 ], [ 107.562472, -6.881222 ], [ 107.562458, -6.881259 ], [ 107.562458, -6.88126 ], [ 107.562437, -6.88132 ], [ 107.562426, -6.881349 ], [ 107.562386, -6.881462 ], [ 107.562381, -6.881475 ], [ 107.561956, -6.881398 ], [ 107.561931, -6.881393 ], [ 107.561822, -6.881373 ], [ 107.561649, -6.881314 ], [ 107.561621, -6.881304 ], [ 107.561527, -6.881272 ], [ 107.561517, -6.881313 ], [ 107.561508, -6.88135 ], [ 107.5613, -6.882172 ], [ 107.561121, -6.882248 ], [ 107.560911, -6.882338 ], [ 107.560783, -6.882393 ], [ 107.560725, -6.882418 ], [ 107.56072, -6.882429 ], [ 107.560684, -6.882504 ], [ 107.560665, -6.882544 ], [ 107.560572, -6.882739 ], [ 107.560495, -6.882905 ], [ 107.56047, -6.882961 ], [ 107.56046, -6.882982 ], [ 107.560345, -6.88323 ], [ 107.560279, -6.883375 ], [ 107.560267, -6.883401 ], [ 107.560274, -6.883415 ], [ 107.560276, -6.883417 ], [ 107.560279, -6.883423 ], [ 107.56028, -6.883425 ], [ 107.560309, -6.883482 ], [ 107.560343, -6.883548 ], [ 107.560363, -6.883588 ], [ 107.560403, -6.883665 ], [ 107.560415, -6.883689 ], [ 107.560444, -6.883744 ], [ 107.560452, -6.88378 ], [ 107.560468, -6.883853 ], [ 107.560483, -6.883926 ], [ 107.560493, -6.883967 ], [ 107.560498, -6.883994 ], [ 107.560509, -6.884044 ], [ 107.560549, -6.884225 ], [ 107.560524, -6.8845 ], [ 107.560523, -6.884509 ], [ 107.560512, -6.884639 ], [ 107.560511, -6.884641 ], [ 107.5605, -6.884767 ], [ 107.560491, -6.884798 ], [ 107.560488, -6.884809 ], [ 107.560461, -6.884909 ], [ 107.56046, -6.884913 ], [ 107.560452, -6.884941 ], [ 107.560401, -6.885126 ], [ 107.560396, -6.885145 ], [ 107.56053, -6.885311 ], [ 107.56061, -6.88541 ], [ 107.560667, -6.885457 ], [ 107.56072, -6.885502 ], [ 107.560793, -6.885562 ], [ 107.560815, -6.885581 ], [ 107.560821, -6.885586 ], [ 107.560821, -6.885586 ], [ 107.560828, -6.885592 ], [ 107.560889, -6.885643 ], [ 107.56089, -6.885643 ], [ 107.560909, -6.885652 ], [ 107.561034, -6.88571 ], [ 107.561078, -6.88573 ], [ 107.561201, -6.885787 ], [ 107.561408, -6.886008 ], [ 107.56142, -6.886021 ], [ 107.561424, -6.886024 ], [ 107.56146, -6.886056 ], [ 107.561587, -6.886166 ], [ 107.561633, -6.886206 ], [ 107.561637, -6.886209 ], [ 107.561649, -6.88622 ], [ 107.561794, -6.886301 ], [ 107.561818, -6.886315 ], [ 107.56183, -6.886321 ], [ 107.562183, -6.88652 ], [ 107.562247, -6.886556 ], [ 107.562305, -6.886587 ], [ 107.562335, -6.886603 ], [ 107.562562, -6.886723 ], [ 107.562573, -6.886728 ], [ 107.562577, -6.886729 ], [ 107.562728, -6.88675 ], [ 107.562745, -6.886753 ], [ 107.562765, -6.886756 ], [ 107.562773, -6.886764 ], [ 107.562888, -6.886868 ], [ 107.562986, -6.886957 ], [ 107.56299, -6.886961 ], [ 107.562991, -6.88697 ], [ 107.562991, -6.886984 ], [ 107.562995, -6.887066 ], [ 107.562996, -6.887084 ], [ 107.56301, -6.887359 ], [ 107.563013, -6.88745 ], [ 107.563017, -6.887589 ], [ 107.563015, -6.887594 ], [ 107.563008, -6.887617 ], [ 107.562973, -6.88772 ], [ 107.562953, -6.887778 ], [ 107.56289, -6.887964 ], [ 107.562848, -6.888087 ], [ 107.562848, -6.888088 ], [ 107.562837, -6.88812 ], [ 107.562836, -6.888121 ], [ 107.562792, -6.888286 ], [ 107.562688, -6.888272 ], [ 107.562652, -6.888268 ], [ 107.562385, -6.888239 ], [ 107.562246, -6.888224 ], [ 107.562094, -6.888214 ], [ 107.561888, -6.888201 ], [ 107.561883, -6.888201 ], [ 107.561799, -6.888198 ], [ 107.561757, -6.888196 ], [ 107.5617, -6.888292 ], [ 107.561572, -6.88851 ], [ 107.56143, -6.888696 ], [ 107.561173, -6.888841 ], [ 107.560947, -6.888986 ], [ 107.56057, -6.888964 ], [ 107.56039, -6.888929 ], [ 107.560271, -6.889001 ], [ 107.560111, -6.889319 ], [ 107.560012, -6.889564 ], [ 107.559826, -6.889781 ], [ 107.559702, -6.889805 ], [ 107.559545, -6.889797 ], [ 107.559469, -6.889873 ], [ 107.559386, -6.889842 ], [ 107.559282, -6.88981 ], [ 107.559217, -6.889842 ], [ 107.559095, -6.889789 ], [ 107.558883, -6.889665 ], [ 107.558584, -6.889516 ], [ 107.558408, -6.889417 ], [ 107.558282, -6.889362 ], [ 107.558208, -6.889339 ], [ 107.558164, -6.889328 ], [ 107.558171, -6.88928 ], [ 107.558189, -6.889238 ], [ 107.558107, -6.889191 ], [ 107.557924, -6.889064 ], [ 107.557807, -6.889155 ], [ 107.557706, -6.889162 ], [ 107.557577, -6.889171 ], [ 107.557347, -6.889169 ], [ 107.55729, -6.889208 ], [ 107.557193, -6.889287 ], [ 107.557171, -6.889304 ], [ 107.557018, -6.889352 ], [ 107.556968, -6.889368 ], [ 107.556952, -6.889377 ], [ 107.556786, -6.889471 ], [ 107.556604, -6.889567 ], [ 107.556417, -6.889619 ], [ 107.556446, -6.889672 ], [ 107.556586, -6.889928 ], [ 107.556544, -6.889956 ], [ 107.556461, -6.890013 ], [ 107.556401, -6.890054 ], [ 107.556282, -6.88986 ], [ 107.556221, -6.88976 ], [ 107.556188, -6.889705 ], [ 107.555965, -6.889342 ], [ 107.555927, -6.88928 ], [ 107.555794, -6.889063 ], [ 107.555724, -6.88895 ], [ 107.555688, -6.888891 ], [ 107.555672, -6.888865 ], [ 107.555504, -6.888591 ], [ 107.555325, -6.888299 ], [ 107.555258, -6.88819 ], [ 107.555184, -6.888068 ], [ 107.555133, -6.887985 ], [ 107.555093, -6.88792 ], [ 107.555083, -6.887904 ], [ 107.555072, -6.887885 ], [ 107.55457, -6.887067 ], [ 107.554517, -6.886981 ], [ 107.554479, -6.886919 ], [ 107.553086, -6.884646 ], [ 107.553004, -6.884513 ], [ 107.552932, -6.884395 ], [ 107.552729, -6.884064 ], [ 107.552619, -6.883885 ], [ 107.552539, -6.883754 ], [ 107.552455, -6.883617 ], [ 107.552397, -6.883522 ], [ 107.552364, -6.883469 ], [ 107.552347, -6.883441 ], [ 107.552277, -6.883326 ], [ 107.552079, -6.883004 ], [ 107.552036, -6.882934 ], [ 107.552016, -6.882901 ], [ 107.551928, -6.882757 ], [ 107.551879, -6.882677 ], [ 107.551821, -6.882582 ], [ 107.551769, -6.882498 ], [ 107.551589, -6.882204 ], [ 107.551546, -6.882134 ], [ 107.55149, -6.882043 ], [ 107.551488, -6.88204 ], [ 107.551458, -6.881991 ], [ 107.551066, -6.881351 ], [ 107.550972, -6.881198 ], [ 107.550819, -6.880949 ], [ 107.550767, -6.880864 ], [ 107.550572, -6.880546 ], [ 107.550501, -6.880424 ], [ 107.550484, -6.880394 ], [ 107.550449, -6.880335 ], [ 107.550401, -6.880251 ], [ 107.550365, -6.880191 ], [ 107.550153, -6.879826 ], [ 107.549867, -6.879336 ], [ 107.549725, -6.879093 ], [ 107.549652, -6.878967 ], [ 107.549605, -6.878886 ], [ 107.549573, -6.878831 ], [ 107.549533, -6.878763 ], [ 107.549495, -6.878698 ], [ 107.549454, -6.878628 ], [ 107.549398, -6.878532 ], [ 107.549361, -6.878469 ], [ 107.549361, -6.878468 ], [ 107.54934, -6.878431 ], [ 107.549237, -6.878256 ], [ 107.549182, -6.878161 ], [ 107.549172, -6.878145 ], [ 107.549068, -6.877965 ], [ 107.54885, -6.87782 ], [ 107.5487, -6.877719 ], [ 107.548685, -6.877709 ], [ 107.548647, -6.877683 ], [ 107.548631, -6.877673 ], [ 107.548473, -6.877567 ], [ 107.548047, -6.877282 ], [ 107.547828, -6.877135 ], [ 107.547448, -6.876881 ], [ 107.547221, -6.876729 ], [ 107.547124, -6.876664 ], [ 107.547053, -6.876616 ], [ 107.546971, -6.876562 ], [ 107.546897, -6.876512 ], [ 107.546698, -6.876379 ], [ 107.546703, -6.876369 ], [ 107.546735, -6.876302 ], [ 107.546742, -6.876287 ], [ 107.54675, -6.876273 ], [ 107.546828, -6.876112 ], [ 107.546861, -6.876044 ], [ 107.546868, -6.87603 ], [ 107.546926, -6.875944 ], [ 107.546929, -6.875939 ], [ 107.547004, -6.875827 ], [ 107.547046, -6.875775 ], [ 107.547057, -6.87576 ], [ 107.547088, -6.875721 ], [ 107.547124, -6.875597 ], [ 107.547124, -6.875596 ], [ 107.547144, -6.875477 ], [ 107.547158, -6.875387 ], [ 107.547157, -6.875384 ], [ 107.547129, -6.875267 ], [ 107.547123, -6.875263 ], [ 107.547024, -6.875209 ], [ 107.54692, -6.875082 ], [ 107.54695, -6.875012 ], [ 107.546977, -6.874887 ], [ 107.546989, -6.874831 ], [ 107.547103, -6.874669 ], [ 107.54717, -6.874624 ], [ 107.547256, -6.874489 ], [ 107.547271, -6.874465 ], [ 107.547312, -6.874455 ], [ 107.547382, -6.874439 ], [ 107.547533, -6.874435 ], [ 107.547596, -6.87445 ], [ 107.547768, -6.874493 ], [ 107.547774, -6.874494 ], [ 107.547796, -6.874522 ], [ 107.547849, -6.874588 ], [ 107.547878, -6.874624 ], [ 107.547889, -6.874637 ], [ 107.547898, -6.874644 ], [ 107.547932, -6.87467 ], [ 107.548014, -6.874696 ], [ 107.548068, -6.874714 ], [ 107.548068, -6.874713 ], [ 107.54807, -6.874712 ], [ 107.548147, -6.874676 ], [ 107.548153, -6.87466 ], [ 107.548156, -6.87465 ], [ 107.548172, -6.874604 ], [ 107.548197, -6.874474 ], [ 107.548201, -6.874469 ], [ 107.548272, -6.874367 ], [ 107.548403, -6.874329 ], [ 107.548461, -6.874238 ], [ 107.548437, -6.8741 ], [ 107.548494, -6.874024 ], [ 107.548526, -6.873982 ], [ 107.54861, -6.87392 ], [ 107.548698, -6.87382 ], [ 107.548735, -6.873767 ], [ 107.548745, -6.873754 ], [ 107.548749, -6.873748 ], [ 107.548793, -6.873686 ], [ 107.548888, -6.87355 ], [ 107.549023, -6.873318 ], [ 107.549075, -6.87325 ], [ 107.549183, -6.873109 ], [ 107.549279, -6.872983 ], [ 107.549279, -6.872983 ], [ 107.549408, -6.872815 ], [ 107.549486, -6.872712 ], [ 107.549503, -6.87269 ], [ 107.54953, -6.872655 ], [ 107.549547, -6.872592 ], [ 107.549548, -6.872587 ], [ 107.549559, -6.872548 ], [ 107.549553, -6.872534 ], [ 107.549526, -6.872465 ], [ 107.549505, -6.872373 ], [ 107.549493, -6.872321 ], [ 107.549499, -6.872295 ], [ 107.549529, -6.872174 ], [ 107.549535, -6.872152 ], [ 107.549607, -6.87208 ], [ 107.549713, -6.872043 ], [ 107.549829, -6.872077 ], [ 107.549846, -6.872082 ], [ 107.54988, -6.872092 ], [ 107.54993, -6.872115 ], [ 107.550121, -6.872206 ], [ 107.550139, -6.872215 ], [ 107.550151, -6.87222 ], [ 107.550276, -6.872298 ], [ 107.550276, -6.872298 ], [ 107.550277, -6.872299 ], [ 107.550291, -6.872308 ], [ 107.550318, -6.872325 ], [ 107.550333, -6.872334 ], [ 107.550347, -6.872348 ], [ 107.550457, -6.872454 ], [ 107.550533, -6.872506 ], [ 107.550536, -6.872508 ], [ 107.55075, -6.872513 ], [ 107.550815, -6.872514 ], [ 107.550836, -6.872515 ], [ 107.550861, -6.872515 ], [ 107.550918, -6.872517 ], [ 107.550922, -6.872513 ], [ 107.550926, -6.872511 ], [ 107.550973, -6.872473 ], [ 107.551021, -6.872434 ], [ 107.551086, -6.872381 ], [ 107.551161, -6.872322 ], [ 107.551186, -6.872301 ], [ 107.551215, -6.872272 ], [ 107.551261, -6.872224 ], [ 107.551282, -6.872202 ], [ 107.551328, -6.872155 ], [ 107.551418, -6.872153 ], [ 107.551534, -6.872109 ], [ 107.551571, -6.871978 ], [ 107.551621, -6.871885 ], [ 107.551671, -6.871792 ], [ 107.551703, -6.871733 ], [ 107.551743, -6.871613 ], [ 107.551766, -6.871543 ], [ 107.551761, -6.871527 ], [ 107.551758, -6.871518 ], [ 107.551756, -6.871513 ], [ 107.551725, -6.871415 ], [ 107.551724, -6.871411 ], [ 107.551717, -6.871391 ], [ 107.551696, -6.871326 ], [ 107.551692, -6.871303 ], [ 107.55167, -6.871172 ], [ 107.551613, -6.871097 ], [ 107.55165, -6.871085 ], [ 107.551688, -6.871074 ], [ 107.551712, -6.871067 ], [ 107.551737, -6.871059 ], [ 107.551788, -6.871044 ], [ 107.551853, -6.871024 ], [ 107.551892, -6.871012 ], [ 107.551901, -6.871013 ], [ 107.551948, -6.87102 ], [ 107.551978, -6.871035 ], [ 107.551982, -6.871037 ], [ 107.552078, -6.871087 ], [ 107.552107, -6.871102 ], [ 107.552174, -6.871137 ], [ 107.552277, -6.87119 ], [ 107.552394, -6.87125 ], [ 107.552504, -6.871307 ], [ 107.552582, -6.871333 ], [ 107.552613, -6.871314 ], [ 107.552654, -6.871254 ], [ 107.552661, -6.871238 ], [ 107.552668, -6.871222 ], [ 107.5527, -6.87115 ], [ 107.5527, -6.871024 ], [ 107.552733, -6.870952 ], [ 107.552695, -6.870836 ], [ 107.55269, -6.870819 ], [ 107.552663, -6.870739 ], [ 107.552681, -6.870699 ], [ 107.552703, -6.870653 ], [ 107.552704, -6.87065 ], [ 107.552737, -6.870578 ], [ 107.55276, -6.870527 ], [ 107.552766, -6.870511 ], [ 107.552771, -6.870498 ], [ 107.55278, -6.870477 ], [ 107.552789, -6.870454 ], [ 107.552812, -6.870399 ], [ 107.552829, -6.870363 ], [ 107.552882, -6.87031 ], [ 107.552938, -6.870289 ], [ 107.552958, -6.870282 ], [ 107.553025, -6.870293 ], [ 107.553118, -6.870307 ], [ 107.553191, -6.870319 ], [ 107.553542, -6.870289 ], [ 107.553824, -6.870183 ], [ 107.553906, -6.870152 ], [ 107.55395, -6.870121 ], [ 107.553985, -6.870096 ], [ 107.554019, -6.870066 ], [ 107.554094, -6.869991 ], [ 107.554097, -6.869987 ], [ 107.554119, -6.869966 ], [ 107.554272, -6.869818 ], [ 107.554335, -6.869754 ], [ 107.554398, -6.869685 ], [ 107.554477, -6.869598 ], [ 107.554514, -6.869565 ], [ 107.554546, -6.86954 ], [ 107.55459, -6.869507 ], [ 107.554654, -6.869464 ], [ 107.554699, -6.869434 ], [ 107.554704, -6.869431 ], [ 107.554718, -6.869424 ], [ 107.554797, -6.869383 ], [ 107.554854, -6.869356 ], [ 107.554868, -6.869349 ], [ 107.554921, -6.869324 ], [ 107.554955, -6.869308 ], [ 107.554983, -6.869294 ], [ 107.555021, -6.869273 ], [ 107.555092, -6.86923 ], [ 107.555098, -6.869227 ], [ 107.555119, -6.869206 ], [ 107.555124, -6.8692 ], [ 107.555149, -6.869178 ], [ 107.555197, -6.869141 ], [ 107.555231, -6.869114 ], [ 107.555241, -6.869104 ], [ 107.555272, -6.869074 ], [ 107.555282, -6.869063 ], [ 107.555311, -6.869032 ], [ 107.555339, -6.869017 ], [ 107.555388, -6.868996 ], [ 107.555435, -6.868983 ], [ 107.555523, -6.868962 ], [ 107.55558, -6.868953 ], [ 107.555603, -6.868951 ], [ 107.555651, -6.868941 ], [ 107.555673, -6.868936 ], [ 107.55571, -6.868928 ], [ 107.555764, -6.86891 ], [ 107.555796, -6.868895 ], [ 107.555828, -6.86888 ], [ 107.555873, -6.868855 ], [ 107.555902, -6.868839 ], [ 107.555917, -6.868797 ], [ 107.555909, -6.868774 ], [ 107.555901, -6.86875 ], [ 107.555893, -6.868721 ], [ 107.555884, -6.868688 ], [ 107.555879, -6.868673 ], [ 107.555872, -6.868651 ], [ 107.555863, -6.868622 ], [ 107.555852, -6.868585 ], [ 107.555838, -6.868545 ], [ 107.555829, -6.868514 ], [ 107.555816, -6.868468 ], [ 107.555798, -6.868406 ], [ 107.555784, -6.868349 ], [ 107.555774, -6.868295 ], [ 107.555772, -6.868285 ], [ 107.555768, -6.868259 ], [ 107.555766, -6.868219 ], [ 107.555766, -6.868207 ], [ 107.555765, -6.868187 ], [ 107.555764, -6.868151 ], [ 107.555759, -6.86806 ], [ 107.555753, -6.868011 ], [ 107.555749, -6.867984 ], [ 107.555747, -6.867955 ], [ 107.555745, -6.867939 ], [ 107.555745, -6.867899 ], [ 107.555745, -6.867883 ], [ 107.555747, -6.867856 ], [ 107.555759, -6.867814 ], [ 107.555772, -6.867794 ], [ 107.555785, -6.867775 ], [ 107.555808, -6.867744 ], [ 107.55582, -6.867732 ], [ 107.555825, -6.867727 ], [ 107.555826, -6.867727 ], [ 107.555856, -6.867697 ], [ 107.555885, -6.867663 ], [ 107.555916, -6.867639 ], [ 107.555946, -6.867628 ], [ 107.555967, -6.867624 ], [ 107.556017, -6.867626 ], [ 107.556038, -6.867629 ], [ 107.55609, -6.867641 ], [ 107.556105, -6.867646 ], [ 107.556124, -6.867653 ], [ 107.556168, -6.867674 ], [ 107.556202, -6.867698 ], [ 107.556222, -6.867713 ], [ 107.556235, -6.867723 ], [ 107.556276, -6.867757 ], [ 107.556282, -6.867763 ], [ 107.556309, -6.867788 ], [ 107.556312, -6.86779 ], [ 107.556381, -6.867859 ], [ 107.556406, -6.867886 ], [ 107.556469, -6.867981 ], [ 107.556488, -6.867997 ], [ 107.556524, -6.86802 ], [ 107.556558, -6.868043 ], [ 107.556591, -6.868065 ], [ 107.556621, -6.868085 ], [ 107.556661, -6.868107 ], [ 107.556689, -6.868131 ], [ 107.55671, -6.868139 ], [ 107.556765, -6.868162 ], [ 107.556776, -6.868164 ], [ 107.556804, -6.868171 ], [ 107.556864, -6.868171 ], [ 107.55687, -6.86817 ], [ 107.556907, -6.86817 ], [ 107.556919, -6.868164 ], [ 107.556983, -6.868142 ], [ 107.557016, -6.86813 ], [ 107.557045, -6.86812 ], [ 107.557082, -6.868106 ], [ 107.55712, -6.86809 ], [ 107.557127, -6.868087 ], [ 107.557168, -6.868069 ], [ 107.557202, -6.868051 ], [ 107.557259, -6.868021 ], [ 107.557361, -6.867912 ], [ 107.557376, -6.867887 ], [ 107.557391, -6.867862 ], [ 107.557411, -6.867829 ], [ 107.557445, -6.867778 ], [ 107.557469, -6.867743 ], [ 107.557487, -6.867717 ], [ 107.557498, -6.867692 ], [ 107.557511, -6.867664 ], [ 107.55753, -6.867623 ], [ 107.557534, -6.86761 ], [ 107.557537, -6.867589 ], [ 107.557537, -6.867571 ], [ 107.557518, -6.867554 ], [ 107.557494, -6.867542 ], [ 107.557447, -6.867526 ], [ 107.55742, -6.867513 ], [ 107.557372, -6.867485 ], [ 107.557352, -6.867469 ], [ 107.557327, -6.867442 ], [ 107.557316, -6.867426 ], [ 107.557304, -6.86741 ], [ 107.557291, -6.867384 ], [ 107.557278, -6.867351 ], [ 107.557269, -6.867329 ], [ 107.557262, -6.867306 ], [ 107.557257, -6.867276 ], [ 107.55725, -6.86724 ], [ 107.557244, -6.867209 ], [ 107.557231, -6.867156 ], [ 107.557227, -6.867134 ], [ 107.557224, -6.867109 ], [ 107.557219, -6.867046 ], [ 107.557218, -6.86703 ], [ 107.557212, -6.866992 ], [ 107.55721, -6.86698 ], [ 107.5572, -6.866929 ], [ 107.557198, -6.866902 ], [ 107.557196, -6.866855 ], [ 107.557199, -6.866824 ], [ 107.557213, -6.866776 ], [ 107.557224, -6.866742 ], [ 107.557238, -6.866697 ], [ 107.557245, -6.866677 ], [ 107.557254, -6.866647 ], [ 107.557265, -6.866606 ], [ 107.557267, -6.866596 ], [ 107.557273, -6.866559 ], [ 107.557282, -6.866527 ], [ 107.557296, -6.866495 ], [ 107.557311, -6.866465 ], [ 107.557318, -6.866451 ], [ 107.557343, -6.86641 ], [ 107.557356, -6.866397 ], [ 107.557376, -6.86638 ], [ 107.557411, -6.866359 ], [ 107.557441, -6.866345 ], [ 107.557457, -6.866341 ], [ 107.557489, -6.866333 ], [ 107.557535, -6.866325 ], [ 107.557606, -6.866319 ], [ 107.557639, -6.86632 ], [ 107.557677, -6.866339 ], [ 107.5577, -6.866367 ], [ 107.557701, -6.866368 ], [ 107.557714, -6.866393 ], [ 107.557729, -6.866422 ], [ 107.557749, -6.866453 ], [ 107.557768, -6.866471 ], [ 107.557794, -6.86648 ], [ 107.557824, -6.866482 ], [ 107.557889, -6.866482 ], [ 107.55795, -6.866471 ], [ 107.557975, -6.866461 ], [ 107.558005, -6.866442 ], [ 107.55802, -6.866432 ], [ 107.558045, -6.866407 ], [ 107.558065, -6.866383 ], [ 107.558086, -6.866353 ], [ 107.558116, -6.866306 ], [ 107.558125, -6.86628 ], [ 107.55814, -6.866234 ], [ 107.558147, -6.866191 ], [ 107.558152, -6.866159 ], [ 107.558149, -6.866134 ], [ 107.558145, -6.866105 ], [ 107.558134, -6.866074 ], [ 107.558125, -6.86605 ], [ 107.558116, -6.866022 ], [ 107.558111, -6.866006 ], [ 107.558101, -6.865978 ], [ 107.558089, -6.865944 ], [ 107.558086, -6.865924 ], [ 107.558082, -6.865891 ], [ 107.558076, -6.865856 ], [ 107.558077, -6.865832 ], [ 107.558077, -6.865815 ], [ 107.55808, -6.865786 ], [ 107.558088, -6.865756 ], [ 107.558098, -6.865716 ], [ 107.558122, -6.865622 ], [ 107.558137, -6.865596 ], [ 107.558152, -6.865569 ], [ 107.558173, -6.865537 ], [ 107.55819, -6.865515 ], [ 107.558203, -6.865497 ], [ 107.558218, -6.865474 ], [ 107.558228, -6.865457 ], [ 107.55824, -6.865435 ], [ 107.558254, -6.865411 ], [ 107.558266, -6.865393 ], [ 107.55828, -6.865378 ], [ 107.558297, -6.865359 ], [ 107.558327, -6.865341 ], [ 107.558351, -6.865333 ], [ 107.558368, -6.865329 ], [ 107.558387, -6.865325 ], [ 107.558412, -6.86532 ], [ 107.558469, -6.865298 ], [ 107.558499, -6.865284 ], [ 107.558565, -6.86525 ], [ 107.558586, -6.865238 ], [ 107.558626, -6.865215 ], [ 107.558641, -6.865207 ], [ 107.55867, -6.86519 ], [ 107.558686, -6.865175 ], [ 107.558717, -6.865148 ], [ 107.55873, -6.865134 ], [ 107.558759, -6.86511 ], [ 107.558788, -6.865083 ], [ 107.558794, -6.865074 ], [ 107.558812, -6.865053 ], [ 107.558831, -6.865036 ], [ 107.558842, -6.865015 ], [ 107.558842, -6.864995 ], [ 107.558846, -6.864976 ], [ 107.558851, -6.864941 ], [ 107.558856, -6.864925 ], [ 107.558865, -6.864895 ], [ 107.558869, -6.86484 ], [ 107.558869, -6.864825 ], [ 107.558869, -6.864798 ], [ 107.558868, -6.864773 ], [ 107.558869, -6.864732 ], [ 107.558872, -6.864685 ], [ 107.558879, -6.864655 ], [ 107.558885, -6.864621 ], [ 107.558899, -6.864587 ], [ 107.558913, -6.864556 ], [ 107.558926, -6.864523 ], [ 107.558942, -6.864486 ], [ 107.558958, -6.864448 ], [ 107.55897, -6.864421 ], [ 107.558978, -6.864389 ], [ 107.558987, -6.86436 ], [ 107.558993, -6.864347 ], [ 107.558997, -6.864339 ], [ 107.559004, -6.864325 ], [ 107.559025, -6.864292 ], [ 107.559043, -6.864267 ], [ 107.559046, -6.864263 ], [ 107.559054, -6.864251 ], [ 107.559078, -6.864221 ], [ 107.559084, -6.864212 ], [ 107.559103, -6.864181 ], [ 107.559115, -6.86417 ], [ 107.559136, -6.864152 ], [ 107.559171, -6.864134 ], [ 107.559211, -6.864113 ], [ 107.559243, -6.864095 ], [ 107.559279, -6.864083 ], [ 107.559292, -6.864083 ], [ 107.559336, -6.864079 ], [ 107.559393, -6.864079 ], [ 107.559424, -6.864078 ], [ 107.559433, -6.864078 ], [ 107.559447, -6.864078 ], [ 107.559486, -6.864082 ], [ 107.55954, -6.864092 ], [ 107.559544, -6.864093 ], [ 107.559637, -6.864119 ], [ 107.559641, -6.86412 ], [ 107.559666, -6.86413 ], [ 107.559696, -6.864144 ], [ 107.559731, -6.864158 ], [ 107.559774, -6.864179 ], [ 107.55979, -6.864186 ], [ 107.559801, -6.864191 ], [ 107.559812, -6.864194 ], [ 107.559839, -6.864202 ], [ 107.559892, -6.864215 ], [ 107.55993, -6.864225 ], [ 107.559939, -6.864227 ], [ 107.559983, -6.864234 ], [ 107.560028, -6.864241 ], [ 107.560093, -6.86425 ], [ 107.560118, -6.864254 ], [ 107.560146, -6.864257 ], [ 107.560196, -6.864264 ], [ 107.560227, -6.864268 ], [ 107.560263, -6.864273 ], [ 107.560302, -6.864278 ], [ 107.56035, -6.864283 ], [ 107.560352, -6.864283 ], [ 107.560403, -6.864279 ], [ 107.560449, -6.864261 ], [ 107.560471, -6.864246 ], [ 107.560475, -6.864244 ], [ 107.56049, -6.864233 ], [ 107.560511, -6.864225 ], [ 107.560551, -6.864213 ], [ 107.560583, -6.864207 ], [ 107.560607, -6.8642 ], [ 107.560615, -6.864198 ], [ 107.560659, -6.864168 ], [ 107.560679, -6.864154 ], [ 107.560703, -6.864136 ], [ 107.560722, -6.864119 ], [ 107.560739, -6.864094 ], [ 107.560744, -6.864068 ], [ 107.560742, -6.864055 ], [ 107.560739, -6.86403 ], [ 107.560741, -6.864002 ], [ 107.560753, -6.863963 ], [ 107.56076, -6.863924 ], [ 107.560764, -6.863891 ], [ 107.560767, -6.86385 ], [ 107.560773, -6.863813 ], [ 107.560779, -6.863783 ], [ 107.560793, -6.863748 ], [ 107.560806, -6.863713 ], [ 107.560815, -6.863695 ], [ 107.560827, -6.86366 ], [ 107.56083, -6.863634 ], [ 107.560829, -6.863601 ], [ 107.560829, -6.863591 ], [ 107.560829, -6.863577 ], [ 107.560828, -6.863549 ], [ 107.56083, -6.863529 ], [ 107.560832, -6.863493 ], [ 107.560839, -6.863469 ], [ 107.560843, -6.863458 ], [ 107.560849, -6.86344 ], [ 107.560857, -6.863419 ], [ 107.560882, -6.863394 ], [ 107.560906, -6.863378 ], [ 107.560922, -6.863369 ], [ 107.560957, -6.863367 ], [ 107.56098, -6.863367 ], [ 107.561013, -6.863361 ], [ 107.561033, -6.86333 ], [ 107.561049, -6.863304 ], [ 107.561073, -6.863267 ], [ 107.561081, -6.863255 ], [ 107.561097, -6.863229 ], [ 107.561118, -6.863196 ], [ 107.561127, -6.86318 ], [ 107.561134, -6.863167 ], [ 107.561146, -6.863145 ], [ 107.561168, -6.863097 ], [ 107.561188, -6.862956 ], [ 107.561144, -6.862851 ], [ 107.561142, -6.862843 ], [ 107.561138, -6.862825 ], [ 107.561137, -6.862812 ], [ 107.561136, -6.862791 ], [ 107.561136, -6.862785 ], [ 107.561133, -6.862745 ], [ 107.561018, -6.862554 ], [ 107.56101, -6.862558 ], [ 107.560866, -6.862499 ], [ 107.560784, -6.862465 ], [ 107.560738, -6.862446 ], [ 107.560647, -6.86235 ], [ 107.560615, -6.862274 ], [ 107.560612, -6.862264 ], [ 107.560596, -6.862204 ], [ 107.560602, -6.862099 ], [ 107.56061, -6.861954 ], [ 107.560647, -6.861847 ], [ 107.560732, -6.861605 ], [ 107.560757, -6.861583 ], [ 107.560767, -6.861577 ], [ 107.560842, -6.861527 ], [ 107.560926, -6.861495 ], [ 107.561209, -6.861457 ], [ 107.56131, -6.861504 ], [ 107.561351, -6.861483 ], [ 107.561555, -6.861588 ], [ 107.561622, -6.861623 ], [ 107.56165, -6.861573 ], [ 107.561743, -6.861409 ], [ 107.561791, -6.861326 ], [ 107.561821, -6.861273 ], [ 107.561831, -6.861256 ], [ 107.5619, -6.861134 ], [ 107.561905, -6.861126 ], [ 107.561893, -6.86112 ], [ 107.561798, -6.861065 ], [ 107.561713, -6.861017 ], [ 107.561657, -6.860985 ], [ 107.561631, -6.86097 ], [ 107.561635, -6.860827 ], [ 107.561635, -6.860805 ], [ 107.561639, -6.860681 ], [ 107.561642, -6.860557 ], [ 107.561644, -6.860466 ], [ 107.561646, -6.86038 ], [ 107.56165, -6.860232 ], [ 107.561768, -6.860235 ], [ 107.561805, -6.860236 ], [ 107.561922, -6.860239 ], [ 107.561932, -6.86024 ], [ 107.562072, -6.860243 ], [ 107.562085, -6.86023 ], [ 107.562324, -6.85999 ], [ 107.562373, -6.8598 ], [ 107.562383, -6.859762 ], [ 107.562389, -6.859738 ], [ 107.562395, -6.859715 ], [ 107.562453, -6.859492 ], [ 107.562453, -6.859492 ], [ 107.562457, -6.859492 ], [ 107.562457, -6.859492 ], [ 107.562458, -6.859576 ], [ 107.562458, -6.859584 ], [ 107.56246, -6.85971 ], [ 107.562487, -6.859785 ], [ 107.562503, -6.85983 ], [ 107.562561, -6.859987 ], [ 107.562601, -6.860093 ], [ 107.562561, -6.860166 ], [ 107.562532, -6.860178 ], [ 107.562446, -6.860212 ], [ 107.562401, -6.860231 ] ] ] } },
{ "type": "Feature", "properties": { "KECAMATAN": "Cimahi Utara", "KELURAHAN": "Kel. Cipageran" }, "geometry": { "type": "Polygon", "coordinates": [ [ [ 107.545635, -6.831499 ], [ 107.545637, -6.8315 ], [ 107.545638, -6.831498 ], [ 107.545648, -6.831508 ], [ 107.545701, -6.831561 ], [ 107.545882, -6.831738 ], [ 107.545884, -6.83174 ], [ 107.545923, -6.831778 ], [ 107.545991, -6.831845 ], [ 107.546183, -6.831959 ], [ 107.546257, -6.832018 ], [ 107.546332, -6.832077 ], [ 107.546343, -6.832086 ], [ 107.546368, -6.8321 ], [ 107.5465, -6.832174 ], [ 107.546622, -6.832243 ], [ 107.546647, -6.832257 ], [ 107.546879, -6.832334 ], [ 107.546989, -6.83237 ], [ 107.54727, -6.832449 ], [ 107.547443, -6.83251 ], [ 107.547521, -6.832537 ], [ 107.547614, -6.83257 ], [ 107.547637, -6.832578 ], [ 107.547975, -6.83264 ], [ 107.548445, -6.832722 ], [ 107.548654, -6.832758 ], [ 107.548729, -6.832771 ], [ 107.548856, -6.832822 ], [ 107.548867, -6.832822 ], [ 107.548933, -6.832853 ], [ 107.54912, -6.832928 ], [ 107.549233, -6.832973 ], [ 107.549389, -6.833085 ], [ 107.54947, -6.833144 ], [ 107.549569, -6.833205 ], [ 107.549787, -6.83334 ], [ 107.549972, -6.833623 ], [ 107.54999, -6.833651 ], [ 107.549995, -6.833658 ], [ 107.550049, -6.833725 ], [ 107.550112, -6.833806 ], [ 107.550134, -6.834042 ], [ 107.550202, -6.834187 ], [ 107.550219, -6.834224 ], [ 107.55022, -6.834434 ], [ 107.550109, -6.834701 ], [ 107.54991, -6.834946 ], [ 107.549858, -6.83501 ], [ 107.549838, -6.835046 ], [ 107.549661, -6.835349 ], [ 107.549539, -6.835558 ], [ 107.549536, -6.83557 ], [ 107.54949, -6.835754 ], [ 107.549388, -6.836161 ], [ 107.549448, -6.836441 ], [ 107.54946, -6.836497 ], [ 107.549486, -6.836533 ], [ 107.549487, -6.836537 ], [ 107.549539, -6.83661 ], [ 107.549599, -6.836692 ], [ 107.549599, -6.836804 ], [ 107.54953, -6.837014 ], [ 107.549406, -6.837351 ], [ 107.549368, -6.837777 ], [ 107.549366, -6.8378 ], [ 107.549366, -6.837809 ], [ 107.549365, -6.837855 ], [ 107.549365, -6.837856 ], [ 107.549361, -6.838015 ], [ 107.54936, -6.838066 ], [ 107.549356, -6.838267 ], [ 107.549355, -6.838304 ], [ 107.549345, -6.838483 ], [ 107.549316, -6.83899 ], [ 107.549346, -6.839396 ], [ 107.549314, -6.839634 ], [ 107.549306, -6.83969 ], [ 107.549301, -6.8397 ], [ 107.549222, -6.839843 ], [ 107.549205, -6.839876 ], [ 107.549275, -6.840006 ], [ 107.549275, -6.840003 ], [ 107.549326, -6.840097 ], [ 107.549474, -6.840219 ], [ 107.549522, -6.840259 ], [ 107.549649, -6.840335 ], [ 107.549852, -6.840452 ], [ 107.549887, -6.84046 ], [ 107.550243, -6.840547 ], [ 107.550248, -6.840549 ], [ 107.550694, -6.840636 ], [ 107.550898, -6.840676 ], [ 107.551358, -6.840772 ], [ 107.551361, -6.840773 ], [ 107.551467, -6.840795 ], [ 107.551537, -6.840796 ], [ 107.551874, -6.840799 ], [ 107.551881, -6.840799 ], [ 107.552154, -6.840802 ], [ 107.552297, -6.840805 ], [ 107.552305, -6.840805 ], [ 107.552528, -6.840811 ], [ 107.552587, -6.840812 ], [ 107.552612, -6.840813 ], [ 107.552728, -6.840816 ], [ 107.552789, -6.840817 ], [ 107.552802, -6.840818 ], [ 107.55285, -6.840819 ], [ 107.55288, -6.84082 ], [ 107.552911, -6.84082 ], [ 107.552971, -6.840822 ], [ 107.553011, -6.840823 ], [ 107.553039, -6.840823 ], [ 107.553227, -6.840844 ], [ 107.553339, -6.840857 ], [ 107.55362, -6.840888 ], [ 107.554012, -6.840951 ], [ 107.554067, -6.84096 ], [ 107.554326, -6.840973 ], [ 107.554408, -6.840975 ], [ 107.554562, -6.840977 ], [ 107.554654, -6.840973 ], [ 107.554667, -6.840972 ], [ 107.55469, -6.840971 ], [ 107.554796, -6.840966 ], [ 107.554903, -6.84096 ], [ 107.554957, -6.840958 ], [ 107.554957, -6.840958 ], [ 107.554926, -6.841017 ], [ 107.554862, -6.841141 ], [ 107.554838, -6.841188 ], [ 107.554824, -6.841248 ], [ 107.554709, -6.841728 ], [ 107.554701, -6.841762 ], [ 107.55462, -6.842365 ], [ 107.554604, -6.842484 ], [ 107.554566, -6.842757 ], [ 107.554457, -6.842898 ], [ 107.554413, -6.842954 ], [ 107.554262, -6.843107 ], [ 107.554092, -6.843278 ], [ 107.553971, -6.84343 ], [ 107.553855, -6.843573 ], [ 107.553632, -6.843697 ], [ 107.5536, -6.843714 ], [ 107.5536, -6.843714 ], [ 107.553571, -6.84373 ], [ 107.553548, -6.843743 ], [ 107.55354, -6.843749 ], [ 107.553432, -6.843834 ], [ 107.553432, -6.843834 ], [ 107.553422, -6.843842 ], [ 107.553419, -6.843849 ], [ 107.553416, -6.843855 ], [ 107.553408, -6.843872 ], [ 107.553394, -6.843901 ], [ 107.553386, -6.843919 ], [ 107.553376, -6.843939 ], [ 107.553366, -6.843962 ], [ 107.553325, -6.844048 ], [ 107.553297, -6.844108 ], [ 107.553284, -6.844137 ], [ 107.55328, -6.844155 ], [ 107.553243, -6.844347 ], [ 107.553192, -6.844472 ], [ 107.553192, -6.844472 ], [ 107.553118, -6.844656 ], [ 107.553115, -6.844662 ], [ 107.553051, -6.844792 ], [ 107.553043, -6.844807 ], [ 107.553035, -6.844824 ], [ 107.552997, -6.844839 ], [ 107.55298, -6.844846 ], [ 107.552889, -6.844882 ], [ 107.552713, -6.844952 ], [ 107.552644, -6.844992 ], [ 107.552556, -6.845044 ], [ 107.552447, -6.845107 ], [ 107.552398, -6.845127 ], [ 107.552382, -6.845133 ], [ 107.552154, -6.845221 ], [ 107.55215, -6.845224 ], [ 107.55214, -6.845231 ], [ 107.551997, -6.845337 ], [ 107.551944, -6.845376 ], [ 107.551924, -6.845416 ], [ 107.551923, -6.84542 ], [ 107.55189, -6.845485 ], [ 107.551847, -6.845573 ], [ 107.551841, -6.845638 ], [ 107.551839, -6.84566 ], [ 107.551838, -6.845664 ], [ 107.551821, -6.845845 ], [ 107.55182, -6.845853 ], [ 107.551791, -6.845913 ], [ 107.551776, -6.845942 ], [ 107.551767, -6.84596 ], [ 107.551765, -6.845965 ], [ 107.55175, -6.845974 ], [ 107.551602, -6.846058 ], [ 107.551541, -6.846092 ], [ 107.551527, -6.846157 ], [ 107.551524, -6.846172 ], [ 107.551524, -6.846174 ], [ 107.551496, -6.846301 ], [ 107.551459, -6.846471 ], [ 107.551449, -6.84653 ], [ 107.551429, -6.846647 ], [ 107.551418, -6.846709 ], [ 107.551423, -6.846776 ], [ 107.551423, -6.846776 ], [ 107.551428, -6.846853 ], [ 107.551434, -6.846933 ], [ 107.551414, -6.846953 ], [ 107.551383, -6.846984 ], [ 107.551378, -6.84699 ], [ 107.551369, -6.846994 ], [ 107.551364, -6.846997 ], [ 107.551196, -6.847089 ], [ 107.551155, -6.847327 ], [ 107.551141, -6.847362 ], [ 107.55107, -6.84733 ], [ 107.550987, -6.847292 ], [ 107.550982, -6.847394 ], [ 107.550842, -6.847496 ], [ 107.550682, -6.847504 ], [ 107.550609, -6.847508 ], [ 107.550558, -6.847545 ], [ 107.550507, -6.847602 ], [ 107.550478, -6.847633 ], [ 107.550431, -6.847683 ], [ 107.550429, -6.847685 ], [ 107.550416, -6.8477 ], [ 107.550373, -6.847727 ], [ 107.550344, -6.847745 ], [ 107.550269, -6.847785 ], [ 107.550122, -6.847865 ], [ 107.549916, -6.847979 ], [ 107.549786, -6.84815 ], [ 107.549738, -6.848217 ], [ 107.54969, -6.848282 ], [ 107.549628, -6.848332 ], [ 107.549575, -6.848375 ], [ 107.549414, -6.848454 ], [ 107.549384, -6.848471 ], [ 107.548988, -6.848477 ], [ 107.548934, -6.848534 ], [ 107.548837, -6.848613 ], [ 107.548825, -6.848623 ], [ 107.5488, -6.848643 ], [ 107.548789, -6.848662 ], [ 107.548767, -6.848698 ], [ 107.548742, -6.848739 ], [ 107.548701, -6.848838 ], [ 107.548678, -6.848921 ], [ 107.548648, -6.849015 ], [ 107.548591, -6.849115 ], [ 107.548559, -6.849172 ], [ 107.54849, -6.849306 ], [ 107.548444, -6.849403 ], [ 107.548408, -6.849525 ], [ 107.548401, -6.849547 ], [ 107.548394, -6.849571 ], [ 107.548383, -6.849626 ], [ 107.548366, -6.849707 ], [ 107.548354, -6.849768 ], [ 107.548352, -6.849891 ], [ 107.548378, -6.850046 ], [ 107.54839, -6.850117 ], [ 107.548409, -6.850159 ], [ 107.548414, -6.850171 ], [ 107.548443, -6.850261 ], [ 107.548401, -6.850351 ], [ 107.548398, -6.850359 ], [ 107.548346, -6.850431 ], [ 107.548294, -6.850532 ], [ 107.548267, -6.850583 ], [ 107.548248, -6.850619 ], [ 107.548242, -6.850633 ], [ 107.548171, -6.850775 ], [ 107.548144, -6.850826 ], [ 107.548135, -6.850843 ], [ 107.548127, -6.850858 ], [ 107.548113, -6.850884 ], [ 107.548086, -6.850992 ], [ 107.548085, -6.851033 ], [ 107.548085, -6.851079 ], [ 107.548085, -6.851135 ], [ 107.548083, -6.851343 ], [ 107.548079, -6.85151 ], [ 107.548078, -6.851567 ], [ 107.548078, -6.851586 ], [ 107.548075, -6.851735 ], [ 107.548076, -6.851774 ], [ 107.548083, -6.851993 ], [ 107.548093, -6.852186 ], [ 107.548101, -6.852352 ], [ 107.548111, -6.852591 ], [ 107.548135, -6.852735 ], [ 107.548171, -6.852901 ], [ 107.548234, -6.853098 ], [ 107.54831, -6.853237 ], [ 107.54835, -6.853304 ], [ 107.548361, -6.853321 ], [ 107.5484, -6.853372 ], [ 107.548426, -6.853405 ], [ 107.548446, -6.853431 ], [ 107.54849, -6.853488 ], [ 107.54849, -6.853651 ], [ 107.54849, -6.853679 ], [ 107.548471, -6.853706 ], [ 107.5484, -6.853806 ], [ 107.548388, -6.853823 ], [ 107.548371, -6.853846 ], [ 107.548281, -6.853964 ], [ 107.548278, -6.853968 ], [ 107.548267, -6.854018 ], [ 107.548262, -6.854041 ], [ 107.548287, -6.854109 ], [ 107.548324, -6.854239 ], [ 107.548326, -6.854244 ], [ 107.54833, -6.85426 ], [ 107.548333, -6.854285 ], [ 107.548335, -6.854299 ], [ 107.548342, -6.854367 ], [ 107.548349, -6.854427 ], [ 107.548351, -6.85445 ], [ 107.548359, -6.854548 ], [ 107.548359, -6.854665 ], [ 107.54836, -6.854753 ], [ 107.548361, -6.854847 ], [ 107.548361, -6.854868 ], [ 107.54836, -6.85493 ], [ 107.548358, -6.855065 ], [ 107.548357, -6.855142 ], [ 107.548357, -6.855142 ], [ 107.548355, -6.855216 ], [ 107.548354, -6.855246 ], [ 107.548352, -6.85529 ], [ 107.54835, -6.855328 ], [ 107.548345, -6.855365 ], [ 107.548344, -6.855379 ], [ 107.548341, -6.855405 ], [ 107.548339, -6.855414 ], [ 107.548328, -6.855484 ], [ 107.548328, -6.855487 ], [ 107.548316, -6.855559 ], [ 107.548316, -6.855559 ], [ 107.548308, -6.855609 ], [ 107.548302, -6.855629 ], [ 107.548278, -6.855699 ], [ 107.548271, -6.855719 ], [ 107.548271, -6.855748 ], [ 107.548271, -6.855826 ], [ 107.548271, -6.855922 ], [ 107.54827, -6.856041 ], [ 107.548269, -6.856147 ], [ 107.54826, -6.856166 ], [ 107.548256, -6.856177 ], [ 107.548232, -6.856229 ], [ 107.548228, -6.856239 ], [ 107.548214, -6.856271 ], [ 107.54818, -6.856361 ], [ 107.548176, -6.856397 ], [ 107.548172, -6.856432 ], [ 107.548149, -6.856534 ], [ 107.548105, -6.856602 ], [ 107.548059, -6.856656 ], [ 107.54802, -6.856705 ], [ 107.548015, -6.856711 ], [ 107.548009, -6.856715 ], [ 107.547997, -6.856722 ], [ 107.547984, -6.856729 ], [ 107.547938, -6.856743 ], [ 107.547915, -6.856745 ], [ 107.547899, -6.856746 ], [ 107.547842, -6.856734 ], [ 107.547837, -6.85677 ], [ 107.547828, -6.856781 ], [ 107.54781, -6.856807 ], [ 107.54779, -6.856834 ], [ 107.547785, -6.856841 ], [ 107.547707, -6.856857 ], [ 107.547699, -6.856858 ], [ 107.547679, -6.856859 ], [ 107.547656, -6.856861 ], [ 107.547605, -6.856865 ], [ 107.547465, -6.857014 ], [ 107.547454, -6.857106 ], [ 107.547451, -6.85713 ], [ 107.547435, -6.857205 ], [ 107.547391, -6.857268 ], [ 107.547366, -6.857339 ], [ 107.547371, -6.857392 ], [ 107.547392, -6.857428 ], [ 107.547433, -6.857471 ], [ 107.547438, -6.857572 ], [ 107.547435, -6.857655 ], [ 107.54741, -6.857737 ], [ 107.547326, -6.85778 ], [ 107.547256, -6.85783 ], [ 107.547172, -6.857901 ], [ 107.547166, -6.857908 ], [ 107.547113, -6.857958 ], [ 107.547057, -6.858034 ], [ 107.546979, -6.858194 ], [ 107.546975, -6.858201 ], [ 107.546892, -6.858332 ], [ 107.546823, -6.858416 ], [ 107.546747, -6.858491 ], [ 107.546644, -6.858551 ], [ 107.546526, -6.858618 ], [ 107.546466, -6.858663 ], [ 107.546415, -6.858736 ], [ 107.546409, -6.858803 ], [ 107.546402, -6.858882 ], [ 107.546395, -6.858966 ], [ 107.546369, -6.859066 ], [ 107.546264, -6.859215 ], [ 107.546202, -6.859297 ], [ 107.546169, -6.859343 ], [ 107.546128, -6.8594 ], [ 107.546102, -6.859425 ], [ 107.546063, -6.859462 ], [ 107.546057, -6.859463 ], [ 107.546032, -6.859465 ], [ 107.545978, -6.85947 ], [ 107.545932, -6.859452 ], [ 107.545922, -6.859448 ], [ 107.545871, -6.859427 ], [ 107.54583, -6.859474 ], [ 107.545779, -6.859533 ], [ 107.545745, -6.859572 ], [ 107.545702, -6.859622 ], [ 107.545643, -6.85969 ], [ 107.545638, -6.859696 ], [ 107.545578, -6.859765 ], [ 107.545522, -6.85983 ], [ 107.54552, -6.859832 ], [ 107.545448, -6.859915 ], [ 107.545403, -6.859967 ], [ 107.545285, -6.86011 ], [ 107.545232, -6.860169 ], [ 107.545163, -6.860244 ], [ 107.545146, -6.860263 ], [ 107.545077, -6.860307 ], [ 107.54506, -6.860317 ], [ 107.545009, -6.860344 ], [ 107.54494, -6.860381 ], [ 107.544933, -6.860385 ], [ 107.544876, -6.860414 ], [ 107.54482, -6.860471 ], [ 107.544811, -6.86048 ], [ 107.54481, -6.860481 ], [ 107.5448, -6.860491 ], [ 107.544766, -6.860526 ], [ 107.544761, -6.860531 ], [ 107.5447, -6.860593 ], [ 107.544659, -6.860635 ], [ 107.544612, -6.860675 ], [ 107.54456, -6.860719 ], [ 107.544521, -6.860753 ], [ 107.544478, -6.86079 ], [ 107.544415, -6.860843 ], [ 107.544384, -6.86087 ], [ 107.544356, -6.860914 ], [ 107.54434, -6.860939 ], [ 107.544312, -6.860983 ], [ 107.544293, -6.861013 ], [ 107.54428, -6.861066 ], [ 107.544272, -6.861092 ], [ 107.544249, -6.861181 ], [ 107.544221, -6.861286 ], [ 107.54417, -6.861477 ], [ 107.544152, -6.861546 ], [ 107.54411, -6.861705 ], [ 107.544101, -6.861738 ], [ 107.544098, -6.861749 ], [ 107.544094, -6.861764 ], [ 107.544076, -6.861831 ], [ 107.544075, -6.861833 ], [ 107.544067, -6.861867 ], [ 107.544054, -6.861915 ], [ 107.544023, -6.862031 ], [ 107.543999, -6.862121 ], [ 107.543986, -6.862171 ], [ 107.543984, -6.862177 ], [ 107.543974, -6.862216 ], [ 107.543974, -6.862216 ], [ 107.543956, -6.862284 ], [ 107.543955, -6.862286 ], [ 107.543951, -6.862302 ], [ 107.543926, -6.862395 ], [ 107.543911, -6.862453 ], [ 107.5439, -6.862494 ], [ 107.543881, -6.862567 ], [ 107.543867, -6.862619 ], [ 107.543847, -6.862693 ], [ 107.543839, -6.862724 ], [ 107.543824, -6.862778 ], [ 107.543805, -6.86285 ], [ 107.543804, -6.862855 ], [ 107.543731, -6.863098 ], [ 107.54372, -6.863133 ], [ 107.543648, -6.863375 ], [ 107.543605, -6.863517 ], [ 107.543573, -6.863625 ], [ 107.543553, -6.863692 ], [ 107.543546, -6.863714 ], [ 107.543505, -6.863849 ], [ 107.543504, -6.863854 ], [ 107.543416, -6.864148 ], [ 107.543398, -6.864207 ], [ 107.543362, -6.864327 ], [ 107.54334, -6.864401 ], [ 107.543339, -6.864405 ], [ 107.543263, -6.864657 ], [ 107.543132, -6.865092 ], [ 107.543106, -6.86518 ], [ 107.543024, -6.865452 ], [ 107.542995, -6.86555 ], [ 107.542946, -6.865712 ], [ 107.542937, -6.865743 ], [ 107.542904, -6.865852 ], [ 107.542904, -6.865853 ], [ 107.542849, -6.866036 ], [ 107.542845, -6.86605 ], [ 107.542844, -6.866051 ], [ 107.542832, -6.866093 ], [ 107.542793, -6.866223 ], [ 107.54279, -6.866231 ], [ 107.542779, -6.866269 ], [ 107.542775, -6.866283 ], [ 107.542742, -6.866392 ], [ 107.542701, -6.866528 ], [ 107.542671, -6.86663 ], [ 107.542659, -6.866668 ], [ 107.542624, -6.866784 ], [ 107.54256, -6.866998 ], [ 107.542549, -6.866993 ], [ 107.542536, -6.866987 ], [ 107.542417, -6.866935 ], [ 107.542373, -6.866915 ], [ 107.542309, -6.866887 ], [ 107.542308, -6.866887 ], [ 107.542096, -6.866793 ], [ 107.542034, -6.866765 ], [ 107.541971, -6.866738 ], [ 107.541931, -6.86672 ], [ 107.541852, -6.866812 ], [ 107.541817, -6.866852 ], [ 107.541781, -6.866893 ], [ 107.541777, -6.866898 ], [ 107.541735, -6.866951 ], [ 107.541593, -6.867128 ], [ 107.541445, -6.867326 ], [ 107.541281, -6.867545 ], [ 107.541256, -6.867579 ], [ 107.541253, -6.867582 ], [ 107.541209, -6.867621 ], [ 107.541022, -6.86779 ], [ 107.540996, -6.867791 ], [ 107.540856, -6.867797 ], [ 107.540832, -6.867798 ], [ 107.540767, -6.867787 ], [ 107.540766, -6.867787 ], [ 107.540686, -6.867773 ], [ 107.54068, -6.867771 ], [ 107.54062, -6.867761 ], [ 107.540597, -6.867758 ], [ 107.540495, -6.867746 ], [ 107.54039, -6.867735 ], [ 107.540354, -6.867732 ], [ 107.540341, -6.867731 ], [ 107.540337, -6.86773 ], [ 107.540315, -6.867724 ], [ 107.540212, -6.867698 ], [ 107.540102, -6.86766 ], [ 107.540043, -6.86764 ], [ 107.540027, -6.867634 ], [ 107.539927, -6.867594 ], [ 107.539852, -6.867578 ], [ 107.5398, -6.867568 ], [ 107.539662, -6.867485 ], [ 107.539551, -6.867494 ], [ 107.53954, -6.867509 ], [ 107.539478, -6.867597 ], [ 107.53945, -6.867617 ], [ 107.539438, -6.867626 ], [ 107.539417, -6.867641 ], [ 107.539409, -6.867646 ], [ 107.539301, -6.867695 ], [ 107.539295, -6.867723 ], [ 107.539269, -6.867839 ], [ 107.539225, -6.867862 ], [ 107.539224, -6.867862 ], [ 107.539107, -6.86792 ], [ 107.539061, -6.867951 ], [ 107.539049, -6.867959 ], [ 107.539026, -6.867974 ], [ 107.538987, -6.868 ], [ 107.538923, -6.86809 ], [ 107.538903, -6.868119 ], [ 107.538866, -6.868145 ], [ 107.538772, -6.868211 ], [ 107.538719, -6.868248 ], [ 107.538678, -6.868277 ], [ 107.538665, -6.868282 ], [ 107.538606, -6.868304 ], [ 107.538591, -6.868309 ], [ 107.538546, -6.868326 ], [ 107.538487, -6.868349 ], [ 107.538438, -6.868367 ], [ 107.538428, -6.868371 ], [ 107.538368, -6.868394 ], [ 107.538309, -6.868416 ], [ 107.538291, -6.868423 ], [ 107.538253, -6.868446 ], [ 107.538198, -6.868478 ], [ 107.538145, -6.86851 ], [ 107.538143, -6.868511 ], [ 107.538098, -6.86854 ], [ 107.538089, -6.868545 ], [ 107.538079, -6.868552 ], [ 107.538039, -6.868577 ], [ 107.538029, -6.868583 ], [ 107.538023, -6.868587 ], [ 107.537904, -6.868592 ], [ 107.537809, -6.868528 ], [ 107.537794, -6.868518 ], [ 107.537791, -6.868516 ], [ 107.537768, -6.868501 ], [ 107.537712, -6.868482 ], [ 107.537647, -6.86846 ], [ 107.537631, -6.868455 ], [ 107.537573, -6.868435 ], [ 107.537452, -6.868395 ], [ 107.537396, -6.868376 ], [ 107.537356, -6.868363 ], [ 107.53732, -6.868351 ], [ 107.537119, -6.86825 ], [ 107.536887, -6.868029 ], [ 107.536776, -6.867944 ], [ 107.536693, -6.867882 ], [ 107.536595, -6.867808 ], [ 107.536574, -6.867792 ], [ 107.536554, -6.867778 ], [ 107.536466, -6.867711 ], [ 107.53643, -6.867684 ], [ 107.536365, -6.867635 ], [ 107.536362, -6.867616 ], [ 107.536346, -6.867499 ], [ 107.536325, -6.86735 ], [ 107.536322, -6.867331 ], [ 107.536306, -6.867315 ], [ 107.536184, -6.867198 ], [ 107.536113, -6.867129 ], [ 107.536113, -6.867129 ], [ 107.536043, -6.867061 ], [ 107.536042, -6.86706 ], [ 107.535955, -6.866977 ], [ 107.53586, -6.867083 ], [ 107.535858, -6.867086 ], [ 107.535788, -6.867164 ], [ 107.535768, -6.867187 ], [ 107.535648, -6.867321 ], [ 107.535607, -6.867367 ], [ 107.535528, -6.867456 ], [ 107.535402, -6.867597 ], [ 107.535401, -6.867598 ], [ 107.53537, -6.867632 ], [ 107.535363, -6.86764 ], [ 107.535278, -6.867556 ], [ 107.53522, -6.867499 ], [ 107.535192, -6.86747 ], [ 107.535164, -6.867442 ], [ 107.534903, -6.867183 ], [ 107.534852, -6.867132 ], [ 107.534709, -6.86699 ], [ 107.534507, -6.86679 ], [ 107.534373, -6.866656 ], [ 107.534349, -6.866633 ], [ 107.534326, -6.866609 ], [ 107.534321, -6.866604 ], [ 107.534275, -6.866557 ], [ 107.534206, -6.866488 ], [ 107.53413, -6.866411 ], [ 107.534035, -6.866315 ], [ 107.533717, -6.865945 ], [ 107.533604, -6.865788 ], [ 107.533584, -6.86576 ], [ 107.533458, -6.865585 ], [ 107.533446, -6.86557 ], [ 107.533444, -6.865567 ], [ 107.533397, -6.865502 ], [ 107.533355, -6.865443 ], [ 107.533354, -6.865442 ], [ 107.533351, -6.865438 ], [ 107.533303, -6.865371 ], [ 107.533178, -6.865162 ], [ 107.533167, -6.865144 ], [ 107.533142, -6.865166 ], [ 107.533051, -6.865202 ], [ 107.532969, -6.865213 ], [ 107.532863, -6.865207 ], [ 107.532822, -6.865196 ], [ 107.532776, -6.865159 ], [ 107.532702, -6.865097 ], [ 107.532646, -6.86506 ], [ 107.532537, -6.865048 ], [ 107.53239, -6.865047 ], [ 107.532389, -6.865047 ], [ 107.532355, -6.865047 ], [ 107.532355, -6.865047 ], [ 107.532285, -6.865047 ], [ 107.532124, -6.865065 ], [ 107.532079, -6.865082 ], [ 107.531999, -6.865147 ], [ 107.531931, -6.865201 ], [ 107.531904, -6.86522 ], [ 107.531888, -6.865231 ], [ 107.531884, -6.865233 ], [ 107.531859, -6.865256 ], [ 107.531853, -6.865262 ], [ 107.531852, -6.865263 ], [ 107.531822, -6.86529 ], [ 107.531822, -6.865291 ], [ 107.531808, -6.865301 ], [ 107.531771, -6.865328 ], [ 107.531766, -6.865331 ], [ 107.531713, -6.865361 ], [ 107.531688, -6.865399 ], [ 107.531657, -6.865446 ], [ 107.531653, -6.865453 ], [ 107.531642, -6.865463 ], [ 107.531619, -6.865483 ], [ 107.531602, -6.865498 ], [ 107.531573, -6.865502 ], [ 107.531512, -6.865512 ], [ 107.53146, -6.86552 ], [ 107.531437, -6.865512 ], [ 107.531419, -6.865506 ], [ 107.531402, -6.8655 ], [ 107.53134, -6.865514 ], [ 107.531311, -6.865541 ], [ 107.531281, -6.865569 ], [ 107.531219, -6.865587 ], [ 107.531176, -6.86563 ], [ 107.531174, -6.865632 ], [ 107.531173, -6.865632 ], [ 107.531118, -6.86564 ], [ 107.53107, -6.865649 ], [ 107.531059, -6.865652 ], [ 107.531032, -6.865667 ], [ 107.530993, -6.865691 ], [ 107.530987, -6.865695 ], [ 107.53095, -6.86572 ], [ 107.530932, -6.865728 ], [ 107.53088, -6.865749 ], [ 107.530848, -6.865761 ], [ 107.530825, -6.865766 ], [ 107.530821, -6.865767 ], [ 107.530759, -6.865767 ], [ 107.53075, -6.865767 ], [ 107.530716, -6.865768 ], [ 107.530642, -6.865791 ], [ 107.530634, -6.865794 ], [ 107.530571, -6.865815 ], [ 107.530562, -6.865819 ], [ 107.530522, -6.865841 ], [ 107.530508, -6.865849 ], [ 107.530469, -6.865859 ], [ 107.53046, -6.865862 ], [ 107.530454, -6.865863 ], [ 107.530399, -6.865879 ], [ 107.530351, -6.865897 ], [ 107.530276, -6.865978 ], [ 107.530258, -6.865997 ], [ 107.530217, -6.866042 ], [ 107.530207, -6.866053 ], [ 107.530136, -6.86613 ], [ 107.530086, -6.866175 ], [ 107.530054, -6.866205 ], [ 107.530041, -6.866215 ], [ 107.529994, -6.866251 ], [ 107.529936, -6.866296 ], [ 107.529921, -6.866308 ], [ 107.529883, -6.866332 ], [ 107.529832, -6.866366 ], [ 107.529809, -6.86638 ], [ 107.529783, -6.866394 ], [ 107.529701, -6.866437 ], [ 107.529699, -6.866439 ], [ 107.529656, -6.866461 ], [ 107.529606, -6.866487 ], [ 107.529555, -6.866514 ], [ 107.529475, -6.866556 ], [ 107.529387, -6.866578 ], [ 107.529353, -6.866587 ], [ 107.529278, -6.866606 ], [ 107.529239, -6.866616 ], [ 107.529218, -6.866621 ], [ 107.529152, -6.86665 ], [ 107.529078, -6.866696 ], [ 107.529016, -6.866735 ], [ 107.528948, -6.866778 ], [ 107.528817, -6.866831 ], [ 107.528697, -6.866878 ], [ 107.528539, -6.866938 ], [ 107.528241, -6.867049 ], [ 107.528232, -6.867242 ], [ 107.527515, -6.867341 ], [ 107.52692, -6.867296 ], [ 107.526816, -6.867288 ], [ 107.52658, -6.867277 ], [ 107.526415, -6.867271 ], [ 107.526408, -6.867271 ], [ 107.526318, -6.867273 ], [ 107.526217, -6.867275 ], [ 107.526207, -6.867275 ], [ 107.526176, -6.867276 ], [ 107.526089, -6.867278 ], [ 107.526088, -6.867278 ], [ 107.525871, -6.867278 ], [ 107.525679, -6.867273 ], [ 107.525524, -6.867268 ], [ 107.525332, -6.867259 ], [ 107.525328, -6.867259 ], [ 107.525157, -6.86725 ], [ 107.525001, -6.867264 ], [ 107.524941, -6.867273 ], [ 107.524911, -6.867278 ], [ 107.524773, -6.867247 ], [ 107.524737, -6.867247 ], [ 107.52465, -6.867247 ], [ 107.524633, -6.867227 ], [ 107.524586, -6.867161 ], [ 107.524492, -6.867032 ], [ 107.524449, -6.86678 ], [ 107.524472, -6.866689 ], [ 107.524517, -6.866513 ], [ 107.524479, -6.866344 ], [ 107.524428, -6.866235 ], [ 107.524427, -6.866233 ], [ 107.524426, -6.866209 ], [ 107.524425, -6.866064 ], [ 107.524422, -6.865778 ], [ 107.524363, -6.865707 ], [ 107.524181, -6.865635 ], [ 107.524114, -6.86562 ], [ 107.523989, -6.865592 ], [ 107.523895, -6.86557 ], [ 107.523761, -6.865507 ], [ 107.523736, -6.865496 ], [ 107.523573, -6.865434 ], [ 107.52347, -6.865421 ], [ 107.523253, -6.865461 ], [ 107.523025, -6.865615 ], [ 107.522986, -6.865406 ], [ 107.522985, -6.8654 ], [ 107.522983, -6.865392 ], [ 107.522986, -6.865382 ], [ 107.523002, -6.865333 ], [ 107.523009, -6.865313 ], [ 107.523115, -6.865245 ], [ 107.523243, -6.865165 ], [ 107.52341, -6.865045 ], [ 107.523444, -6.865021 ], [ 107.523501, -6.86496 ], [ 107.523609, -6.864846 ], [ 107.523629, -6.864824 ], [ 107.523643, -6.864809 ], [ 107.523709, -6.864739 ], [ 107.523863, -6.864724 ], [ 107.523874, -6.864726 ], [ 107.524003, -6.864752 ], [ 107.524096, -6.864797 ], [ 107.524172, -6.864835 ], [ 107.5242, -6.864806 ], [ 107.524256, -6.86475 ], [ 107.524265, -6.864685 ], [ 107.524296, -6.86447 ], [ 107.524309, -6.864302 ], [ 107.524359, -6.864277 ], [ 107.524421, -6.864245 ], [ 107.524531, -6.864299 ], [ 107.524562, -6.864315 ], [ 107.524739, -6.864441 ], [ 107.524815, -6.864495 ], [ 107.524984, -6.864592 ], [ 107.525255, -6.86463 ], [ 107.525475, -6.86466 ], [ 107.525938, -6.864685 ], [ 107.526275, -6.864782 ], [ 107.526309, -6.864794 ], [ 107.526472, -6.864855 ], [ 107.526773, -6.864968 ], [ 107.526865, -6.865003 ], [ 107.527216, -6.865029 ], [ 107.527303, -6.864991 ], [ 107.527338, -6.864976 ], [ 107.527441, -6.864932 ], [ 107.527707, -6.864813 ], [ 107.527882, -6.864712 ], [ 107.527971, -6.864661 ], [ 107.528125, -6.864632 ], [ 107.528187, -6.86456 ], [ 107.528216, -6.864526 ], [ 107.528306, -6.864421 ], [ 107.528418, -6.864364 ], [ 107.528493, -6.864364 ], [ 107.528625, -6.864363 ], [ 107.528749, -6.864362 ], [ 107.528839, -6.864362 ], [ 107.529301, -6.864332 ], [ 107.529679, -6.864218 ], [ 107.52984, -6.864152 ], [ 107.529883, -6.864135 ], [ 107.529889, -6.864132 ], [ 107.529907, -6.864117 ], [ 107.53011, -6.863939 ], [ 107.530263, -6.863806 ], [ 107.530308, -6.863766 ], [ 107.53042, -6.863709 ], [ 107.530714, -6.863666 ], [ 107.530957, -6.863503 ], [ 107.53105, -6.86344 ], [ 107.531121, -6.863346 ], [ 107.531189, -6.863257 ], [ 107.531228, -6.863114 ], [ 107.531285, -6.862907 ], [ 107.53141, -6.862724 ], [ 107.531505, -6.862622 ], [ 107.531816, -6.862595 ], [ 107.531823, -6.862586 ], [ 107.531884, -6.862589 ], [ 107.532026, -6.862577 ], [ 107.532129, -6.862568 ], [ 107.53257, -6.862459 ], [ 107.532805, -6.862394 ], [ 107.532806, -6.862394 ], [ 107.532807, -6.862394 ], [ 107.532812, -6.862392 ], [ 107.532819, -6.862385 ], [ 107.53281, -6.862391 ], [ 107.53289, -6.862301 ], [ 107.532915, -6.862263 ], [ 107.532932, -6.862255 ], [ 107.532945, -6.862241 ], [ 107.53299, -6.862224 ], [ 107.533015, -6.862208 ], [ 107.533109, -6.862136 ], [ 107.533139, -6.862085 ], [ 107.533151, -6.862056 ], [ 107.533171, -6.86201 ], [ 107.533173, -6.862007 ], [ 107.533105, -6.861922 ], [ 107.533068, -6.861828 ], [ 107.533059, -6.861805 ], [ 107.533051, -6.861804 ], [ 107.532995, -6.861699 ], [ 107.532992, -6.861694 ], [ 107.532975, -6.861661 ], [ 107.532921, -6.861638 ], [ 107.532939, -6.861522 ], [ 107.532876, -6.861407 ], [ 107.532873, -6.861402 ], [ 107.532833, -6.86133 ], [ 107.532798, -6.861267 ], [ 107.533076, -6.861049 ], [ 107.533227, -6.860982 ], [ 107.53347, -6.860734 ], [ 107.533621, -6.86058 ], [ 107.534008, -6.860247 ], [ 107.534136, -6.860159 ], [ 107.534377, -6.859992 ], [ 107.534387, -6.859985 ], [ 107.534399, -6.859974 ], [ 107.53448, -6.8599 ], [ 107.534617, -6.859699 ], [ 107.534705, -6.859587 ], [ 107.534779, -6.859493 ], [ 107.534918, -6.859239 ], [ 107.534962, -6.859174 ], [ 107.53513, -6.858927 ], [ 107.535151, -6.858897 ], [ 107.535172, -6.858866 ], [ 107.535174, -6.858866 ], [ 107.535197, -6.858866 ], [ 107.535344, -6.858866 ], [ 107.535353, -6.858861 ], [ 107.535721, -6.85864 ], [ 107.535889, -6.858527 ], [ 107.536014, -6.858204 ], [ 107.53602, -6.858181 ], [ 107.536058, -6.858041 ], [ 107.536179, -6.857601 ], [ 107.536414, -6.857026 ], [ 107.536419, -6.856965 ], [ 107.536449, -6.85661 ], [ 107.536467, -6.856395 ], [ 107.536469, -6.856384 ], [ 107.536494, -6.856241 ], [ 107.536705, -6.855872 ], [ 107.536738, -6.855813 ], [ 107.536872, -6.855581 ], [ 107.536989, -6.855286 ], [ 107.536997, -6.855251 ], [ 107.537009, -6.855193 ], [ 107.537082, -6.854868 ], [ 107.537139, -6.854615 ], [ 107.537144, -6.854593 ], [ 107.537157, -6.854534 ], [ 107.53719, -6.854388 ], [ 107.53721, -6.854297 ], [ 107.537224, -6.854233 ], [ 107.537225, -6.85423 ], [ 107.537252, -6.854109 ], [ 107.537309, -6.853856 ], [ 107.537381, -6.853585 ], [ 107.5374, -6.853516 ], [ 107.537463, -6.853278 ], [ 107.537533, -6.853016 ], [ 107.53755, -6.852955 ], [ 107.537551, -6.852951 ], [ 107.537556, -6.852931 ], [ 107.537562, -6.852904 ], [ 107.537563, -6.852896 ], [ 107.537571, -6.852856 ], [ 107.537576, -6.852831 ], [ 107.537593, -6.852747 ], [ 107.537607, -6.85268 ], [ 107.537632, -6.852556 ], [ 107.537638, -6.852524 ], [ 107.537646, -6.852267 ], [ 107.53765, -6.852146 ], [ 107.537595, -6.852037 ], [ 107.537593, -6.852033 ], [ 107.537494, -6.851838 ], [ 107.537481, -6.85183 ], [ 107.537382, -6.851762 ], [ 107.537157, -6.85161 ], [ 107.537126, -6.851589 ], [ 107.537002, -6.851505 ], [ 107.536936, -6.851463 ], [ 107.536807, -6.85138 ], [ 107.536736, -6.851335 ], [ 107.536665, -6.851289 ], [ 107.536656, -6.851284 ], [ 107.536653, -6.851282 ], [ 107.536653, -6.851281 ], [ 107.536652, -6.85128 ], [ 107.536687, -6.851204 ], [ 107.536731, -6.851109 ], [ 107.536746, -6.851077 ], [ 107.5368, -6.85096 ], [ 107.536817, -6.850923 ], [ 107.536835, -6.850763 ], [ 107.536844, -6.850688 ], [ 107.536904, -6.850506 ], [ 107.536939, -6.850399 ], [ 107.537118, -6.850192 ], [ 107.537193, -6.850106 ], [ 107.537233, -6.85006 ], [ 107.537279, -6.850007 ], [ 107.537302, -6.849985 ], [ 107.537307, -6.84998 ], [ 107.53731, -6.849977 ], [ 107.537349, -6.849941 ], [ 107.537526, -6.849773 ], [ 107.537529, -6.84977 ], [ 107.53753, -6.849768 ], [ 107.537597, -6.849704 ], [ 107.537603, -6.849683 ], [ 107.537579, -6.849627 ], [ 107.537546, -6.849569 ], [ 107.537523, -6.849546 ], [ 107.537475, -6.849499 ], [ 107.53738, -6.849466 ], [ 107.537365, -6.849463 ], [ 107.537361, -6.849463 ], [ 107.537314, -6.849454 ], [ 107.537278, -6.849474 ], [ 107.537263, -6.84948 ], [ 107.537248, -6.849484 ], [ 107.537232, -6.849485 ], [ 107.537216, -6.849483 ], [ 107.537201, -6.849479 ], [ 107.537187, -6.849472 ], [ 107.537175, -6.849462 ], [ 107.537164, -6.849451 ], [ 107.537155, -6.849438 ], [ 107.537149, -6.849424 ], [ 107.537145, -6.849408 ], [ 107.537144, -6.849393 ], [ 107.537144, -6.849392 ], [ 107.537075, -6.849362 ], [ 107.536868, -6.849313 ], [ 107.536784, -6.849294 ], [ 107.536634, -6.849292 ], [ 107.536578, -6.849292 ], [ 107.53639, -6.849366 ], [ 107.536369, -6.849379 ], [ 107.536222, -6.849475 ], [ 107.536087, -6.849555 ], [ 107.535975, -6.849557 ], [ 107.535975, -6.849557 ], [ 107.535973, -6.849557 ], [ 107.535796, -6.849524 ], [ 107.535679, -6.849486 ], [ 107.535666, -6.849472 ], [ 107.535617, -6.84942 ], [ 107.535614, -6.849317 ], [ 107.535646, -6.849199 ], [ 107.535695, -6.849097 ], [ 107.535736, -6.849013 ], [ 107.53566, -6.848965 ], [ 107.535679, -6.848845 ], [ 107.535692, -6.848771 ], [ 107.535703, -6.84871 ], [ 107.535705, -6.848635 ], [ 107.535667, -6.848565 ], [ 107.535419, -6.848453 ], [ 107.535344, -6.848452 ], [ 107.535253, -6.848487 ], [ 107.535206, -6.848549 ], [ 107.535171, -6.848595 ], [ 107.535136, -6.848661 ], [ 107.535103, -6.848724 ], [ 107.535052, -6.848744 ], [ 107.535051, -6.848744 ], [ 107.53505, -6.848744 ], [ 107.534886, -6.848711 ], [ 107.53471, -6.848655 ], [ 107.53456, -6.848594 ], [ 107.534516, -6.848546 ], [ 107.534439, -6.848458 ], [ 107.534352, -6.848385 ], [ 107.534229, -6.848359 ], [ 107.534169, -6.848338 ], [ 107.534137, -6.848294 ], [ 107.534079, -6.848291 ], [ 107.534059, -6.848236 ], [ 107.534049, -6.848208 ], [ 107.534045, -6.848197 ], [ 107.534045, -6.848196 ], [ 107.534037, -6.848174 ], [ 107.534039, -6.848174 ], [ 107.534057, -6.848174 ], [ 107.534057, -6.848174 ], [ 107.534087, -6.848173 ], [ 107.534124, -6.848173 ], [ 107.534149, -6.848173 ], [ 107.534152, -6.848173 ], [ 107.534159, -6.848163 ], [ 107.534192, -6.848115 ], [ 107.534238, -6.848049 ], [ 107.534319, -6.847934 ], [ 107.53436, -6.847873 ], [ 107.53449, -6.847681 ], [ 107.5345, -6.847667 ], [ 107.534513, -6.847367 ], [ 107.534522, -6.847175 ], [ 107.534521, -6.847173 ], [ 107.534522, -6.847173 ], [ 107.534525, -6.847107 ], [ 107.534585, -6.846973 ], [ 107.534602, -6.846934 ], [ 107.534603, -6.846932 ], [ 107.534605, -6.846928 ], [ 107.534616, -6.846904 ], [ 107.534663, -6.846798 ], [ 107.534766, -6.846663 ], [ 107.534813, -6.846601 ], [ 107.534838, -6.846569 ], [ 107.534901, -6.846486 ], [ 107.534914, -6.846468 ], [ 107.534919, -6.846462 ], [ 107.534942, -6.846432 ], [ 107.535081, -6.846292 ], [ 107.535123, -6.84623 ], [ 107.535155, -6.846184 ], [ 107.535207, -6.846109 ], [ 107.535272, -6.845842 ], [ 107.535289, -6.845772 ], [ 107.53547, -6.845463 ], [ 107.535609, -6.845291 ], [ 107.535846, -6.844999 ], [ 107.535861, -6.844982 ], [ 107.536174, -6.844634 ], [ 107.536229, -6.844572 ], [ 107.53625, -6.844549 ], [ 107.53632, -6.844531 ], [ 107.536434, -6.844502 ], [ 107.53653, -6.844477 ], [ 107.536598, -6.84434 ], [ 107.536654, -6.844226 ], [ 107.536669, -6.844197 ], [ 107.53673, -6.84413 ], [ 107.536823, -6.844013 ], [ 107.536913, -6.8439 ], [ 107.53699, -6.843811 ], [ 107.537154, -6.843585 ], [ 107.53719, -6.843501 ], [ 107.537194, -6.843501 ], [ 107.537195, -6.843501 ], [ 107.537281, -6.843283 ], [ 107.537271, -6.843176 ], [ 107.537268, -6.843142 ], [ 107.537266, -6.843115 ], [ 107.537195, -6.842877 ], [ 107.537245, -6.84262 ], [ 107.537345, -6.842106 ], [ 107.537361, -6.841865 ], [ 107.537371, -6.841714 ], [ 107.5374, -6.841586 ], [ 107.537467, -6.841293 ], [ 107.537453, -6.841236 ], [ 107.537397, -6.841002 ], [ 107.537366, -6.840874 ], [ 107.537365, -6.840648 ], [ 107.537363, -6.840328 ], [ 107.537376, -6.840287 ], [ 107.537418, -6.840145 ], [ 107.537524, -6.839921 ], [ 107.537682, -6.839584 ], [ 107.537752, -6.839463 ], [ 107.537936, -6.839143 ], [ 107.538083, -6.838846 ], [ 107.538251, -6.838488 ], [ 107.538427, -6.838266 ], [ 107.53853, -6.838137 ], [ 107.538599, -6.837931 ], [ 107.538619, -6.837871 ], [ 107.538674, -6.837708 ], [ 107.538687, -6.837671 ], [ 107.538696, -6.837634 ], [ 107.538721, -6.837212 ], [ 107.538762, -6.837066 ], [ 107.538809, -6.836899 ], [ 107.538953, -6.836391 ], [ 107.53901, -6.836188 ], [ 107.53897, -6.836081 ], [ 107.538953, -6.836034 ], [ 107.538956, -6.83594 ], [ 107.538974, -6.835341 ], [ 107.538977, -6.835236 ], [ 107.538989, -6.834942 ], [ 107.539016, -6.834708 ], [ 107.539043, -6.834479 ], [ 107.539107, -6.834391 ], [ 107.539196, -6.834268 ], [ 107.539391, -6.834029 ], [ 107.539564, -6.833831 ], [ 107.5396, -6.83379 ], [ 107.53962, -6.833783 ], [ 107.539696, -6.833756 ], [ 107.539934, -6.833673 ], [ 107.539964, -6.833662 ], [ 107.539966, -6.833662 ], [ 107.539967, -6.833662 ], [ 107.540444, -6.833744 ], [ 107.540944, -6.8338 ], [ 107.541383, -6.83385 ], [ 107.541457, -6.833846 ], [ 107.541662, -6.833835 ], [ 107.541845, -6.833799 ], [ 107.541956, -6.833778 ], [ 107.541957, -6.833778 ], [ 107.541958, -6.833778 ], [ 107.542133, -6.833818 ], [ 107.542253, -6.833846 ], [ 107.54247, -6.833903 ], [ 107.542673, -6.833956 ], [ 107.542798, -6.833927 ], [ 107.542823, -6.833901 ], [ 107.54285, -6.833872 ], [ 107.542977, -6.833737 ], [ 107.543063, -6.833646 ], [ 107.543223, -6.833532 ], [ 107.543522, -6.83332 ], [ 107.54353, -6.833309 ], [ 107.543542, -6.833305 ], [ 107.543579, -6.833279 ], [ 107.543611, -6.833208 ], [ 107.543718, -6.83297 ], [ 107.543895, -6.832913 ], [ 107.543984, -6.832885 ], [ 107.544157, -6.832777 ], [ 107.544203, -6.832748 ], [ 107.544256, -6.832715 ], [ 107.544459, -6.832588 ], [ 107.544663, -6.832462 ], [ 107.544711, -6.832433 ], [ 107.544892, -6.832259 ], [ 107.544942, -6.832211 ], [ 107.54499, -6.832165 ], [ 107.545228, -6.831954 ], [ 107.545266, -6.831921 ], [ 107.545268, -6.831919 ], [ 107.545324, -6.831845 ], [ 107.545364, -6.831792 ], [ 107.5454, -6.831745 ], [ 107.545521, -6.831618 ], [ 107.545521, -6.831618 ], [ 107.545635, -6.831499 ], [ 107.545635, -6.831499 ] ] ] } },
{ "type": "Feature", "properties": { "KECAMATAN": "Cimahi Utara", "KELURAHAN": "Kel. Citeureup" }, "geometry": { "type": "Polygon", "coordinates": [ [ [ 107.551595, -6.849155 ], [ 107.552185, -6.849244 ], [ 107.552187, -6.849244 ], [ 107.552369, -6.849272 ], [ 107.552422, -6.84928 ], [ 107.552544, -6.849292 ], [ 107.552545, -6.849292 ], [ 107.55282, -6.849318 ], [ 107.55282, -6.849318 ], [ 107.553157, -6.849351 ], [ 107.553373, -6.849371 ], [ 107.553547, -6.849421 ], [ 107.553549, -6.849421 ], [ 107.553721, -6.84947 ], [ 107.553864, -6.849521 ], [ 107.553954, -6.849554 ], [ 107.554145, -6.849688 ], [ 107.554284, -6.849786 ], [ 107.554368, -6.849844 ], [ 107.554553, -6.850027 ], [ 107.554526, -6.850003 ], [ 107.554662, -6.850137 ], [ 107.554986, -6.850457 ], [ 107.555254, -6.850754 ], [ 107.555338, -6.850848 ], [ 107.555345, -6.850867 ], [ 107.555357, -6.850898 ], [ 107.555397, -6.851009 ], [ 107.555409, -6.851043 ], [ 107.55542, -6.851111 ], [ 107.555442, -6.851265 ], [ 107.555453, -6.851337 ], [ 107.555441, -6.851404 ], [ 107.555427, -6.851483 ], [ 107.555412, -6.851561 ], [ 107.555405, -6.851595 ], [ 107.555389, -6.851675 ], [ 107.555389, -6.851675 ], [ 107.555355, -6.851835 ], [ 107.555355, -6.851836 ], [ 107.555289, -6.85215 ], [ 107.555279, -6.852568 ], [ 107.555279, -6.852568 ], [ 107.555278, -6.852612 ], [ 107.555274, -6.852628 ], [ 107.555256, -6.852701 ], [ 107.555223, -6.852837 ], [ 107.555169, -6.85292 ], [ 107.555109, -6.853014 ], [ 107.555066, -6.853081 ], [ 107.555051, -6.853104 ], [ 107.555042, -6.853118 ], [ 107.555044, -6.853159 ], [ 107.555044, -6.853163 ], [ 107.555058, -6.85344 ], [ 107.555043, -6.853464 ], [ 107.554993, -6.853544 ], [ 107.554988, -6.853552 ], [ 107.554983, -6.853554 ], [ 107.554947, -6.85357 ], [ 107.554945, -6.853571 ], [ 107.55489, -6.853595 ], [ 107.554885, -6.853608 ], [ 107.554885, -6.853609 ], [ 107.55488, -6.85362 ], [ 107.554861, -6.85367 ], [ 107.554857, -6.85368 ], [ 107.554856, -6.853681 ], [ 107.554856, -6.853681 ], [ 107.554854, -6.853687 ], [ 107.554846, -6.853707 ], [ 107.554807, -6.853805 ], [ 107.554808, -6.853913 ], [ 107.554808, -6.853925 ], [ 107.554808, -6.853947 ], [ 107.554809, -6.854072 ], [ 107.554809, -6.854085 ], [ 107.55483, -6.854171 ], [ 107.55488, -6.854379 ], [ 107.554962, -6.854549 ], [ 107.554992, -6.854612 ], [ 107.555047, -6.854725 ], [ 107.555136, -6.85491 ], [ 107.555152, -6.854927 ], [ 107.555257, -6.855038 ], [ 107.555331, -6.855115 ], [ 107.555336, -6.855121 ], [ 107.555347, -6.855133 ], [ 107.555452, -6.855319 ], [ 107.555499, -6.855402 ], [ 107.555518, -6.855437 ], [ 107.555521, -6.855441 ], [ 107.555531, -6.855459 ], [ 107.555532, -6.855461 ], [ 107.555701, -6.855761 ], [ 107.555746, -6.855807 ], [ 107.55581, -6.855874 ], [ 107.555829, -6.855893 ], [ 107.555884, -6.855949 ], [ 107.555884, -6.85595 ], [ 107.555938, -6.856005 ], [ 107.556039, -6.856109 ], [ 107.556146, -6.856191 ], [ 107.556175, -6.856214 ], [ 107.556175, -6.856214 ], [ 107.556293, -6.856304 ], [ 107.556477, -6.856454 ], [ 107.556623, -6.856572 ], [ 107.556771, -6.856692 ], [ 107.556924, -6.856816 ], [ 107.557081, -6.856944 ], [ 107.557176, -6.857055 ], [ 107.557392, -6.857307 ], [ 107.557413, -6.857376 ], [ 107.557435, -6.857446 ], [ 107.55766, -6.857543 ], [ 107.557661, -6.857543 ], [ 107.557701, -6.857533 ], [ 107.557763, -6.857519 ], [ 107.557842, -6.8575 ], [ 107.557842, -6.857501 ], [ 107.557958, -6.857577 ], [ 107.557986, -6.857595 ], [ 107.558036, -6.857628 ], [ 107.558046, -6.857635 ], [ 107.55813, -6.85769 ], [ 107.558131, -6.857691 ], [ 107.558254, -6.857771 ], [ 107.558264, -6.857778 ], [ 107.558292, -6.857793 ], [ 107.55843, -6.857868 ], [ 107.558493, -6.857902 ], [ 107.558495, -6.857902 ], [ 107.558527, -6.85792 ], [ 107.55855, -6.857932 ], [ 107.55856, -6.857937 ], [ 107.558656, -6.857989 ], [ 107.558775, -6.858053 ], [ 107.558882, -6.858111 ], [ 107.55896, -6.858147 ], [ 107.559011, -6.858171 ], [ 107.559224, -6.85827 ], [ 107.559237, -6.858276 ], [ 107.559253, -6.858283 ], [ 107.559397, -6.85835 ], [ 107.559418, -6.85836 ], [ 107.559439, -6.85837 ], [ 107.55964, -6.858463 ], [ 107.559656, -6.858471 ], [ 107.559745, -6.858515 ], [ 107.55975, -6.858517 ], [ 107.559802, -6.858543 ], [ 107.559924, -6.858603 ], [ 107.56004, -6.858659 ], [ 107.560062, -6.85867 ], [ 107.560083, -6.85868 ], [ 107.560473, -6.858872 ], [ 107.560486, -6.858878 ], [ 107.5608, -6.859032 ], [ 107.56087, -6.859066 ], [ 107.56087, -6.859066 ], [ 107.561063, -6.859159 ], [ 107.561078, -6.859166 ], [ 107.561083, -6.859168 ], [ 107.561186, -6.859218 ], [ 107.561206, -6.859227 ], [ 107.561504, -6.85937 ], [ 107.561544, -6.85939 ], [ 107.561565, -6.859394 ], [ 107.561575, -6.859396 ], [ 107.561572, -6.859395 ], [ 107.561685, -6.859419 ], [ 107.561738, -6.85943 ], [ 107.561775, -6.859438 ], [ 107.561778, -6.859438 ], [ 107.561851, -6.859453 ], [ 107.562082, -6.859501 ], [ 107.562089, -6.859503 ], [ 107.562092, -6.859503 ], [ 107.562124, -6.859502 ], [ 107.56216, -6.859501 ], [ 107.562242, -6.859499 ], [ 107.562265, -6.859498 ], [ 107.562312, -6.859497 ], [ 107.562324, -6.859496 ], [ 107.562366, -6.859495 ], [ 107.562453, -6.859492 ], [ 107.562453, -6.859492 ], [ 107.562395, -6.859715 ], [ 107.562389, -6.859738 ], [ 107.562383, -6.859762 ], [ 107.562373, -6.8598 ], [ 107.562324, -6.85999 ], [ 107.562085, -6.86023 ], [ 107.562072, -6.860243 ], [ 107.561932, -6.86024 ], [ 107.561922, -6.860239 ], [ 107.561805, -6.860236 ], [ 107.561768, -6.860235 ], [ 107.56165, -6.860232 ], [ 107.561646, -6.86038 ], [ 107.561644, -6.860466 ], [ 107.561642, -6.860557 ], [ 107.561639, -6.860681 ], [ 107.561635, -6.860805 ], [ 107.561635, -6.860827 ], [ 107.561631, -6.86097 ], [ 107.561657, -6.860985 ], [ 107.561713, -6.861017 ], [ 107.561798, -6.861065 ], [ 107.561893, -6.86112 ], [ 107.561905, -6.861126 ], [ 107.5619, -6.861134 ], [ 107.561831, -6.861256 ], [ 107.561821, -6.861273 ], [ 107.561791, -6.861326 ], [ 107.561743, -6.861409 ], [ 107.56165, -6.861573 ], [ 107.561622, -6.861623 ], [ 107.561555, -6.861588 ], [ 107.561351, -6.861483 ], [ 107.56131, -6.861504 ], [ 107.561209, -6.861457 ], [ 107.560926, -6.861495 ], [ 107.560842, -6.861527 ], [ 107.560767, -6.861577 ], [ 107.560757, -6.861583 ], [ 107.560732, -6.861605 ], [ 107.560647, -6.861847 ], [ 107.56061, -6.861954 ], [ 107.560602, -6.862099 ], [ 107.560596, -6.862204 ], [ 107.560612, -6.862264 ], [ 107.560615, -6.862274 ], [ 107.560647, -6.86235 ], [ 107.560738, -6.862446 ], [ 107.560784, -6.862465 ], [ 107.560866, -6.862499 ], [ 107.56101, -6.862558 ], [ 107.561018, -6.862554 ], [ 107.561133, -6.862745 ], [ 107.561136, -6.862785 ], [ 107.561136, -6.862791 ], [ 107.561137, -6.862812 ], [ 107.561138, -6.862825 ], [ 107.561142, -6.862843 ], [ 107.561144, -6.862851 ], [ 107.561188, -6.862956 ], [ 107.561168, -6.863097 ], [ 107.561146, -6.863145 ], [ 107.561134, -6.863167 ], [ 107.561127, -6.86318 ], [ 107.561118, -6.863196 ], [ 107.561097, -6.863229 ], [ 107.561081, -6.863255 ], [ 107.561073, -6.863267 ], [ 107.561049, -6.863304 ], [ 107.561033, -6.86333 ], [ 107.561013, -6.863361 ], [ 107.56098, -6.863367 ], [ 107.560957, -6.863367 ], [ 107.560922, -6.863369 ], [ 107.560906, -6.863378 ], [ 107.560882, -6.863394 ], [ 107.560857, -6.863419 ], [ 107.560849, -6.86344 ], [ 107.560843, -6.863458 ], [ 107.560839, -6.863469 ], [ 107.560832, -6.863493 ], [ 107.56083, -6.863529 ], [ 107.560828, -6.863549 ], [ 107.560829, -6.863577 ], [ 107.560829, -6.863591 ], [ 107.560829, -6.863601 ], [ 107.56083, -6.863634 ], [ 107.560827, -6.86366 ], [ 107.560815, -6.863695 ], [ 107.560806, -6.863713 ], [ 107.560793, -6.863748 ], [ 107.560779, -6.863783 ], [ 107.560773, -6.863813 ], [ 107.560767, -6.86385 ], [ 107.560764, -6.863891 ], [ 107.56076, -6.863924 ], [ 107.560753, -6.863963 ], [ 107.560741, -6.864002 ], [ 107.560739, -6.86403 ], [ 107.560742, -6.864055 ], [ 107.560744, -6.864068 ], [ 107.560739, -6.864094 ], [ 107.560722, -6.864119 ], [ 107.560703, -6.864136 ], [ 107.560679, -6.864154 ], [ 107.560659, -6.864168 ], [ 107.560615, -6.864198 ], [ 107.560607, -6.8642 ], [ 107.560583, -6.864207 ], [ 107.560551, -6.864213 ], [ 107.560511, -6.864225 ], [ 107.56049, -6.864233 ], [ 107.560475, -6.864244 ], [ 107.560471, -6.864246 ], [ 107.560449, -6.864261 ], [ 107.560403, -6.864279 ], [ 107.560352, -6.864283 ], [ 107.56035, -6.864283 ], [ 107.560302, -6.864278 ], [ 107.560263, -6.864273 ], [ 107.560227, -6.864268 ], [ 107.560196, -6.864264 ], [ 107.560146, -6.864257 ], [ 107.560118, -6.864254 ], [ 107.560093, -6.86425 ], [ 107.560028, -6.864241 ], [ 107.559983, -6.864234 ], [ 107.559939, -6.864227 ], [ 107.55993, -6.864225 ], [ 107.559892, -6.864215 ], [ 107.559839, -6.864202 ], [ 107.559812, -6.864194 ], [ 107.559801, -6.864191 ], [ 107.55979, -6.864186 ], [ 107.559774, -6.864179 ], [ 107.559731, -6.864158 ], [ 107.559696, -6.864144 ], [ 107.559666, -6.86413 ], [ 107.559641, -6.86412 ], [ 107.559637, -6.864119 ], [ 107.559544, -6.864093 ], [ 107.55954, -6.864092 ], [ 107.559486, -6.864082 ], [ 107.559447, -6.864078 ], [ 107.559433, -6.864078 ], [ 107.559424, -6.864078 ], [ 107.559393, -6.864079 ], [ 107.559336, -6.864079 ], [ 107.559292, -6.864083 ], [ 107.559279, -6.864083 ], [ 107.559243, -6.864095 ], [ 107.559211, -6.864113 ], [ 107.559171, -6.864134 ], [ 107.559136, -6.864152 ], [ 107.559115, -6.86417 ], [ 107.559103, -6.864181 ], [ 107.559084, -6.864212 ], [ 107.559078, -6.864221 ], [ 107.559054, -6.864251 ], [ 107.559046, -6.864263 ], [ 107.559043, -6.864267 ], [ 107.559025, -6.864292 ], [ 107.559004, -6.864325 ], [ 107.558997, -6.864339 ], [ 107.558993, -6.864347 ], [ 107.558987, -6.86436 ], [ 107.558978, -6.864389 ], [ 107.55897, -6.864421 ], [ 107.558958, -6.864448 ], [ 107.558942, -6.864486 ], [ 107.558926, -6.864523 ], [ 107.558913, -6.864556 ], [ 107.558899, -6.864587 ], [ 107.558885, -6.864621 ], [ 107.558879, -6.864655 ], [ 107.558872, -6.864685 ], [ 107.558869, -6.864732 ], [ 107.558868, -6.864773 ], [ 107.558869, -6.864798 ], [ 107.558869, -6.864825 ], [ 107.558869, -6.86484 ], [ 107.558865, -6.864895 ], [ 107.558856, -6.864925 ], [ 107.558851, -6.864941 ], [ 107.558846, -6.864976 ], [ 107.558842, -6.864995 ], [ 107.558842, -6.865015 ], [ 107.558831, -6.865036 ], [ 107.558812, -6.865053 ], [ 107.558794, -6.865074 ], [ 107.558788, -6.865083 ], [ 107.558759, -6.86511 ], [ 107.55873, -6.865134 ], [ 107.558717, -6.865148 ], [ 107.558686, -6.865175 ], [ 107.55867, -6.86519 ], [ 107.558641, -6.865207 ], [ 107.558626, -6.865215 ], [ 107.558586, -6.865238 ], [ 107.558565, -6.86525 ], [ 107.558499, -6.865284 ], [ 107.558469, -6.865298 ], [ 107.558412, -6.86532 ], [ 107.558387, -6.865325 ], [ 107.558368, -6.865329 ], [ 107.558351, -6.865333 ], [ 107.558327, -6.865341 ], [ 107.558297, -6.865359 ], [ 107.55828, -6.865378 ], [ 107.558266, -6.865393 ], [ 107.558254, -6.865411 ], [ 107.55824, -6.865435 ], [ 107.558228, -6.865457 ], [ 107.558218, -6.865474 ], [ 107.558203, -6.865497 ], [ 107.55819, -6.865515 ], [ 107.558173, -6.865537 ], [ 107.558152, -6.865569 ], [ 107.558137, -6.865596 ], [ 107.558122, -6.865622 ], [ 107.558098, -6.865716 ], [ 107.558088, -6.865756 ], [ 107.55808, -6.865786 ], [ 107.558077, -6.865815 ], [ 107.558077, -6.865832 ], [ 107.558076, -6.865856 ], [ 107.558082, -6.865891 ], [ 107.558086, -6.865924 ], [ 107.558089, -6.865944 ], [ 107.558101, -6.865978 ], [ 107.558111, -6.866006 ], [ 107.558116, -6.866022 ], [ 107.558125, -6.86605 ], [ 107.558134, -6.866074 ], [ 107.558145, -6.866105 ], [ 107.558149, -6.866134 ], [ 107.558152, -6.866159 ], [ 107.558147, -6.866191 ], [ 107.55814, -6.866234 ], [ 107.558125, -6.86628 ], [ 107.558116, -6.866306 ], [ 107.558086, -6.866353 ], [ 107.558065, -6.866383 ], [ 107.558045, -6.866407 ], [ 107.55802, -6.866432 ], [ 107.558005, -6.866442 ], [ 107.557975, -6.866461 ], [ 107.55795, -6.866471 ], [ 107.557889, -6.866482 ], [ 107.557824, -6.866482 ], [ 107.557794, -6.86648 ], [ 107.557768, -6.866471 ], [ 107.557749, -6.866453 ], [ 107.557729, -6.866422 ], [ 107.557714, -6.866393 ], [ 107.557701, -6.866368 ], [ 107.5577, -6.866367 ], [ 107.557677, -6.866339 ], [ 107.557639, -6.86632 ], [ 107.557606, -6.866319 ], [ 107.557535, -6.866325 ], [ 107.557489, -6.866333 ], [ 107.557457, -6.866341 ], [ 107.557441, -6.866345 ], [ 107.557411, -6.866359 ], [ 107.557376, -6.86638 ], [ 107.557356, -6.866397 ], [ 107.557343, -6.86641 ], [ 107.557318, -6.866451 ], [ 107.557311, -6.866465 ], [ 107.557296, -6.866495 ], [ 107.557282, -6.866527 ], [ 107.557273, -6.866559 ], [ 107.557267, -6.866596 ], [ 107.557265, -6.866606 ], [ 107.557254, -6.866647 ], [ 107.557245, -6.866677 ], [ 107.557238, -6.866697 ], [ 107.557224, -6.866742 ], [ 107.557213, -6.866776 ], [ 107.557199, -6.866824 ], [ 107.557196, -6.866855 ], [ 107.557198, -6.866902 ], [ 107.5572, -6.866929 ], [ 107.55721, -6.86698 ], [ 107.557212, -6.866992 ], [ 107.557218, -6.86703 ], [ 107.557219, -6.867046 ], [ 107.557224, -6.867109 ], [ 107.557227, -6.867134 ], [ 107.557231, -6.867156 ], [ 107.557244, -6.867209 ], [ 107.55725, -6.86724 ], [ 107.557257, -6.867276 ], [ 107.557262, -6.867306 ], [ 107.557269, -6.867329 ], [ 107.557278, -6.867351 ], [ 107.557291, -6.867384 ], [ 107.557304, -6.86741 ], [ 107.557316, -6.867426 ], [ 107.557327, -6.867442 ], [ 107.557352, -6.867469 ], [ 107.557372, -6.867485 ], [ 107.55742, -6.867513 ], [ 107.557447, -6.867526 ], [ 107.557494, -6.867542 ], [ 107.557518, -6.867554 ], [ 107.557537, -6.867571 ], [ 107.557537, -6.867589 ], [ 107.557534, -6.86761 ], [ 107.55753, -6.867623 ], [ 107.557511, -6.867664 ], [ 107.557498, -6.867692 ], [ 107.557487, -6.867717 ], [ 107.557469, -6.867743 ], [ 107.557445, -6.867778 ], [ 107.557411, -6.867829 ], [ 107.557391, -6.867862 ], [ 107.557376, -6.867887 ], [ 107.557361, -6.867912 ], [ 107.557259, -6.868021 ], [ 107.557202, -6.868051 ], [ 107.557168, -6.868069 ], [ 107.557127, -6.868087 ], [ 107.55712, -6.86809 ], [ 107.557082, -6.868106 ], [ 107.557045, -6.86812 ], [ 107.557016, -6.86813 ], [ 107.556983, -6.868142 ], [ 107.556919, -6.868164 ], [ 107.556907, -6.86817 ], [ 107.55687, -6.86817 ], [ 107.556864, -6.868171 ], [ 107.556804, -6.868171 ], [ 107.556776, -6.868164 ], [ 107.556765, -6.868162 ], [ 107.55671, -6.868139 ], [ 107.556689, -6.868131 ], [ 107.556661, -6.868107 ], [ 107.556621, -6.868085 ], [ 107.556591, -6.868065 ], [ 107.556558, -6.868043 ], [ 107.556524, -6.86802 ], [ 107.556488, -6.867997 ], [ 107.556469, -6.867981 ], [ 107.556406, -6.867886 ], [ 107.556381, -6.867859 ], [ 107.556312, -6.86779 ], [ 107.556309, -6.867788 ], [ 107.556282, -6.867763 ], [ 107.556276, -6.867757 ], [ 107.556235, -6.867723 ], [ 107.556222, -6.867713 ], [ 107.556202, -6.867698 ], [ 107.556168, -6.867674 ], [ 107.556124, -6.867653 ], [ 107.556105, -6.867646 ], [ 107.55609, -6.867641 ], [ 107.556038, -6.867629 ], [ 107.556017, -6.867626 ], [ 107.555967, -6.867624 ], [ 107.555946, -6.867628 ], [ 107.555916, -6.867639 ], [ 107.555885, -6.867663 ], [ 107.555856, -6.867697 ], [ 107.555826, -6.867727 ], [ 107.555825, -6.867727 ], [ 107.55582, -6.867732 ], [ 107.555808, -6.867744 ], [ 107.555785, -6.867775 ], [ 107.555772, -6.867794 ], [ 107.555759, -6.867814 ], [ 107.555747, -6.867856 ], [ 107.555745, -6.867883 ], [ 107.555745, -6.867899 ], [ 107.555745, -6.867939 ], [ 107.555747, -6.867955 ], [ 107.555749, -6.867984 ], [ 107.555753, -6.868011 ], [ 107.555759, -6.86806 ], [ 107.555764, -6.868151 ], [ 107.555765, -6.868187 ], [ 107.555766, -6.868207 ], [ 107.555766, -6.868219 ], [ 107.555768, -6.868259 ], [ 107.555772, -6.868285 ], [ 107.555774, -6.868295 ], [ 107.555784, -6.868349 ], [ 107.555798, -6.868406 ], [ 107.555816, -6.868468 ], [ 107.555829, -6.868514 ], [ 107.555838, -6.868545 ], [ 107.555852, -6.868585 ], [ 107.555863, -6.868622 ], [ 107.555872, -6.868651 ], [ 107.555879, -6.868673 ], [ 107.555884, -6.868688 ], [ 107.555893, -6.868721 ], [ 107.555901, -6.86875 ], [ 107.555909, -6.868774 ], [ 107.555917, -6.868797 ], [ 107.555902, -6.868839 ], [ 107.555873, -6.868855 ], [ 107.555828, -6.86888 ], [ 107.555796, -6.868895 ], [ 107.555764, -6.86891 ], [ 107.55571, -6.868928 ], [ 107.555673, -6.868936 ], [ 107.555651, -6.868941 ], [ 107.555603, -6.868951 ], [ 107.55558, -6.868953 ], [ 107.555523, -6.868962 ], [ 107.555435, -6.868983 ], [ 107.555388, -6.868996 ], [ 107.555339, -6.869017 ], [ 107.555311, -6.869032 ], [ 107.555282, -6.869063 ], [ 107.555272, -6.869074 ], [ 107.555241, -6.869104 ], [ 107.555231, -6.869114 ], [ 107.555197, -6.869141 ], [ 107.555149, -6.869178 ], [ 107.555124, -6.8692 ], [ 107.555119, -6.869206 ], [ 107.555098, -6.869227 ], [ 107.555092, -6.86923 ], [ 107.555021, -6.869273 ], [ 107.554983, -6.869294 ], [ 107.554955, -6.869308 ], [ 107.554921, -6.869324 ], [ 107.554868, -6.869349 ], [ 107.554854, -6.869356 ], [ 107.554797, -6.869383 ], [ 107.554718, -6.869424 ], [ 107.554704, -6.869431 ], [ 107.554699, -6.869434 ], [ 107.554654, -6.869464 ], [ 107.55459, -6.869507 ], [ 107.554546, -6.86954 ], [ 107.554514, -6.869565 ], [ 107.554477, -6.869598 ], [ 107.554398, -6.869685 ], [ 107.554335, -6.869754 ], [ 107.554272, -6.869818 ], [ 107.554119, -6.869966 ], [ 107.554097, -6.869987 ], [ 107.554094, -6.869991 ], [ 107.554019, -6.870066 ], [ 107.553985, -6.870096 ], [ 107.55395, -6.870121 ], [ 107.553906, -6.870152 ], [ 107.553824, -6.870183 ], [ 107.553542, -6.870289 ], [ 107.553191, -6.870319 ], [ 107.553118, -6.870307 ], [ 107.553025, -6.870293 ], [ 107.552958, -6.870282 ], [ 107.552938, -6.870289 ], [ 107.552882, -6.87031 ], [ 107.552829, -6.870363 ], [ 107.552812, -6.870399 ], [ 107.552789, -6.870454 ], [ 107.55278, -6.870477 ], [ 107.552771, -6.870498 ], [ 107.552766, -6.870511 ], [ 107.55276, -6.870527 ], [ 107.552737, -6.870578 ], [ 107.552704, -6.87065 ], [ 107.552703, -6.870653 ], [ 107.552681, -6.870699 ], [ 107.552663, -6.870739 ], [ 107.55269, -6.870819 ], [ 107.552695, -6.870836 ], [ 107.552733, -6.870952 ], [ 107.5527, -6.871024 ], [ 107.5527, -6.87115 ], [ 107.552668, -6.871222 ], [ 107.552661, -6.871238 ], [ 107.552654, -6.871254 ], [ 107.552613, -6.871314 ], [ 107.552582, -6.871333 ], [ 107.552504, -6.871307 ], [ 107.552394, -6.87125 ], [ 107.552277, -6.87119 ], [ 107.552174, -6.871137 ], [ 107.552107, -6.871102 ], [ 107.552078, -6.871087 ], [ 107.551982, -6.871037 ], [ 107.551978, -6.871035 ], [ 107.551948, -6.87102 ], [ 107.551901, -6.871013 ], [ 107.551892, -6.871012 ], [ 107.551853, -6.871024 ], [ 107.551788, -6.871044 ], [ 107.551737, -6.871059 ], [ 107.551712, -6.871067 ], [ 107.551688, -6.871074 ], [ 107.55165, -6.871085 ], [ 107.551613, -6.871097 ], [ 107.551274, -6.871472 ], [ 107.551139, -6.871296 ], [ 107.551115, -6.871209 ], [ 107.551086, -6.871105 ], [ 107.550907, -6.871024 ], [ 107.550904, -6.871027 ], [ 107.550848, -6.8711 ], [ 107.550705, -6.871287 ], [ 107.550659, -6.871346 ], [ 107.550644, -6.871366 ], [ 107.550641, -6.87137 ], [ 107.550573, -6.871459 ], [ 107.550554, -6.871483 ], [ 107.550543, -6.871473 ], [ 107.550499, -6.871435 ], [ 107.550459, -6.8714 ], [ 107.550447, -6.871389 ], [ 107.550393, -6.871342 ], [ 107.55038, -6.87133 ], [ 107.550214, -6.871184 ], [ 107.550208, -6.871179 ], [ 107.550207, -6.871179 ], [ 107.550181, -6.871155 ], [ 107.550108, -6.871091 ], [ 107.550072, -6.87106 ], [ 107.550019, -6.871037 ], [ 107.549937, -6.871048 ], [ 107.549867, -6.871058 ], [ 107.549867, -6.871058 ], [ 107.549765, -6.871068 ], [ 107.54972, -6.871071 ], [ 107.549671, -6.871074 ], [ 107.549657, -6.871075 ], [ 107.549642, -6.871076 ], [ 107.549585, -6.87108 ], [ 107.549535, -6.871082 ], [ 107.549483, -6.871084 ], [ 107.549472, -6.871084 ], [ 107.549419, -6.871085 ], [ 107.549293, -6.871087 ], [ 107.549292, -6.871087 ], [ 107.549236, -6.871088 ], [ 107.549227, -6.871088 ], [ 107.549134, -6.871089 ], [ 107.549115, -6.871089 ], [ 107.549092, -6.87109 ], [ 107.549049, -6.871104 ], [ 107.548999, -6.87112 ], [ 107.548917, -6.871196 ], [ 107.548915, -6.871197 ], [ 107.548899, -6.871214 ], [ 107.548886, -6.871227 ], [ 107.548853, -6.871261 ], [ 107.548814, -6.871302 ], [ 107.548779, -6.871338 ], [ 107.548758, -6.871371 ], [ 107.548745, -6.871391 ], [ 107.548703, -6.871393 ], [ 107.548637, -6.871398 ], [ 107.548583, -6.871401 ], [ 107.548524, -6.871405 ], [ 107.548397, -6.8714 ], [ 107.548396, -6.8714 ], [ 107.548392, -6.871399 ], [ 107.548353, -6.871397 ], [ 107.548351, -6.871397 ], [ 107.548344, -6.871396 ], [ 107.54829, -6.871392 ], [ 107.548207, -6.871373 ], [ 107.548121, -6.871353 ], [ 107.548081, -6.871344 ], [ 107.548069, -6.871341 ], [ 107.547994, -6.871324 ], [ 107.54797, -6.871318 ], [ 107.547938, -6.871311 ], [ 107.54782, -6.871284 ], [ 107.547758, -6.871269 ], [ 107.547742, -6.871266 ], [ 107.547697, -6.871255 ], [ 107.54767, -6.871249 ], [ 107.547632, -6.87124 ], [ 107.547516, -6.871213 ], [ 107.547454, -6.871185 ], [ 107.547426, -6.871172 ], [ 107.547322, -6.87113 ], [ 107.547298, -6.871121 ], [ 107.547269, -6.87111 ], [ 107.547149, -6.871067 ], [ 107.547058, -6.871034 ], [ 107.546998, -6.871013 ], [ 107.546969, -6.871002 ], [ 107.546913, -6.871097 ], [ 107.546899, -6.871121 ], [ 107.546872, -6.871166 ], [ 107.546847, -6.871208 ], [ 107.546796, -6.871295 ], [ 107.546787, -6.87131 ], [ 107.546628, -6.871236 ], [ 107.546556, -6.871202 ], [ 107.546488, -6.87117 ], [ 107.546483, -6.871168 ], [ 107.546477, -6.871165 ], [ 107.546433, -6.871144 ], [ 107.546452, -6.870974 ], [ 107.546453, -6.870969 ], [ 107.546464, -6.870868 ], [ 107.546475, -6.870776 ], [ 107.54647, -6.870774 ], [ 107.546285, -6.870669 ], [ 107.546167, -6.870602 ], [ 107.546076, -6.87055 ], [ 107.546068, -6.870545 ], [ 107.546059, -6.870541 ], [ 107.545958, -6.870483 ], [ 107.545853, -6.870424 ], [ 107.545812, -6.8704 ], [ 107.545777, -6.87038 ], [ 107.545775, -6.870375 ], [ 107.545713, -6.870224 ], [ 107.545686, -6.870156 ], [ 107.545631, -6.870116 ], [ 107.545537, -6.870047 ], [ 107.545508, -6.870027 ], [ 107.5455, -6.870021 ], [ 107.545472, -6.870001 ], [ 107.545419, -6.869962 ], [ 107.545373, -6.869929 ], [ 107.545363, -6.869921 ], [ 107.54536, -6.869923 ], [ 107.545292, -6.869955 ], [ 107.54529, -6.869957 ], [ 107.545246, -6.869978 ], [ 107.544912, -6.870138 ], [ 107.544845, -6.870171 ], [ 107.544813, -6.870187 ], [ 107.544788, -6.870199 ], [ 107.544775, -6.870205 ], [ 107.544584, -6.870297 ], [ 107.544543, -6.870194 ], [ 107.544525, -6.870148 ], [ 107.544503, -6.870095 ], [ 107.544496, -6.870077 ], [ 107.544482, -6.870042 ], [ 107.544481, -6.87004 ], [ 107.544466, -6.86998 ], [ 107.544409, -6.869756 ], [ 107.544396, -6.869741 ], [ 107.544353, -6.869687 ], [ 107.544337, -6.869667 ], [ 107.544297, -6.869625 ], [ 107.544224, -6.869551 ], [ 107.544177, -6.869503 ], [ 107.544199, -6.869464 ], [ 107.544361, -6.869177 ], [ 107.544247, -6.869103 ], [ 107.544182, -6.869061 ], [ 107.544142, -6.869035 ], [ 107.544103, -6.86901 ], [ 107.54408, -6.868995 ], [ 107.544053, -6.868978 ], [ 107.544021, -6.868957 ], [ 107.543983, -6.868933 ], [ 107.54397, -6.868924 ], [ 107.543936, -6.868903 ], [ 107.543915, -6.868889 ], [ 107.543866, -6.868862 ], [ 107.543747, -6.868796 ], [ 107.543704, -6.868772 ], [ 107.543681, -6.868761 ], [ 107.543482, -6.868669 ], [ 107.543471, -6.868664 ], [ 107.54336, -6.868612 ], [ 107.543298, -6.868583 ], [ 107.54328, -6.868575 ], [ 107.543218, -6.868546 ], [ 107.543213, -6.86852 ], [ 107.543189, -6.868386 ], [ 107.543162, -6.868237 ], [ 107.543154, -6.868197 ], [ 107.54314, -6.868121 ], [ 107.543133, -6.868079 ], [ 107.543126, -6.868044 ], [ 107.543024, -6.867999 ], [ 107.542953, -6.867968 ], [ 107.542884, -6.867938 ], [ 107.542842, -6.867904 ], [ 107.542783, -6.867854 ], [ 107.542752, -6.867838 ], [ 107.542713, -6.867817 ], [ 107.542666, -6.867792 ], [ 107.542656, -6.867786 ], [ 107.542632, -6.867773 ], [ 107.542535, -6.867721 ], [ 107.542464, -6.867683 ], [ 107.542461, -6.867681 ], [ 107.542417, -6.867657 ], [ 107.542404, -6.867645 ], [ 107.542422, -6.867572 ], [ 107.54244, -6.867494 ], [ 107.542446, -6.867471 ], [ 107.542457, -6.867427 ], [ 107.542459, -6.867415 ], [ 107.54246, -6.867414 ], [ 107.542484, -6.867311 ], [ 107.542485, -6.867311 ], [ 107.542491, -6.867283 ], [ 107.542492, -6.867281 ], [ 107.542526, -6.867139 ], [ 107.542527, -6.867136 ], [ 107.542532, -6.867114 ], [ 107.542541, -6.867078 ], [ 107.54256, -6.866998 ], [ 107.542624, -6.866784 ], [ 107.542659, -6.866668 ], [ 107.542671, -6.86663 ], [ 107.542701, -6.866528 ], [ 107.542742, -6.866392 ], [ 107.542775, -6.866283 ], [ 107.542779, -6.866269 ], [ 107.54279, -6.866231 ], [ 107.542793, -6.866223 ], [ 107.542832, -6.866093 ], [ 107.542844, -6.866051 ], [ 107.542845, -6.86605 ], [ 107.542849, -6.866036 ], [ 107.542904, -6.865853 ], [ 107.542904, -6.865852 ], [ 107.542937, -6.865743 ], [ 107.542946, -6.865712 ], [ 107.542995, -6.86555 ], [ 107.543024, -6.865452 ], [ 107.543106, -6.86518 ], [ 107.543132, -6.865092 ], [ 107.543263, -6.864657 ], [ 107.543339, -6.864405 ], [ 107.54334, -6.864401 ], [ 107.543362, -6.864327 ], [ 107.543398, -6.864207 ], [ 107.543416, -6.864148 ], [ 107.543504, -6.863854 ], [ 107.543505, -6.863849 ], [ 107.543546, -6.863714 ], [ 107.543553, -6.863692 ], [ 107.543573, -6.863625 ], [ 107.543605, -6.863517 ], [ 107.543648, -6.863375 ], [ 107.54372, -6.863133 ], [ 107.543731, -6.863098 ], [ 107.543804, -6.862855 ], [ 107.543805, -6.86285 ], [ 107.543824, -6.862778 ], [ 107.543839, -6.862724 ], [ 107.543847, -6.862693 ], [ 107.543867, -6.862619 ], [ 107.543881, -6.862567 ], [ 107.5439, -6.862494 ], [ 107.543911, -6.862453 ], [ 107.543926, -6.862395 ], [ 107.543951, -6.862302 ], [ 107.543955, -6.862286 ], [ 107.543956, -6.862284 ], [ 107.543974, -6.862216 ], [ 107.543974, -6.862216 ], [ 107.543984, -6.862177 ], [ 107.543986, -6.862171 ], [ 107.543999, -6.862121 ], [ 107.544023, -6.862031 ], [ 107.544054, -6.861915 ], [ 107.544067, -6.861867 ], [ 107.544075, -6.861833 ], [ 107.544076, -6.861831 ], [ 107.544094, -6.861764 ], [ 107.544098, -6.861749 ], [ 107.544101, -6.861738 ], [ 107.54411, -6.861705 ], [ 107.544152, -6.861546 ], [ 107.54417, -6.861477 ], [ 107.544221, -6.861286 ], [ 107.544249, -6.861181 ], [ 107.544272, -6.861092 ], [ 107.54428, -6.861066 ], [ 107.544293, -6.861013 ], [ 107.544312, -6.860983 ], [ 107.54434, -6.860939 ], [ 107.544356, -6.860914 ], [ 107.544384, -6.86087 ], [ 107.544415, -6.860843 ], [ 107.544478, -6.86079 ], [ 107.544521, -6.860753 ], [ 107.54456, -6.860719 ], [ 107.544612, -6.860675 ], [ 107.544659, -6.860635 ], [ 107.5447, -6.860593 ], [ 107.544761, -6.860531 ], [ 107.544766, -6.860526 ], [ 107.5448, -6.860491 ], [ 107.54481, -6.860481 ], [ 107.544811, -6.86048 ], [ 107.54482, -6.860471 ], [ 107.544876, -6.860414 ], [ 107.544933, -6.860385 ], [ 107.54494, -6.860381 ], [ 107.545009, -6.860344 ], [ 107.54506, -6.860317 ], [ 107.545077, -6.860307 ], [ 107.545146, -6.860263 ], [ 107.545163, -6.860244 ], [ 107.545232, -6.860169 ], [ 107.545285, -6.86011 ], [ 107.545403, -6.859967 ], [ 107.545448, -6.859915 ], [ 107.54552, -6.859832 ], [ 107.545522, -6.85983 ], [ 107.545578, -6.859765 ], [ 107.545638, -6.859696 ], [ 107.545643, -6.85969 ], [ 107.545702, -6.859622 ], [ 107.545745, -6.859572 ], [ 107.545779, -6.859533 ], [ 107.54583, -6.859474 ], [ 107.545871, -6.859427 ], [ 107.545922, -6.859448 ], [ 107.545932, -6.859452 ], [ 107.545978, -6.85947 ], [ 107.546032, -6.859465 ], [ 107.546057, -6.859463 ], [ 107.546063, -6.859462 ], [ 107.546102, -6.859425 ], [ 107.546128, -6.8594 ], [ 107.546169, -6.859343 ], [ 107.546202, -6.859297 ], [ 107.546264, -6.859215 ], [ 107.546369, -6.859066 ], [ 107.546395, -6.858966 ], [ 107.546402, -6.858882 ], [ 107.546409, -6.858803 ], [ 107.546415, -6.858736 ], [ 107.546466, -6.858663 ], [ 107.546526, -6.858618 ], [ 107.546644, -6.858551 ], [ 107.546747, -6.858491 ], [ 107.546823, -6.858416 ], [ 107.546892, -6.858332 ], [ 107.546975, -6.858201 ], [ 107.546979, -6.858194 ], [ 107.547057, -6.858034 ], [ 107.547113, -6.857958 ], [ 107.547166, -6.857908 ], [ 107.547172, -6.857901 ], [ 107.547256, -6.85783 ], [ 107.547326, -6.85778 ], [ 107.54741, -6.857737 ], [ 107.547435, -6.857655 ], [ 107.547438, -6.857572 ], [ 107.547433, -6.857471 ], [ 107.547392, -6.857428 ], [ 107.547371, -6.857392 ], [ 107.547366, -6.857339 ], [ 107.547391, -6.857268 ], [ 107.547435, -6.857205 ], [ 107.547451, -6.85713 ], [ 107.547454, -6.857106 ], [ 107.547465, -6.857014 ], [ 107.547605, -6.856865 ], [ 107.547656, -6.856861 ], [ 107.547679, -6.856859 ], [ 107.547699, -6.856858 ], [ 107.547707, -6.856857 ], [ 107.547785, -6.856841 ], [ 107.54779, -6.856834 ], [ 107.54781, -6.856807 ], [ 107.547828, -6.856781 ], [ 107.547837, -6.85677 ], [ 107.547842, -6.856734 ], [ 107.547899, -6.856746 ], [ 107.547915, -6.856745 ], [ 107.547938, -6.856743 ], [ 107.547984, -6.856729 ], [ 107.547997, -6.856722 ], [ 107.548009, -6.856715 ], [ 107.548015, -6.856711 ], [ 107.54802, -6.856705 ], [ 107.548059, -6.856656 ], [ 107.548105, -6.856602 ], [ 107.548149, -6.856534 ], [ 107.548172, -6.856432 ], [ 107.548176, -6.856397 ], [ 107.54818, -6.856361 ], [ 107.548214, -6.856271 ], [ 107.548228, -6.856239 ], [ 107.548232, -6.856229 ], [ 107.548256, -6.856177 ], [ 107.54826, -6.856166 ], [ 107.548269, -6.856147 ], [ 107.54827, -6.856041 ], [ 107.548271, -6.855922 ], [ 107.548271, -6.855826 ], [ 107.548271, -6.855748 ], [ 107.548271, -6.855719 ], [ 107.548278, -6.855699 ], [ 107.548302, -6.855629 ], [ 107.548308, -6.855609 ], [ 107.548316, -6.855559 ], [ 107.548316, -6.855559 ], [ 107.548328, -6.855487 ], [ 107.548328, -6.855484 ], [ 107.548339, -6.855414 ], [ 107.548341, -6.855405 ], [ 107.548344, -6.855379 ], [ 107.548345, -6.855365 ], [ 107.54835, -6.855328 ], [ 107.548352, -6.85529 ], [ 107.548354, -6.855246 ], [ 107.548355, -6.855216 ], [ 107.548357, -6.855142 ], [ 107.548357, -6.855142 ], [ 107.548358, -6.855065 ], [ 107.54836, -6.85493 ], [ 107.548361, -6.854868 ], [ 107.548361, -6.854847 ], [ 107.54836, -6.854753 ], [ 107.548359, -6.854665 ], [ 107.548359, -6.854548 ], [ 107.548351, -6.85445 ], [ 107.548349, -6.854427 ], [ 107.548342, -6.854367 ], [ 107.548335, -6.854299 ], [ 107.548333, -6.854285 ], [ 107.54833, -6.85426 ], [ 107.548326, -6.854244 ], [ 107.548324, -6.854239 ], [ 107.548287, -6.854109 ], [ 107.548262, -6.854041 ], [ 107.548267, -6.854018 ], [ 107.548278, -6.853968 ], [ 107.548281, -6.853964 ], [ 107.548371, -6.853846 ], [ 107.548388, -6.853823 ], [ 107.5484, -6.853806 ], [ 107.548471, -6.853706 ], [ 107.54849, -6.853679 ], [ 107.54849, -6.853651 ], [ 107.54849, -6.853488 ], [ 107.548446, -6.853431 ], [ 107.548426, -6.853405 ], [ 107.5484, -6.853372 ], [ 107.548361, -6.853321 ], [ 107.54835, -6.853304 ], [ 107.54831, -6.853237 ], [ 107.548234, -6.853098 ], [ 107.548171, -6.852901 ], [ 107.548135, -6.852735 ], [ 107.548111, -6.852591 ], [ 107.548101, -6.852352 ], [ 107.548093, -6.852186 ], [ 107.548083, -6.851993 ], [ 107.548076, -6.851774 ], [ 107.548075, -6.851735 ], [ 107.548078, -6.851586 ], [ 107.548078, -6.851567 ], [ 107.548079, -6.85151 ], [ 107.548083, -6.851343 ], [ 107.548085, -6.851135 ], [ 107.548085, -6.851079 ], [ 107.548085, -6.851033 ], [ 107.548086, -6.850992 ], [ 107.548113, -6.850884 ], [ 107.548127, -6.850858 ], [ 107.548135, -6.850843 ], [ 107.548144, -6.850826 ], [ 107.548171, -6.850775 ], [ 107.548242, -6.850633 ], [ 107.548248, -6.850619 ], [ 107.548267, -6.850583 ], [ 107.548294, -6.850532 ], [ 107.548346, -6.850431 ], [ 107.548398, -6.850359 ], [ 107.548401, -6.850351 ], [ 107.548443, -6.850261 ], [ 107.548414, -6.850171 ], [ 107.548409, -6.850159 ], [ 107.54839, -6.850117 ], [ 107.548378, -6.850046 ], [ 107.548352, -6.849891 ], [ 107.548354, -6.849768 ], [ 107.548366, -6.849707 ], [ 107.548383, -6.849626 ], [ 107.548394, -6.849571 ], [ 107.548401, -6.849547 ], [ 107.548408, -6.849525 ], [ 107.548444, -6.849403 ], [ 107.54849, -6.849306 ], [ 107.548559, -6.849172 ], [ 107.548591, -6.849115 ], [ 107.548648, -6.849015 ], [ 107.548678, -6.848921 ], [ 107.548701, -6.848838 ], [ 107.548742, -6.848739 ], [ 107.548767, -6.848698 ], [ 107.548789, -6.848662 ], [ 107.5488, -6.848643 ], [ 107.548825, -6.848623 ], [ 107.548837, -6.848613 ], [ 107.548934, -6.848534 ], [ 107.548988, -6.848477 ], [ 107.549384, -6.848471 ], [ 107.549414, -6.848454 ], [ 107.549575, -6.848375 ], [ 107.549628, -6.848332 ], [ 107.54969, -6.848282 ], [ 107.549738, -6.848217 ], [ 107.549786, -6.84815 ], [ 107.549916, -6.847979 ], [ 107.550122, -6.847865 ], [ 107.550269, -6.847785 ], [ 107.550344, -6.847745 ], [ 107.550373, -6.847727 ], [ 107.550416, -6.8477 ], [ 107.550429, -6.847685 ], [ 107.550431, -6.847683 ], [ 107.550478, -6.847633 ], [ 107.550507, -6.847602 ], [ 107.550558, -6.847545 ], [ 107.550609, -6.847508 ], [ 107.550682, -6.847504 ], [ 107.550842, -6.847496 ], [ 107.550982, -6.847394 ], [ 107.550987, -6.847292 ], [ 107.55107, -6.84733 ], [ 107.551141, -6.847362 ], [ 107.551095, -6.84748 ], [ 107.551072, -6.847537 ], [ 107.551066, -6.847568 ], [ 107.551051, -6.847647 ], [ 107.551031, -6.847747 ], [ 107.551031, -6.847748 ], [ 107.550934, -6.847832 ], [ 107.550928, -6.847837 ], [ 107.550898, -6.847864 ], [ 107.550833, -6.847924 ], [ 107.550815, -6.84794 ], [ 107.550597, -6.848271 ], [ 107.550567, -6.848317 ], [ 107.550586, -6.848337 ], [ 107.550593, -6.848343 ], [ 107.550631, -6.848381 ], [ 107.550648, -6.848398 ], [ 107.550933, -6.848681 ], [ 107.550952, -6.8487 ], [ 107.551079, -6.848804 ], [ 107.551286, -6.848973 ], [ 107.551361, -6.849034 ], [ 107.551532, -6.849134 ], [ 107.551537, -6.849138 ], [ 107.551559, -6.84915 ], [ 107.551595, -6.849155 ] ] ] } },
{ "type": "Feature", "properties": { "KECAMATAN": "Cimahi Utara", "KELURAHAN": "Kel. Pasirkaliki" }, "geometry": { "type": "Polygon", "coordinates": [ [ [ 107.568282, -6.876937 ], [ 107.568718, -6.877027 ], [ 107.568744, -6.877031 ], [ 107.568952, -6.877068 ], [ 107.569007, -6.877283 ], [ 107.569008, -6.877288 ], [ 107.569009, -6.877289 ], [ 107.569017, -6.877291 ], [ 107.569062, -6.877463 ], [ 107.569081, -6.877536 ], [ 107.569083, -6.877545 ], [ 107.5691, -6.87761 ], [ 107.569101, -6.877613 ], [ 107.569124, -6.877701 ], [ 107.569153, -6.877813 ], [ 107.569165, -6.877858 ], [ 107.56917, -6.877878 ], [ 107.56917, -6.877878 ], [ 107.56917, -6.877881 ], [ 107.569198, -6.877987 ], [ 107.569234, -6.878081 ], [ 107.569265, -6.878163 ], [ 107.569332, -6.878336 ], [ 107.569499, -6.878769 ], [ 107.569525, -6.878838 ], [ 107.569713, -6.878869 ], [ 107.569714, -6.878868 ], [ 107.569719, -6.878867 ], [ 107.569993, -6.878794 ], [ 107.569995, -6.878794 ], [ 107.570285, -6.878803 ], [ 107.570378, -6.878823 ], [ 107.570399, -6.878865 ], [ 107.570068, -6.879147 ], [ 107.569653, -6.879399 ], [ 107.569499, -6.879602 ], [ 107.569446, -6.879671 ], [ 107.56961, -6.879756 ], [ 107.569645, -6.879774 ], [ 107.569707, -6.879836 ], [ 107.569732, -6.879895 ], [ 107.569748, -6.879932 ], [ 107.56976, -6.87996 ], [ 107.569763, -6.879967 ], [ 107.569805, -6.880061 ], [ 107.569823, -6.880102 ], [ 107.569891, -6.880252 ], [ 107.569906, -6.880285 ], [ 107.569918, -6.880313 ], [ 107.569925, -6.880316 ], [ 107.569964, -6.880334 ], [ 107.569975, -6.880339 ], [ 107.570075, -6.880385 ], [ 107.570127, -6.880437 ], [ 107.570086, -6.880618 ], [ 107.570062, -6.880721 ], [ 107.569985, -6.881062 ], [ 107.569881, -6.881239 ], [ 107.569773, -6.881488 ], [ 107.569768, -6.8815 ], [ 107.569727, -6.881604 ], [ 107.569822, -6.88179 ], [ 107.570157, -6.882205 ], [ 107.570304, -6.882391 ], [ 107.570355, -6.882411 ], [ 107.57046, -6.882453 ], [ 107.5705, -6.882459 ], [ 107.570641, -6.88248 ], [ 107.570658, -6.882483 ], [ 107.57066, -6.882483 ], [ 107.570772, -6.88247 ], [ 107.570856, -6.882461 ], [ 107.571076, -6.88238 ], [ 107.571172, -6.882345 ], [ 107.571273, -6.882307 ], [ 107.571292, -6.8823 ], [ 107.571383, -6.882266 ], [ 107.571422, -6.882252 ], [ 107.571491, -6.882226 ], [ 107.571578, -6.882193 ], [ 107.571666, -6.882159 ], [ 107.571708, -6.882586 ], [ 107.571738, -6.882649 ], [ 107.57179, -6.882758 ], [ 107.571825, -6.882831 ], [ 107.571827, -6.882834 ], [ 107.571911, -6.883024 ], [ 107.571976, -6.88317 ], [ 107.571981, -6.883185 ], [ 107.571984, -6.8832 ], [ 107.571983, -6.883215 ], [ 107.57197, -6.883365 ], [ 107.571968, -6.883377 ], [ 107.571947, -6.883468 ], [ 107.571879, -6.88376 ], [ 107.571851, -6.883877 ], [ 107.571851, -6.883877 ], [ 107.571771, -6.884265 ], [ 107.571768, -6.884283 ], [ 107.571808, -6.884536 ], [ 107.571827, -6.884654 ], [ 107.571828, -6.884657 ], [ 107.571856, -6.884892 ], [ 107.571877, -6.884916 ], [ 107.57197, -6.884956 ], [ 107.572111, -6.885003 ], [ 107.572284, -6.885059 ], [ 107.572297, -6.885064 ], [ 107.572309, -6.885072 ], [ 107.57232, -6.885081 ], [ 107.572329, -6.885091 ], [ 107.572336, -6.885103 ], [ 107.572398, -6.885219 ], [ 107.572403, -6.885231 ], [ 107.572406, -6.885243 ], [ 107.572408, -6.885255 ], [ 107.572422, -6.885451 ], [ 107.572422, -6.885465 ], [ 107.572406, -6.885647 ], [ 107.572397, -6.885746 ], [ 107.572396, -6.885754 ], [ 107.572366, -6.885923 ], [ 107.572348, -6.886028 ], [ 107.572343, -6.886232 ], [ 107.572356, -6.886247 ], [ 107.572367, -6.88626 ], [ 107.572425, -6.886289 ], [ 107.57247, -6.886292 ], [ 107.572486, -6.886293 ], [ 107.572575, -6.886299 ], [ 107.572586, -6.886301 ], [ 107.572596, -6.886303 ], [ 107.572606, -6.886307 ], [ 107.572692, -6.886346 ], [ 107.572699, -6.886349 ], [ 107.572711, -6.886357 ], [ 107.572879, -6.886492 ], [ 107.572979, -6.88657 ], [ 107.573054, -6.886627 ], [ 107.573189, -6.886667 ], [ 107.573195, -6.886669 ], [ 107.573366, -6.886732 ], [ 107.573379, -6.886738 ], [ 107.57339, -6.886745 ], [ 107.57361, -6.886915 ], [ 107.573619, -6.886923 ], [ 107.573627, -6.886932 ], [ 107.573633, -6.886941 ], [ 107.573692, -6.887047 ], [ 107.573714, -6.887086 ], [ 107.573719, -6.887096 ], [ 107.573879, -6.887491 ], [ 107.573894, -6.88753 ], [ 107.573898, -6.887542 ], [ 107.5739, -6.887556 ], [ 107.573953, -6.887637 ], [ 107.57399, -6.887678 ], [ 107.574152, -6.887856 ], [ 107.574157, -6.887861 ], [ 107.57437, -6.888132 ], [ 107.574454, -6.888216 ], [ 107.574593, -6.888263 ], [ 107.574605, -6.888267 ], [ 107.574678, -6.88829 ], [ 107.574692, -6.888296 ], [ 107.574704, -6.888303 ], [ 107.574715, -6.888313 ], [ 107.574725, -6.888324 ], [ 107.574732, -6.888336 ], [ 107.574763, -6.888401 ], [ 107.574849, -6.888575 ], [ 107.574898, -6.888674 ], [ 107.575029, -6.888936 ], [ 107.575032, -6.888941 ], [ 107.575144, -6.889208 ], [ 107.575146, -6.889215 ], [ 107.575213, -6.889417 ], [ 107.575365, -6.889669 ], [ 107.575468, -6.889743 ], [ 107.575554, -6.889805 ], [ 107.575556, -6.889806 ], [ 107.575717, -6.88993 ], [ 107.575727, -6.889939 ], [ 107.57573, -6.889942 ], [ 107.575889, -6.890106 ], [ 107.576011, -6.890231 ], [ 107.576015, -6.890236 ], [ 107.576024, -6.890248 ], [ 107.576118, -6.890408 ], [ 107.57612, -6.890418 ], [ 107.576126, -6.890462 ], [ 107.576113, -6.890532 ], [ 107.576103, -6.890547 ], [ 107.576087, -6.890571 ], [ 107.576085, -6.890574 ], [ 107.576076, -6.890586 ], [ 107.576084, -6.89063 ], [ 107.576103, -6.890741 ], [ 107.576103, -6.890741 ], [ 107.576057, -6.890732 ], [ 107.57604, -6.890729 ], [ 107.576047, -6.890759 ], [ 107.576014, -6.890898 ], [ 107.575998, -6.890967 ], [ 107.575967, -6.891073 ], [ 107.575939, -6.891168 ], [ 107.575923, -6.891221 ], [ 107.575923, -6.891222 ], [ 107.575943, -6.891421 ], [ 107.57595, -6.891493 ], [ 107.575951, -6.891521 ], [ 107.57596, -6.891714 ], [ 107.575957, -6.891782 ], [ 107.575952, -6.891909 ], [ 107.575851, -6.89202 ], [ 107.575842, -6.892026 ], [ 107.57569, -6.892139 ], [ 107.575591, -6.892211 ], [ 107.575572, -6.892225 ], [ 107.575437, -6.892293 ], [ 107.575315, -6.892337 ], [ 107.5752, -6.892379 ], [ 107.575056, -6.892482 ], [ 107.574955, -6.892609 ], [ 107.574953, -6.892613 ], [ 107.574889, -6.892795 ], [ 107.57488, -6.892822 ], [ 107.574738, -6.893213 ], [ 107.574654, -6.893476 ], [ 107.574494, -6.893689 ], [ 107.574325, -6.893817 ], [ 107.573841, -6.893786 ], [ 107.573484, -6.893711 ], [ 107.573162, -6.893713 ], [ 107.572966, -6.893662 ], [ 107.572686, -6.893588 ], [ 107.572508, -6.892896 ], [ 107.572399, -6.892471 ], [ 107.572398, -6.892459 ], [ 107.572365, -6.892199 ], [ 107.572276, -6.891505 ], [ 107.572258, -6.891346 ], [ 107.572214, -6.890971 ], [ 107.572101, -6.890471 ], [ 107.571882, -6.890121 ], [ 107.569748, -6.889686 ], [ 107.566742, -6.889073 ], [ 107.566742, -6.889071 ], [ 107.566735, -6.88907 ], [ 107.566701, -6.889063 ], [ 107.5667, -6.889062 ], [ 107.5667, -6.889062 ], [ 107.566626, -6.889045 ], [ 107.566478, -6.889013 ], [ 107.566478, -6.889012 ], [ 107.566477, -6.889012 ], [ 107.566346, -6.888983 ], [ 107.566215, -6.888954 ], [ 107.566077, -6.888927 ], [ 107.566076, -6.888927 ], [ 107.566076, -6.888927 ], [ 107.565831, -6.888878 ], [ 107.565406, -6.888798 ], [ 107.565405, -6.888798 ], [ 107.565403, -6.888797 ], [ 107.565194, -6.888755 ], [ 107.56502, -6.888721 ], [ 107.565019, -6.888721 ], [ 107.565018, -6.888721 ], [ 107.564846, -6.888686 ], [ 107.564846, -6.888686 ], [ 107.564845, -6.888686 ], [ 107.564775, -6.888671 ], [ 107.564706, -6.888657 ], [ 107.564703, -6.888656 ], [ 107.564701, -6.888656 ], [ 107.564502, -6.888608 ], [ 107.564268, -6.888554 ], [ 107.564162, -6.88853 ], [ 107.563987, -6.888492 ], [ 107.563828, -6.888461 ], [ 107.563828, -6.888461 ], [ 107.563828, -6.888461 ], [ 107.563687, -6.888434 ], [ 107.563687, -6.888434 ], [ 107.563687, -6.888434 ], [ 107.563519, -6.888401 ], [ 107.563346, -6.888372 ], [ 107.563345, -6.888371 ], [ 107.563345, -6.888371 ], [ 107.563099, -6.888327 ], [ 107.563081, -6.888324 ], [ 107.56308, -6.888324 ], [ 107.562861, -6.888295 ], [ 107.562857, -6.888295 ], [ 107.562842, -6.888293 ], [ 107.562841, -6.888293 ], [ 107.562839, -6.888292 ], [ 107.562823, -6.88829 ], [ 107.562807, -6.888288 ], [ 107.562792, -6.888286 ], [ 107.562836, -6.888121 ], [ 107.562837, -6.88812 ], [ 107.562848, -6.888088 ], [ 107.562848, -6.888087 ], [ 107.56289, -6.887964 ], [ 107.562953, -6.887778 ], [ 107.562973, -6.88772 ], [ 107.563008, -6.887617 ], [ 107.563015, -6.887594 ], [ 107.563017, -6.887589 ], [ 107.563013, -6.88745 ], [ 107.56301, -6.887359 ], [ 107.562996, -6.887084 ], [ 107.562995, -6.887066 ], [ 107.562991, -6.886984 ], [ 107.562991, -6.88697 ], [ 107.56299, -6.886961 ], [ 107.562986, -6.886957 ], [ 107.562888, -6.886868 ], [ 107.562773, -6.886764 ], [ 107.562765, -6.886756 ], [ 107.562745, -6.886753 ], [ 107.562728, -6.88675 ], [ 107.562577, -6.886729 ], [ 107.562573, -6.886728 ], [ 107.562562, -6.886723 ], [ 107.562335, -6.886603 ], [ 107.562305, -6.886587 ], [ 107.562247, -6.886556 ], [ 107.562183, -6.88652 ], [ 107.56183, -6.886321 ], [ 107.561818, -6.886315 ], [ 107.561794, -6.886301 ], [ 107.561649, -6.88622 ], [ 107.561637, -6.886209 ], [ 107.561633, -6.886206 ], [ 107.561587, -6.886166 ], [ 107.56146, -6.886056 ], [ 107.561424, -6.886024 ], [ 107.56142, -6.886021 ], [ 107.561408, -6.886008 ], [ 107.561201, -6.885787 ], [ 107.561078, -6.88573 ], [ 107.561034, -6.88571 ], [ 107.560909, -6.885652 ], [ 107.56089, -6.885643 ], [ 107.560889, -6.885643 ], [ 107.560828, -6.885592 ], [ 107.560821, -6.885586 ], [ 107.560821, -6.885586 ], [ 107.560815, -6.885581 ], [ 107.560793, -6.885562 ], [ 107.56072, -6.885502 ], [ 107.560667, -6.885457 ], [ 107.56061, -6.88541 ], [ 107.56053, -6.885311 ], [ 107.560396, -6.885145 ], [ 107.560401, -6.885126 ], [ 107.560452, -6.884941 ], [ 107.56046, -6.884913 ], [ 107.560461, -6.884909 ], [ 107.560488, -6.884809 ], [ 107.560491, -6.884798 ], [ 107.5605, -6.884767 ], [ 107.560511, -6.884641 ], [ 107.560512, -6.884639 ], [ 107.560523, -6.884509 ], [ 107.560524, -6.8845 ], [ 107.560549, -6.884225 ], [ 107.560509, -6.884044 ], [ 107.560498, -6.883994 ], [ 107.560493, -6.883967 ], [ 107.560483, -6.883926 ], [ 107.560468, -6.883853 ], [ 107.560452, -6.88378 ], [ 107.560444, -6.883744 ], [ 107.560415, -6.883689 ], [ 107.560403, -6.883665 ], [ 107.560363, -6.883588 ], [ 107.560343, -6.883548 ], [ 107.560309, -6.883482 ], [ 107.56028, -6.883425 ], [ 107.560279, -6.883423 ], [ 107.560276, -6.883417 ], [ 107.560274, -6.883415 ], [ 107.560267, -6.883401 ], [ 107.560279, -6.883375 ], [ 107.560345, -6.88323 ], [ 107.56046, -6.882982 ], [ 107.56047, -6.882961 ], [ 107.560495, -6.882905 ], [ 107.560572, -6.882739 ], [ 107.560665, -6.882544 ], [ 107.560684, -6.882504 ], [ 107.56072, -6.882429 ], [ 107.560725, -6.882418 ], [ 107.560783, -6.882393 ], [ 107.560911, -6.882338 ], [ 107.561121, -6.882248 ], [ 107.5613, -6.882172 ], [ 107.561508, -6.88135 ], [ 107.561517, -6.881313 ], [ 107.561527, -6.881272 ], [ 107.561621, -6.881304 ], [ 107.561649, -6.881314 ], [ 107.561822, -6.881373 ], [ 107.561931, -6.881393 ], [ 107.561956, -6.881398 ], [ 107.562381, -6.881475 ], [ 107.562386, -6.881462 ], [ 107.562426, -6.881349 ], [ 107.562437, -6.88132 ], [ 107.562458, -6.88126 ], [ 107.562458, -6.881259 ], [ 107.562472, -6.881222 ], [ 107.562533, -6.881157 ], [ 107.56259, -6.881095 ], [ 107.562653, -6.881027 ], [ 107.562682, -6.880996 ], [ 107.562709, -6.880967 ], [ 107.562765, -6.880907 ], [ 107.562801, -6.880868 ], [ 107.562835, -6.880832 ], [ 107.562838, -6.880829 ], [ 107.562876, -6.880789 ], [ 107.562911, -6.880753 ], [ 107.562948, -6.880715 ], [ 107.562961, -6.880702 ], [ 107.562997, -6.880664 ], [ 107.562999, -6.880663 ], [ 107.563037, -6.880623 ], [ 107.563073, -6.880585 ], [ 107.563111, -6.880547 ], [ 107.563147, -6.880509 ], [ 107.563164, -6.880491 ], [ 107.563203, -6.880451 ], [ 107.563229, -6.880424 ], [ 107.563285, -6.880366 ], [ 107.563323, -6.880328 ], [ 107.563336, -6.880314 ], [ 107.563336, -6.880313 ], [ 107.563365, -6.880284 ], [ 107.563507, -6.88006 ], [ 107.563537, -6.880013 ], [ 107.563579, -6.879948 ], [ 107.563617, -6.879887 ], [ 107.563637, -6.879857 ], [ 107.563653, -6.879823 ], [ 107.563685, -6.879759 ], [ 107.563716, -6.879695 ], [ 107.563717, -6.879694 ], [ 107.563749, -6.879629 ], [ 107.563845, -6.879433 ], [ 107.563937, -6.879247 ], [ 107.564004, -6.879109 ], [ 107.564011, -6.879096 ], [ 107.564039, -6.879038 ], [ 107.564061, -6.878993 ], [ 107.564153, -6.878858 ], [ 107.564158, -6.87885 ], [ 107.564223, -6.878754 ], [ 107.56424, -6.878729 ], [ 107.564247, -6.878678 ], [ 107.564255, -6.878613 ], [ 107.564248, -6.878588 ], [ 107.564209, -6.87846 ], [ 107.564209, -6.878458 ], [ 107.564166, -6.878317 ], [ 107.564151, -6.878266 ], [ 107.56415, -6.878262 ], [ 107.564142, -6.878238 ], [ 107.564129, -6.878213 ], [ 107.564126, -6.878208 ], [ 107.564121, -6.878197 ], [ 107.564107, -6.878171 ], [ 107.564051, -6.878067 ], [ 107.564042, -6.878051 ], [ 107.564004, -6.877981 ], [ 107.563992, -6.877958 ], [ 107.563993, -6.877954 ], [ 107.564002, -6.877931 ], [ 107.564046, -6.877809 ], [ 107.564065, -6.877757 ], [ 107.564077, -6.877725 ], [ 107.564078, -6.877721 ], [ 107.564095, -6.877677 ], [ 107.564126, -6.87759 ], [ 107.564152, -6.877519 ], [ 107.564155, -6.877512 ], [ 107.564266, -6.877207 ], [ 107.564456, -6.87697 ], [ 107.564678, -6.876969 ], [ 107.564886, -6.876968 ], [ 107.565003, -6.876465 ], [ 107.565102, -6.876042 ], [ 107.565258, -6.875677 ], [ 107.56534, -6.875493 ], [ 107.565334, -6.875464 ], [ 107.565317, -6.875386 ], [ 107.565611, -6.874897 ], [ 107.565611, -6.874896 ], [ 107.566835, -6.875478 ], [ 107.567096, -6.875716 ], [ 107.568004, -6.87621 ], [ 107.567847, -6.876599 ], [ 107.567772, -6.876783 ], [ 107.568029, -6.876885 ], [ 107.568282, -6.876937 ] ], [ [ 107.569109, -6.889421 ], [ 107.56911, -6.889421 ], [ 107.569109, -6.889421 ], [ 107.569109, -6.889421 ] ] ] } }
]
}
