{
"type": "FeatureCollection",
"name": "kbu_zonasi",
"crs": { "type": "name", "properties": { "name": "urn:ogc:def:crs:OGC:1.3:CRS84" } },
"features": [
{ "type": "Feature", "properties": { "Zona": "Zona B3", "Zona_1": "Zona B3" }, "geometry": { "type": "MultiPolygon", "coordinates": [ [ [ [ 107.57137, -6.882244, 0.0 ], [ 107.571284, -6.882302, 0.0 ], [ 107.571199, -6.882334, 0.0 ], [ 107.570855, -6.882386, 0.0 ], [ 107.570512, -6.882385, 0.0 ], [ 107.570228, -6.882329, 0.0 ], [ 107.570162, -6.882284, 0.0 ], [ 107.570086, -6.882197, 0.0 ], [ 107.569762, -6.881741, 0.0 ], [ 107.569712, -6.88164, 0.0 ], [ 107.569715, -6.881531, 0.0 ], [ 107.569927, -6.881026, 0.0 ], [ 107.571566, -6.880363, 0.0 ], [ 107.571922, -6.880019, 0.0 ], [ 107.5719, -6.880296, 0.0 ], [ 107.571721, -6.880536, 0.0 ], [ 107.57165, -6.880761, 0.0 ], [ 107.57163, -6.881197, 0.0 ], [ 107.571534, -6.881381, 0.0 ], [ 107.57148, -6.881566, 0.0 ], [ 107.571462, -6.881858, 0.0 ], [ 107.571484, -6.882096, 0.0 ], [ 107.57145, -6.882165, 0.0 ], [ 107.57137, -6.882244, 0.0 ] ] ], [ [ [ 107.57191, -6.880579, 0.0 ], [ 107.571886, -6.880626, 0.0 ], [ 107.571871, -6.880658, 0.0 ], [ 107.571885, -6.880616, 0.0 ], [ 107.57191, -6.880579, 0.0 ] ] ], [ [ [ 107.571947, -6.880532, 0.0 ], [ 107.57195, -6.88053, 0.0 ], [ 107.571956, -6.880526, 0.0 ], [ 107.571944, -6.880537, 0.0 ], [ 107.571947, -6.880532, 0.0 ] ] ], [ [ [ 107.571981, -6.880498, 0.0 ], [ 107.571979, -6.880503, 0.0 ], [ 107.571977, -6.880506, 0.0 ], [ 107.571981, -6.880498, 0.0 ] ] ], [ [ [ 107.571979, -6.880489, 0.0 ], [ 107.571961, -6.880507, 0.0 ], [ 107.571985, -6.880475, 0.0 ], [ 107.571979, -6.880489, 0.0 ] ] ], [ [ [ 107.565707, -6.865164, 0.0 ], [ 107.565711, -6.865166, 0.0 ], [ 107.56571, -6.86517, 0.0 ], [ 107.565706, -6.865167, 0.0 ], [ 107.565707, -6.865164, 0.0 ] ] ], [ [ [ 107.565766, -6.864179, 0.0 ], [ 107.565781, -6.86423, 0.0 ], [ 107.565886, -6.864385, 0.0 ], [ 107.565897, -6.864537, 0.0 ], [ 107.56583, -6.864685, 0.0 ], [ 107.565772, -6.864873, 0.0 ], [ 107.565712, -6.86516, 0.0 ], [ 107.565507, -6.865001, 0.0 ], [ 107.564976, -6.864651, 0.0 ], [ 107.564825, -6.864565, 0.0 ], [ 107.56475, -6.864549, 0.0 ], [ 107.564711, -6.864561, 0.0 ], [ 107.564656, -6.864611, 0.0 ], [ 107.564211, -6.865214, 0.0 ], [ 107.56408, -6.865352, 0.0 ], [ 107.563946, -6.865456, 0.0 ], [ 107.563881, -6.865488, 0.0 ], [ 107.563758, -6.865502, 0.0 ], [ 107.563641, -6.86546, 0.0 ], [ 107.563489, -6.865348, 0.0 ], [ 107.563981, -6.864652, 0.0 ], [ 107.565701, -6.863574, 0.0 ], [ 107.566097, -6.86337, 0.0 ], [ 107.566098, -6.863518, 0.0 ], [ 107.566047, -6.863804, 0.0 ], [ 107.56581, -6.86404, 0.0 ], [ 107.565766, -6.864179, 0.0 ] ] ], [ [ [ 107.567575, -6.876426, 0.0 ], [ 107.567531, -6.876362, 0.0 ], [ 107.567432, -6.876395, 0.0 ], [ 107.567319, -6.876365, 0.0 ], [ 107.567161, -6.876233, 0.0 ], [ 107.567026, -6.876287, 0.0 ], [ 107.56695, -6.876352, 0.0 ], [ 107.566749, -6.876335, 0.0 ], [ 107.566691, -6.876357, 0.0 ], [ 107.566659, -6.876426, 0.0 ], [ 107.566681, -6.876484, 0.0 ], [ 107.566719, -6.87651, 0.0 ], [ 107.566813, -6.876519, 0.0 ], [ 107.566764, -6.876587, 0.0 ], [ 107.566706, -6.876575, 0.0 ], [ 107.566651, -6.876525, 0.0 ], [ 107.56657, -6.876523, 0.0 ], [ 107.566492, -6.876574, 0.0 ], [ 107.56643, -6.876581, 0.0 ], [ 107.566347, -6.876501, 0.0 ], [ 107.566284, -6.876414, 0.0 ], [ 107.566178, -6.876383, 0.0 ], [ 107.566059, -6.876443, 0.0 ], [ 107.566011, -6.876513, 0.0 ], [ 107.56707, -6.876801, 0.0 ], [ 107.567212, -6.876816, 0.0 ], [ 107.56717, -6.876862, 0.0 ], [ 107.567158, -6.876859, 0.0 ], [ 107.56717, -6.876847, 0.0 ], [ 107.565237, -6.876323, 0.0 ], [ 107.565139, -6.876313, 0.0 ], [ 107.565031, -6.876367, 0.0 ], [ 107.564957, -6.87637, 0.0 ], [ 107.564658, -6.876181, 0.0 ], [ 107.564265, -6.876021, 0.0 ], [ 107.563618, -6.875826, 0.0 ], [ 107.563502, -6.875815, 0.0 ], [ 107.563295, -6.875835, 0.0 ], [ 107.563184, -6.87582, 0.0 ], [ 107.563074, -6.875774, 0.0 ], [ 107.562908, -6.875664, 0.0 ], [ 107.562775, -6.875535, 0.0 ], [ 107.562671, -6.875321, 0.0 ], [ 107.562615, -6.875254, 0.0 ], [ 107.56251, -6.875183, 0.0 ], [ 107.562137, -6.874998, 0.0 ], [ 107.562003, -6.874911, 0.0 ], [ 107.561886, -6.874787, 0.0 ], [ 107.561801, -6.874617, 0.0 ], [ 107.561777, -6.874483, 0.0 ], [ 107.561883, -6.874307, 0.0 ], [ 107.561961, -6.874041, 0.0 ], [ 107.561911, -6.873377, 0.0 ], [ 107.561943, -6.873256, 0.0 ], [ 107.561933, -6.873065, 0.0 ], [ 107.561842, -6.872549, 0.0 ], [ 107.561763, -6.872299, 0.0 ], [ 107.561759, -6.872144, 0.0 ], [ 107.561774, -6.872078, 0.0 ], [ 107.562039, -6.872138, 0.0 ], [ 107.562126, -6.872097, 0.0 ], [ 107.562163, -6.872056, 0.0 ], [ 107.562203, -6.871762, 0.0 ], [ 107.562202, -6.87163, 0.0 ], [ 107.562078, -6.870983, 0.0 ], [ 107.562115, -6.870872, 0.0 ], [ 107.562245, -6.8707, 0.0 ], [ 107.562405, -6.870434, 0.0 ], [ 107.562539, -6.870088, 0.0 ], [ 107.56269, -6.869926, 0.0 ], [ 107.563046, -6.869475, 0.0 ], [ 107.563056, -6.869309, 0.0 ], [ 107.562947, -6.869061, 0.0 ], [ 107.562915, -6.868918, 0.0 ], [ 107.562943, -6.868841, 0.0 ], [ 107.562993, -6.868787, 0.0 ], [ 107.563168, -6.868714, 0.0 ], [ 107.563252, -6.868584, 0.0 ], [ 107.563384, -6.868101, 0.0 ], [ 107.563445, -6.868007, 0.0 ], [ 107.563509, -6.86798, 0.0 ], [ 107.56365, -6.867977, 0.0 ], [ 107.563798, -6.867953, 0.0 ], [ 107.563973, -6.867846, 0.0 ], [ 107.564139, -6.867674, 0.0 ], [ 107.564239, -6.867422, 0.0 ], [ 107.564314, -6.867396, 0.0 ], [ 107.564501, -6.867285, 0.0 ], [ 107.564633, -6.867095, 0.0 ], [ 107.564957, -6.866853, 0.0 ], [ 107.565295, -6.86653, 0.0 ], [ 107.565463, -6.866395, 0.0 ], [ 107.565644, -6.866122, 0.0 ], [ 107.565824, -6.865984, 0.0 ], [ 107.565912, -6.8658, 0.0 ], [ 107.565919, -6.865661, 0.0 ], [ 107.565871, -6.865263, 0.0 ], [ 107.565893, -6.865186, 0.0 ], [ 107.565946, -6.865217, 0.0 ], [ 107.566144, -6.865193, 0.0 ], [ 107.566189, -6.864945, 0.0 ], [ 107.566336, -6.864944, 0.0 ], [ 107.566536, -6.864047, 0.0 ], [ 107.566669, -6.863845, 0.0 ], [ 107.566933, -6.863791, 0.0 ], [ 107.567159, -6.863816, 0.0 ], [ 107.567226, -6.863908, 0.0 ], [ 107.567398, -6.863974, 0.0 ], [ 107.567467, -6.863943, 0.0 ], [ 107.567142, -6.86367, 0.0 ], [ 107.567547, -6.863117, 0.0 ], [ 107.567234, -6.862855, 0.0 ], [ 107.567242, -6.86276, 0.0 ], [ 107.567748, -6.862231, 0.0 ], [ 107.567834, -6.862382, 0.0 ], [ 107.567748, -6.862483, 0.0 ], [ 107.567999, -6.862633, 0.0 ], [ 107.568127, -6.862462, 0.0 ], [ 107.568138, -6.862484, 0.0 ], [ 107.568209, -6.862656, 0.0 ], [ 107.568297, -6.86298, 0.0 ], [ 107.568362, -6.863341, 0.0 ], [ 107.568379, -6.863564, 0.0 ], [ 107.568362, -6.863867, 0.0 ], [ 107.568297, -6.864235, 0.0 ], [ 107.568239, -6.864422, 0.0 ], [ 107.568055, -6.864812, 0.0 ], [ 107.568015, -6.865038, 0.0 ], [ 107.567896, -6.865396, 0.0 ], [ 107.567914, -6.865672, 0.0 ], [ 107.567898, -6.865978, 0.0 ], [ 107.567864, -6.866214, 0.0 ], [ 107.567747, -6.866593, 623.066547 ], [ 107.567598, -6.866898, 623.066547 ], [ 107.567434, -6.867163, 623.066547 ], [ 107.567296, -6.867332, 623.066547 ], [ 107.567129, -6.867496, 623.066547 ], [ 107.567024, -6.86764, 623.066547 ], [ 107.566881, -6.867799, 623.066547 ], [ 107.566254, -6.868372, 623.066547 ], [ 107.566078, -6.868508, 623.066547 ], [ 107.565918, -6.86869, 623.066547 ], [ 107.565757, -6.868836, 623.066547 ], [ 107.565659, -6.868966, 623.066547 ], [ 107.565381, -6.86926, 623.066547 ], [ 107.565216, -6.869408, 623.066547 ], [ 107.565045, -6.86953, 623.066547 ], [ 107.564996, -6.869899, 623.066547 ], [ 107.564952, -6.870063, 623.066547 ], [ 107.56485, -6.870326, 623.066547 ], [ 107.564651, -6.870664, 623.066547 ], [ 107.564268, -6.871147, 623.066547 ], [ 107.564176, -6.87135, 623.066547 ], [ 107.564195, -6.871582, 623.066547 ], [ 107.564209, -6.871611, 623.066547 ], [ 107.564834, -6.872084, 623.066547 ], [ 107.564962, -6.872209, 623.066547 ], [ 107.565145, -6.872439, 623.066547 ], [ 107.567867, -6.873765, 623.066547 ], [ 107.568031, -6.873875, 623.066547 ], [ 107.568265, -6.874075, 623.066547 ], [ 107.56896, -6.874453, 623.066547 ], [ 107.569238, -6.874638, 0.0 ], [ 107.567575, -6.876426, 0.0 ] ], [ [ 107.56581, -6.875363, 0.0 ], [ 107.565813, -6.87535, 0.0 ], [ 107.565638, -6.875272, 0.0 ], [ 107.565718, -6.875113, 0.0 ], [ 107.565593, -6.875052, 0.0 ], [ 107.565307, -6.875043, 0.0 ], [ 107.565152, -6.875065, 0.0 ], [ 107.565059, -6.875143, 0.0 ], [ 107.565002, -6.875226, 0.0 ], [ 107.564882, -6.875237, 0.0 ], [ 107.56481, -6.875321, 0.0 ], [ 107.564837, -6.875445, 0.0 ], [ 107.564808, -6.875922, 0.0 ], [ 107.564742, -6.876135, 0.0 ], [ 107.564714, -6.876165, 0.0 ], [ 107.564849, -6.876243, 0.0 ], [ 107.564962, -6.876352, 0.0 ], [ 107.565041, -6.87633, 0.0 ], [ 107.565066, -6.876337, 0.0 ], [ 107.565145, -6.876278, 0.0 ], [ 107.565681, -6.876423, 0.0 ], [ 107.565673, -6.876298, 0.0 ], [ 107.5658, -6.876019, 0.0 ], [ 107.565601, -6.875932, 0.0 ], [ 107.565784, -6.875582, 0.0 ], [ 107.565757, -6.875515, 0.0 ], [ 107.56581, -6.875363, 0.0 ] ] ], [ [ [ 107.556875, -6.852241, 0.0 ], [ 107.555794, -6.851628, 0.0 ], [ 107.555587, -6.851213, 0.0 ], [ 107.555606, -6.851109, 0.0 ], [ 107.55554, -6.850926, 0.0 ], [ 107.555528, -6.850816, 0.0 ], [ 107.555551, -6.850741, 0.0 ], [ 107.55565, -6.850615, 0.0 ], [ 107.555834, -6.850464, 0.0 ], [ 107.555928, -6.850346, 0.0 ], [ 107.556008, -6.850106, 0.0 ], [ 107.555997, -6.849827, 0.0 ], [ 107.556046, -6.849613, 0.0 ], [ 107.556059, -6.849395, 0.0 ], [ 107.556106, -6.849273, 0.0 ], [ 107.556291, -6.848934, 0.0 ], [ 107.556829, -6.849515, 0.0 ], [ 107.557052, -6.849818, 0.0 ], [ 107.557141, -6.849983, 0.0 ], [ 107.557239, -6.85022, 0.0 ], [ 107.557347, -6.850549, 0.0 ], [ 107.557383, -6.850724, 0.0 ], [ 107.557451, -6.851253, 0.0 ], [ 107.557448, -6.851472, 0.0 ], [ 107.557422, -6.85169, 0.0 ], [ 107.557317, -6.852223, 0.0 ], [ 107.556875, -6.852241, 0.0 ] ] ], [ [ [ 107.555944, -6.849192, 0.0 ], [ 107.555881, -6.849358, 0.0 ], [ 107.555866, -6.849593, 0.0 ], [ 107.555816, -6.84981, 0.0 ], [ 107.555827, -6.850084, 0.0 ], [ 107.555763, -6.85027, 0.0 ], [ 107.555712, -6.85033, 0.0 ], [ 107.555527, -6.850482, 0.0 ], [ 107.55544, -6.85059, 0.0 ], [ 107.555358, -6.849639, 0.0 ], [ 107.555397, -6.848123, 0.0 ], [ 107.555644, -6.848304, 0.0 ], [ 107.556157, -6.848802, 0.0 ], [ 107.555944, -6.849192, 0.0 ] ] ], [ [ [ 107.543669, -6.83293, 0.0 ], [ 107.543516, -6.83322, 0.0 ], [ 107.543009, -6.833571, 0.0 ], [ 107.542761, -6.833841, 0.0 ], [ 107.542679, -6.833854, 0.0 ], [ 107.542477, -6.833795, 0.0 ], [ 107.541968, -6.833689, 0.0 ], [ 107.541828, -6.833697, 0.0 ], [ 107.541704, -6.83374, 0.0 ], [ 107.541722, -6.833568, 0.0 ], [ 107.541985, -6.833121, 0.0 ], [ 107.54186, -6.832625, 0.0 ], [ 107.541872, -6.832355, 0.0 ], [ 107.542124, -6.832062, 0.0 ], [ 107.542297, -6.831762, 0.0 ], [ 107.542697, -6.831408, 0.0 ], [ 107.542773, -6.831314, 0.0 ], [ 107.542793, -6.831259, 0.0 ], [ 107.542776, -6.831206, 0.0 ], [ 107.543136, -6.831056, 653.41996 ], [ 107.543481, -6.830842, 653.41996 ], [ 107.543794, -6.830552, 653.41996 ], [ 107.544191, -6.830115, 653.41996 ], [ 107.544427, -6.829908, 0.0 ], [ 107.544642, -6.830321, 0.0 ], [ 107.544722, -6.831422, 0.0 ], [ 107.544419, -6.832496, 0.0 ], [ 107.543944, -6.832803, 0.0 ], [ 107.543669, -6.83293, 0.0 ] ] ], [ [ [ 107.54205, -6.831814, 0.0 ], [ 107.54198, -6.831953, 0.0 ], [ 107.54175, -6.832219, 0.0 ], [ 107.541617, -6.832188, 0.0 ], [ 107.541516, -6.832137, 0.0 ], [ 107.541292, -6.831944, 0.0 ], [ 107.541248, -6.831937, 0.0 ], [ 107.541206, -6.831952, 0.0 ], [ 107.541167, -6.832013, 0.0 ], [ 107.541186, -6.832084, 0.0 ], [ 107.541408, -6.832282, 0.0 ], [ 107.541554, -6.832358, 0.0 ], [ 107.541685, -6.83239, 0.0 ], [ 107.54168, -6.832652, 0.0 ], [ 107.541796, -6.833101, 0.0 ], [ 107.541559, -6.833488, 0.0 ], [ 107.541536, -6.833563, 0.0 ], [ 107.541519, -6.833801, 0.0 ], [ 107.541461, -6.833848, 0.0 ], [ 107.541397, -6.833945, 0.0 ], [ 107.541366, -6.834031, 0.0 ], [ 107.541378, -6.83437, 0.0 ], [ 107.541325, -6.834548, 0.0 ], [ 107.541197, -6.83483, 0.0 ], [ 107.541124, -6.83504, 0.0 ], [ 107.540921, -6.835418, 0.0 ], [ 107.540697, -6.835742, 0.0 ], [ 107.540415, -6.836457, 0.0 ], [ 107.540452, -6.836811, 0.0 ], [ 107.540305, -6.83714, 0.0 ], [ 107.540117, -6.837801, 0.0 ], [ 107.540014, -6.838268, 0.0 ], [ 107.540057, -6.838646, 0.0 ], [ 107.539946, -6.838963, 0.0 ], [ 107.539942, -6.839173, 0.0 ], [ 107.540153, -6.839733, 0.0 ], [ 107.540165, -6.839956, 0.0 ], [ 107.539992, -6.840574, 0.0 ], [ 107.539736, -6.841255, 0.0 ], [ 107.539685, -6.841829, 0.0 ], [ 107.53945, -6.84226, 0.0 ], [ 107.53941, -6.842421, 0.0 ], [ 107.53939, -6.84258, 0.0 ], [ 107.539205, -6.842851, 0.0 ], [ 107.539066, -6.843143, 0.0 ], [ 107.53907, -6.843657, 0.0 ], [ 107.539113, -6.843968, 0.0 ], [ 107.538986, -6.84419, 0.0 ], [ 107.538808, -6.844634, 0.0 ], [ 107.538543, -6.845402, 0.0 ], [ 107.538515, -6.845582, 0.0 ], [ 107.538531, -6.845743, 0.0 ], [ 107.538563, -6.845867, 0.0 ], [ 107.538622, -6.846, 0.0 ], [ 107.538622, -6.846053, 0.0 ], [ 107.538393, -6.846349, 0.0 ], [ 107.538328, -6.846556, 0.0 ], [ 107.538421, -6.847001, 0.0 ], [ 107.538418, -6.847051, 0.0 ], [ 107.538183, -6.847315, 0.0 ], [ 107.538056, -6.847506, 0.0 ], [ 107.53804, -6.847657, 0.0 ], [ 107.538165, -6.84802, 0.0 ], [ 107.538139, -6.848208, 0.0 ], [ 107.538001, -6.848448, 0.0 ], [ 107.537924, -6.848549, 0.0 ], [ 107.537829, -6.848596, 0.0 ], [ 107.537502, -6.848679, 0.0 ], [ 107.537454, -6.848709, 0.0 ], [ 107.537382, -6.848799, 0.0 ], [ 107.53737, -6.848841, 0.0 ], [ 107.537384, -6.848963, 0.0 ], [ 107.537424, -6.849088, 0.0 ], [ 107.537239, -6.849292, 0.0 ], [ 107.537161, -6.849351, 0.0 ], [ 107.536549, -6.849234, 0.0 ], [ 107.536102, -6.848419, 0.0 ], [ 107.536267, -6.846706, 0.0 ], [ 107.536594, -6.844539, 0.0 ], [ 107.536782, -6.844212, 0.0 ], [ 107.537114, -6.843802, 0.0 ], [ 107.53723, -6.843627, 0.0 ], [ 107.537378, -6.843329, 0.0 ], [ 107.537369, -6.843179, 0.0 ], [ 107.5373, -6.842903, 0.0 ], [ 107.53747, -6.841733, 0.0 ], [ 107.537556, -6.841305, 0.0 ], [ 107.537524, -6.841087, 0.0 ], [ 107.537466, -6.840866, 0.0 ], [ 107.537461, -6.840409, 0.0 ], [ 107.537475, -6.840297, 0.0 ], [ 107.537512, -6.840166, 0.0 ], [ 107.537742, -6.839673, 0.0 ], [ 107.537992, -6.839232, 0.0 ], [ 107.538315, -6.83856, 0.0 ], [ 107.53857, -6.838228, 0.0 ], [ 107.538651, -6.838087, 0.0 ], [ 107.538795, -6.837641, 0.0 ], [ 107.538802, -6.837246, 0.0 ], [ 107.539064, -6.836322, 0.0 ], [ 107.539084, -6.836208, 0.0 ], [ 107.53904, -6.835985, 0.0 ], [ 107.539055, -6.835016, 0.0 ], [ 107.539137, -6.834538, 0.0 ], [ 107.53926, -6.834315, 0.0 ], [ 107.539673, -6.833839, 0.0 ], [ 107.539745, -6.833613, 0.0 ], [ 107.539733, -6.832803, 0.0 ], [ 107.539694, -6.832734, 0.0 ], [ 107.53957, -6.832593, 0.0 ], [ 107.539555, -6.832553, 0.0 ], [ 107.539578, -6.832422, 0.0 ], [ 107.539664, -6.832147, 0.0 ], [ 107.539656, -6.832103, 0.0 ], [ 107.539629, -6.832068, 0.0 ], [ 107.539588, -6.832051, 0.0 ], [ 107.539544, -6.832054, 0.0 ], [ 107.539491, -6.832104, 0.0 ], [ 107.539404, -6.832372, 0.0 ], [ 107.539371, -6.832558, 0.0 ], [ 107.539413, -6.832686, 0.0 ], [ 107.539557, -6.832852, 0.0 ], [ 107.539564, -6.833104, 0.0 ], [ 107.539552, -6.83329, 0.0 ], [ 107.539489, -6.833288, 0.0 ], [ 107.539212, -6.833167, 0.0 ], [ 107.538825, -6.833028, 0.0 ], [ 107.538608, -6.83289, 0.0 ], [ 107.538348, -6.83277, 0.0 ], [ 107.538246, -6.832708, 0.0 ], [ 107.538237, -6.832564, 0.0 ], [ 107.538166, -6.83247, 0.0 ], [ 107.538124, -6.832442, 0.0 ], [ 107.538398, -6.832192, 653.41996 ], [ 107.538593, -6.832063, 0.0 ], [ 107.538715, -6.832105, 0.0 ], [ 107.538728, -6.832132, 0.0 ], [ 107.53917, -6.832011, 0.0 ], [ 107.539282, -6.831782, 0.0 ], [ 107.539614, -6.831693, 653.41996 ], [ 107.539789, -6.83167, 653.41996 ], [ 107.540137, -6.831669, 653.41996 ], [ 107.540725, -6.831763, 653.41996 ], [ 107.54143, -6.831842, 653.41996 ], [ 107.541769, -6.831787, 653.41996 ], [ 107.541956, -6.831778, 653.41996 ], [ 107.542069, -6.831784, 0.0 ], [ 107.54205, -6.831814, 0.0 ] ] ], [ [ [ 107.538018, -6.832572, 0.0 ], [ 107.538062, -6.832629, 0.0 ], [ 107.538073, -6.832784, 0.0 ], [ 107.538114, -6.832839, 0.0 ], [ 107.538267, -6.832932, 0.0 ], [ 107.538527, -6.833052, 0.0 ], [ 107.538752, -6.833194, 0.0 ], [ 107.539149, -6.833336, 0.0 ], [ 107.539436, -6.833462, 0.0 ], [ 107.539563, -6.833471, 0.0 ], [ 107.539566, -6.833585, 0.0 ], [ 107.539516, -6.833747, 0.0 ], [ 107.539117, -6.834204, 0.0 ], [ 107.538996, -6.834408, 0.0 ], [ 107.538961, -6.834498, 0.0 ], [ 107.538875, -6.83501, 0.0 ], [ 107.538859, -6.835985, 0.0 ], [ 107.538868, -6.836093, 0.0 ], [ 107.538902, -6.836199, 0.0 ], [ 107.538624, -6.837213, 0.0 ], [ 107.538616, -6.837611, 0.0 ], [ 107.538482, -6.838022, 0.0 ], [ 107.538424, -6.838122, 0.0 ], [ 107.538158, -6.838469, 0.0 ], [ 107.53783, -6.839151, 0.0 ], [ 107.53758, -6.839593, 0.0 ], [ 107.537345, -6.840096, 0.0 ], [ 107.5373, -6.840253, 0.0 ], [ 107.53728, -6.840407, 0.0 ], [ 107.537285, -6.84088, 0.0 ], [ 107.537347, -6.84112, 0.0 ], [ 107.537374, -6.841296, 0.0 ], [ 107.537291, -6.841708, 0.0 ], [ 107.537119, -6.842895, 0.0 ], [ 107.537199, -6.843284, 0.0 ], [ 107.537076, -6.843532, 0.0 ], [ 107.536971, -6.843692, 0.0 ], [ 107.536667, -6.844067, 0.0 ], [ 107.536802, -6.843198, 0.0 ], [ 107.536681, -6.84169, 0.0 ], [ 107.53595, -6.840427, 0.0 ], [ 107.535447, -6.839761, 0.0 ], [ 107.53555, -6.839432, 653.41996 ], [ 107.535871, -6.838735, 653.41996 ], [ 107.536171, -6.8382, 653.41996 ], [ 107.536551, -6.837435, 653.41996 ], [ 107.536718, -6.837202, 653.41996 ], [ 107.536749, -6.836881, 653.41996 ], [ 107.536956, -6.836102, 653.41996 ], [ 107.537002, -6.834713, 653.41996 ], [ 107.537057, -6.834245, 653.41996 ], [ 107.537091, -6.834043, 653.41996 ], [ 107.537146, -6.833846, 653.41996 ], [ 107.53722, -6.833656, 653.41996 ], [ 107.537314, -6.833474, 653.41996 ], [ 107.537426, -6.833303, 653.41996 ], [ 107.537646, -6.833004, 653.41996 ], [ 107.538018, -6.832572, 0.0 ] ] ], [ [ [ 107.539086, -6.831859, 0.0 ], [ 107.539086, -6.831926, 0.0 ], [ 107.539027, -6.831977, 0.0 ], [ 107.53885, -6.832071, 0.0 ], [ 107.538706, -6.832072, 0.0 ], [ 107.538665, -6.832025, 0.0 ], [ 107.538939, -6.831902, 653.41996 ], [ 107.539086, -6.831859, 0.0 ] ] ] ] } },
{ "type": "Feature", "properties": { "Zona": "Zona B4", "Zona_1": "Zona B4" }, "geometry": { "type": "MultiPolygon", "coordinates": [ [ [ [ 107.544346, -6.833706, 0.0 ], [ 107.545282, -6.834601, 0.0 ], [ 107.546205, -6.835238, 0.0 ], [ 107.546165, -6.835459, 0.0 ], [ 107.545897, -6.835397, 0.0 ], [ 107.545853, -6.835405, 0.0 ], [ 107.545818, -6.835433, 0.0 ], [ 107.545663, -6.835705, 0.0 ], [ 107.545614, -6.836091, 0.0 ], [ 107.54539, -6.836444, 0.0 ], [ 107.54514, -6.836731, 0.0 ], [ 107.544899, -6.836868, 0.0 ], [ 107.544698, -6.837026, 0.0 ], [ 107.544379, -6.837594, 0.0 ], [ 107.544176, -6.837883, 0.0 ], [ 107.543928, -6.838157, 0.0 ], [ 107.543838, -6.838339, 0.0 ], [ 107.543661, -6.838556, 0.0 ], [ 107.543491, -6.838845, 0.0 ], [ 107.543167, -6.838973, 0.0 ], [ 107.542876, -6.839056, 0.0 ], [ 107.542675, -6.839231, 0.0 ], [ 107.542627, -6.839234, 0.0 ], [ 107.542531, -6.839184, 0.0 ], [ 107.54246, -6.83921, 0.0 ], [ 107.541861, -6.839803, 0.0 ], [ 107.541799, -6.839881, 0.0 ], [ 107.541578, -6.840403, 0.0 ], [ 107.54152, -6.840506, 0.0 ], [ 107.541432, -6.840562, 0.0 ], [ 107.54137, -6.840639, 0.0 ], [ 107.541152, -6.841053, 0.0 ], [ 107.540899, -6.841375, 0.0 ], [ 107.540852, -6.841375, 0.0 ], [ 107.540739, -6.841417, 0.0 ], [ 107.540532, -6.841611, 0.0 ], [ 107.540203, -6.842027, 0.0 ], [ 107.540169, -6.842047, 0.0 ], [ 107.539941, -6.841995, 0.0 ], [ 107.539802, -6.841981, 0.0 ], [ 107.539857, -6.841865, 0.0 ], [ 107.539907, -6.841296, 0.0 ], [ 107.540158, -6.840629, 0.0 ], [ 107.54034, -6.839976, 0.0 ], [ 107.540325, -6.839684, 0.0 ], [ 107.540115, -6.839125, 0.0 ], [ 107.54012, -6.838988, 0.0 ], [ 107.540174, -6.838869, 0.0 ], [ 107.540232, -6.838666, 0.0 ], [ 107.540223, -6.838471, 0.0 ], [ 107.540192, -6.838273, 0.0 ], [ 107.540346, -6.837599, 0.0 ], [ 107.54047, -6.837199, 0.0 ], [ 107.540625, -6.836849, 0.0 ], [ 107.54059, -6.83649, 0.0 ], [ 107.540851, -6.835827, 0.0 ], [ 107.541072, -6.835509, 0.0 ], [ 107.541281, -6.835119, 0.0 ], [ 107.541358, -6.834901, 0.0 ], [ 107.541487, -6.834618, 0.0 ], [ 107.541554, -6.834385, 0.0 ], [ 107.541535, -6.834076, 0.0 ], [ 107.541552, -6.834031, 0.0 ], [ 107.541596, -6.833963, 0.0 ], [ 107.541636, -6.833937, 0.0 ], [ 107.541714, -6.833927, 0.0 ], [ 107.541857, -6.833875, 0.0 ], [ 107.541949, -6.83387, 0.0 ], [ 107.542427, -6.83397, 0.0 ], [ 107.542657, -6.834036, 0.0 ], [ 107.542832, -6.834009, 0.0 ], [ 107.542941, -6.83392, 0.0 ], [ 107.543124, -6.833707, 0.0 ], [ 107.543634, -6.833353, 0.0 ], [ 107.543719, -6.833231, 0.0 ], [ 107.543791, -6.833067, 0.0 ], [ 107.544028, -6.83296, 0.0 ], [ 107.544347, -6.832759, 0.0 ], [ 107.544346, -6.833706, 0.0 ] ] ], [ [ [ 107.547677, -6.841841, 0.0 ], [ 107.546369, -6.844453, 0.0 ], [ 107.545022, -6.846535, 0.0 ], [ 107.544531, -6.848126, 0.0 ], [ 107.544285, -6.849003, 0.0 ], [ 107.544447, -6.849751, 0.0 ], [ 107.544633, -6.850853, 0.0 ], [ 107.544592, -6.85104, 0.0 ], [ 107.54457, -6.851062, 0.0 ], [ 107.544089, -6.85115, 0.0 ], [ 107.543958, -6.851154, 0.0 ], [ 107.543603, -6.850995, 0.0 ], [ 107.543465, -6.850992, 0.0 ], [ 107.543455, -6.850901, 0.0 ], [ 107.543536, -6.850721, 0.0 ], [ 107.543621, -6.850407, 0.0 ], [ 107.543744, -6.850149, 0.0 ], [ 107.543858, -6.849819, 0.0 ], [ 107.543856, -6.849764, 0.0 ], [ 107.543764, -6.849577, 0.0 ], [ 107.544163, -6.848837, 0.0 ], [ 107.544268, -6.848612, 0.0 ], [ 107.544322, -6.848447, 0.0 ], [ 107.544305, -6.848209, 0.0 ], [ 107.544224, -6.848086, 0.0 ], [ 107.544779, -6.846939, 0.0 ], [ 107.54478, -6.846859, 0.0 ], [ 107.544707, -6.846545, 0.0 ], [ 107.544758, -6.846373, 0.0 ], [ 107.544749, -6.846261, 0.0 ], [ 107.544732, -6.846219, 0.0 ], [ 107.544634, -6.846124, 0.0 ], [ 107.544646, -6.846056, 0.0 ], [ 107.544724, -6.845923, 0.0 ], [ 107.545273, -6.845495, 0.0 ], [ 107.545368, -6.845251, 0.0 ], [ 107.545706, -6.844727, 0.0 ], [ 107.545822, -6.844515, 0.0 ], [ 107.546044, -6.844311, 0.0 ], [ 107.54616, -6.84413, 0.0 ], [ 107.546293, -6.843729, 0.0 ], [ 107.546416, -6.843505, 0.0 ], [ 107.546525, -6.843234, 0.0 ], [ 107.54656, -6.843093, 0.0 ], [ 107.546557, -6.843025, 0.0 ], [ 107.546481, -6.842851, 0.0 ], [ 107.546633, -6.84242, 0.0 ], [ 107.546672, -6.842024, 0.0 ], [ 107.546658, -6.841982, 0.0 ], [ 107.546626, -6.841951, 0.0 ], [ 107.546584, -6.841939, 0.0 ], [ 107.54654, -6.841949, 0.0 ], [ 107.546495, -6.842006, 0.0 ], [ 107.546455, -6.842371, 0.0 ], [ 107.546292, -6.842835, 0.0 ], [ 107.546294, -6.842892, 0.0 ], [ 107.546376, -6.843071, 0.0 ], [ 107.546364, -6.84312, 0.0 ], [ 107.546251, -6.843417, 0.0 ], [ 107.546125, -6.843648, 0.0 ], [ 107.545995, -6.844041, 0.0 ], [ 107.545903, -6.844182, 0.0 ], [ 107.545678, -6.844388, 0.0 ], [ 107.545552, -6.844617, 0.0 ], [ 107.545206, -6.845156, 0.0 ], [ 107.545126, -6.845369, 0.0 ], [ 107.544589, -6.845785, 0.0 ], [ 107.544475, -6.845979, 0.0 ], [ 107.544444, -6.846182, 0.0 ], [ 107.544461, -6.846223, 0.0 ], [ 107.544574, -6.846331, 0.0 ], [ 107.544522, -6.84655, 0.0 ], [ 107.544597, -6.846886, 0.0 ], [ 107.544264, -6.847556, 0.0 ], [ 107.54403, -6.848068, 0.0 ], [ 107.544035, -6.84814, 0.0 ], [ 107.544131, -6.848281, 0.0 ], [ 107.544143, -6.848399, 0.0 ], [ 107.544102, -6.848527, 0.0 ], [ 107.543582, -6.849525, 0.0 ], [ 107.543591, -6.849665, 0.0 ], [ 107.543666, -6.84981, 0.0 ], [ 107.543575, -6.850071, 0.0 ], [ 107.543451, -6.85033, 0.0 ], [ 107.543363, -6.850652, 0.0 ], [ 107.543275, -6.850848, 0.0 ], [ 107.543293, -6.851096, 0.0 ], [ 107.543044, -6.851627, 0.0 ], [ 107.54297, -6.851888, 0.0 ], [ 107.543022, -6.852666, 0.0 ], [ 107.54301, -6.85276, 0.0 ], [ 107.542573, -6.853439, 0.0 ], [ 107.542504, -6.853605, 0.0 ], [ 107.54255, -6.853856, 0.0 ], [ 107.542516, -6.854046, 0.0 ], [ 107.542578, -6.854364, 0.0 ], [ 107.54277, -6.854574, 0.0 ], [ 107.543233, -6.854796, 0.0 ], [ 107.543281, -6.854838, 0.0 ], [ 107.543416, -6.855316, 0.0 ], [ 107.543534, -6.855835, 0.0 ], [ 107.543549, -6.855981, 0.0 ], [ 107.54352, -6.856275, 0.0 ], [ 107.543538, -6.856313, 0.0 ], [ 107.543596, -6.856367, 0.0 ], [ 107.543542, -6.856425, 0.0 ], [ 107.542442, -6.85659, 0.0 ], [ 107.541505, -6.856469, 0.0 ], [ 107.541139, -6.855614, 0.0 ], [ 107.540818, -6.852315, 0.0 ], [ 107.54086, -6.850817, 0.0 ], [ 107.540821, -6.849742, 0.0 ], [ 107.540414, -6.849254, 0.0 ], [ 107.53964, -6.849214, 0.0 ], [ 107.537806, -6.849462, 0.0 ], [ 107.537395, -6.849383, 0.0 ], [ 107.537607, -6.849135, 0.0 ], [ 107.537609, -6.84908, 0.0 ], [ 107.53755, -6.84887, 0.0 ], [ 107.537569, -6.848847, 0.0 ], [ 107.537885, -6.848766, 0.0 ], [ 107.538029, -6.848695, 0.0 ], [ 107.538149, -6.848543, 0.0 ], [ 107.538307, -6.848262, 0.0 ], [ 107.538341, -6.847981, 0.0 ], [ 107.538217, -6.847622, 0.0 ], [ 107.538226, -6.847554, 0.0 ], [ 107.538319, -6.847427, 0.0 ], [ 107.538521, -6.847212, 0.0 ], [ 107.53859, -6.847099, 0.0 ], [ 107.538596, -6.846967, 0.0 ], [ 107.538506, -6.846567, 0.0 ], [ 107.538544, -6.846439, 0.0 ], [ 107.538776, -6.846145, 0.0 ], [ 107.538796, -6.846099, 0.0 ], [ 107.538794, -6.845941, 0.0 ], [ 107.538704, -6.845703, 0.0 ], [ 107.538691, -6.845577, 0.0 ], [ 107.538714, -6.845439, 0.0 ], [ 107.538971, -6.844699, 0.0 ], [ 107.539145, -6.844263, 0.0 ], [ 107.53929, -6.844003, 0.0 ], [ 107.539244, -6.843635, 0.0 ], [ 107.539238, -6.843188, 0.0 ], [ 107.539356, -6.842942, 0.0 ], [ 107.539554, -6.842648, 0.0 ], [ 107.539615, -6.842323, 0.0 ], [ 107.539685, -6.842192, 0.0 ], [ 107.539797, -6.842176, 0.0 ], [ 107.540171, -6.842244, 0.0 ], [ 107.540237, -6.842232, 0.0 ], [ 107.54033, -6.842172, 0.0 ], [ 107.540667, -6.841745, 0.0 ], [ 107.540846, -6.841578, 0.0 ], [ 107.540936, -6.841582, 0.0 ], [ 107.540991, -6.841561, 0.0 ], [ 107.541304, -6.841165, 0.0 ], [ 107.541518, -6.840757, 0.0 ], [ 107.541551, -6.840715, 0.0 ], [ 107.541667, -6.840629, 0.0 ], [ 107.541743, -6.840492, 0.0 ], [ 107.541949, -6.839998, 0.0 ], [ 107.542534, -6.839405, 0.0 ], [ 107.542603, -6.839431, 0.0 ], [ 107.542746, -6.839417, 0.0 ], [ 107.54296, -6.839233, 0.0 ], [ 107.543228, -6.839157, 0.0 ], [ 107.543622, -6.838994, 0.0 ], [ 107.543808, -6.838675, 0.0 ], [ 107.543993, -6.838448, 0.0 ], [ 107.544077, -6.838276, 0.0 ], [ 107.544319, -6.838009, 0.0 ], [ 107.544529, -6.837708, 0.0 ], [ 107.54484, -6.837155, 0.0 ], [ 107.544993, -6.837037, 0.0 ], [ 107.545256, -6.836885, 0.0 ], [ 107.545539, -6.836561, 0.0 ], [ 107.545784, -6.836173, 0.0 ], [ 107.545836, -6.83579, 0.0 ], [ 107.54594, -6.835606, 0.0 ], [ 107.546189, -6.835665, 0.0 ], [ 107.546249, -6.835658, 0.0 ], [ 107.546332, -6.835553, 0.0 ], [ 107.546373, -6.835354, 0.0 ], [ 107.546992, -6.835781, 0.0 ], [ 107.547805, -6.837125, 0.0 ], [ 107.548127, -6.839278, 0.0 ], [ 107.547677, -6.841841, 0.0 ] ] ], [ [ [ 107.544811, -6.851911, 0.0 ], [ 107.545093, -6.853695, 0.0 ], [ 107.544603, -6.855282, 0.0 ], [ 107.543735, -6.856218, 0.0 ], [ 107.543704, -6.856206, 0.0 ], [ 107.543732, -6.855991, 0.0 ], [ 107.543711, -6.855786, 0.0 ], [ 107.543591, -6.855255, 0.0 ], [ 107.543443, -6.854736, 0.0 ], [ 107.543333, -6.85463, 0.0 ], [ 107.542874, -6.85441, 0.0 ], [ 107.542737, -6.854258, 0.0 ], [ 107.5427, -6.854038, 0.0 ], [ 107.542733, -6.853841, 0.0 ], [ 107.542691, -6.853631, 0.0 ], [ 107.542887, -6.853282, 0.0 ], [ 107.543183, -6.852833, 0.0 ], [ 107.543204, -6.85266, 0.0 ], [ 107.543152, -6.851922, 0.0 ], [ 107.543211, -6.851712, 0.0 ], [ 107.543455, -6.851192, 0.0 ], [ 107.543555, -6.851186, 0.0 ], [ 107.543943, -6.851349, 0.0 ], [ 107.544115, -6.851343, 0.0 ], [ 107.54463, -6.851249, 0.0 ], [ 107.544693, -6.851209, 0.0 ], [ 107.544811, -6.851911, 0.0 ] ] ], [ [ [ 107.577946, -6.891083, 0.0 ], [ 107.576956, -6.890874, 0.0 ], [ 107.576228, -6.890739, 0.0 ], [ 107.576208, -6.890654, 0.0 ], [ 107.57644, -6.89071, 0.0 ], [ 107.576444, -6.890696, 0.0 ], [ 107.576441, -6.89071, 0.0 ], [ 107.576942, -6.89082, 0.0 ], [ 107.578077, -6.891051, 0.0 ], [ 107.578065, -6.891117, 0.0 ], [ 107.577946, -6.891083, 0.0 ] ] ], [ [ [ 107.578062, -6.890933, 0.0 ], [ 107.576897, -6.89072, 0.0 ], [ 107.57675, -6.890664, 0.0 ], [ 107.576677, -6.890676, 0.0 ], [ 107.576646, -6.89073, 0.0 ], [ 107.576543, -6.890708, 0.0 ], [ 107.576566, -6.890631, 0.0 ], [ 107.576173, -6.890539, 0.0 ], [ 107.576124, -6.890404, 0.0 ], [ 107.576011, -6.890217, 0.0 ], [ 107.575717, -6.889916, 0.0 ], [ 107.575365, -6.889655, 0.0 ], [ 107.575213, -6.889403, 0.0 ], [ 107.575144, -6.889194, 0.0 ], [ 107.575029, -6.888921, 0.0 ], [ 107.574857, -6.888579, 0.0 ], [ 107.574805, -6.888427, 0.0 ], [ 107.574704, -6.888289, 0.0 ], [ 107.574454, -6.888201, 0.0 ], [ 107.573953, -6.887623, 0.0 ], [ 107.573946, -6.887578, 0.0 ], [ 107.573869, -6.887452, 0.0 ], [ 107.573633, -6.886895, 0.0 ], [ 107.573515, -6.886737, 0.0 ], [ 107.573441, -6.886698, 0.0 ], [ 107.573054, -6.886613, 0.0 ], [ 107.572864, -6.886466, 0.0 ], [ 107.572824, -6.886414, 0.0 ], [ 107.572694, -6.886329, 0.0 ], [ 107.572619, -6.886292, 0.0 ], [ 107.572425, -6.886275, 0.0 ], [ 107.572343, -6.886218, 0.0 ], [ 107.572348, -6.886028, 0.0 ], [ 107.572397, -6.885746, 0.0 ], [ 107.572422, -6.885465, 0.0 ], [ 107.572403, -6.885216, 0.0 ], [ 107.572336, -6.885088, 0.0 ], [ 107.572277, -6.885012, 0.0 ], [ 107.572137, -6.884972, 0.0 ], [ 107.572041, -6.884965, 0.0 ], [ 107.571877, -6.884901, 0.0 ], [ 107.571856, -6.884878, 0.0 ], [ 107.571818, -6.884585, 0.0 ], [ 107.571841, -6.884441, 0.0 ], [ 107.571769, -6.884277, 0.0 ], [ 107.571851, -6.883877, 0.0 ], [ 107.571968, -6.883377, 0.0 ], [ 107.571983, -6.883185, 0.0 ], [ 107.571708, -6.882571, 0.0 ], [ 107.571637, -6.881853, 0.0 ], [ 107.571648, -6.881677, 0.0 ], [ 107.571829, -6.881143, 0.0 ], [ 107.571818, -6.880981, 0.0 ], [ 107.57186, -6.880813, 0.0 ], [ 107.57195, -6.880611, 0.0 ], [ 107.572032, -6.880494, 0.0 ], [ 107.572075, -6.880288, 0.0 ], [ 107.572102, -6.880258, 0.0 ], [ 107.572104, -6.880339, 0.0 ], [ 107.572394, -6.88036, 0.0 ], [ 107.572421, -6.880309, 0.0 ], [ 107.572631, -6.880407, 163.972222 ], [ 107.572796, -6.880509, 163.972222 ], [ 107.57295, -6.880626, 163.972222 ], [ 107.573222, -6.880902, 163.972222 ], [ 107.573435, -6.881225, 163.972222 ], [ 107.573581, -6.881583, 163.972222 ], [ 107.573628, -6.881772, 163.972222 ], [ 107.573664, -6.882044, 163.972222 ], [ 107.573873, -6.882538, 163.972222 ], [ 107.573945, -6.882808, 163.972222 ], [ 107.573975, -6.883031, 0.0 ], [ 107.573813, -6.883084, 0.0 ], [ 107.573782, -6.883136, 0.0 ], [ 107.573798, -6.88322, 0.0 ], [ 107.573983, -6.883164, 0.0 ], [ 107.573963, -6.883538, 163.972222 ], [ 107.573908, -6.883866, 163.972222 ], [ 107.574064, -6.884095, 163.972222 ], [ 107.574244, -6.88445, 163.972222 ], [ 107.574343, -6.884746, 163.972222 ], [ 107.574392, -6.885017, 163.972222 ], [ 107.574613, -6.885162, 163.972222 ], [ 107.574833, -6.885332, 163.972222 ], [ 107.575122, -6.885603, 163.972222 ], [ 107.575291, -6.885823, 163.972222 ], [ 107.575381, -6.885968, 163.972222 ], [ 107.575508, -6.886202, 163.972222 ], [ 107.57565, -6.886535, 163.972222 ], [ 107.575887, -6.88669, 163.972222 ], [ 107.576049, -6.886823, 163.972222 ], [ 107.576205, -6.886979, 163.972222 ], [ 107.576338, -6.887141, 163.972222 ], [ 107.576537, -6.887475, 163.972222 ], [ 107.576818, -6.888042, 163.972222 ], [ 107.576958, -6.888363, 163.972222 ], [ 107.577141, -6.888525, 163.972222 ], [ 107.577442, -6.888834, 163.972222 ], [ 107.577615, -6.889036, 163.972222 ], [ 107.577748, -6.889235, 163.972222 ], [ 107.577944, -6.889593, 163.972222 ], [ 107.578023, -6.8898, 163.972222 ], [ 107.578081, -6.890026, 163.972222 ], [ 107.578125, -6.890404, 163.972222 ], [ 107.578092, -6.89094, 0.0 ], [ 107.578062, -6.890933, 0.0 ] ], [ [ 107.575689, -6.886986, 0.0 ], [ 107.575444, -6.886898, 0.0 ], [ 107.575405, -6.886901, 0.0 ], [ 107.575387, -6.886924, 0.0 ], [ 107.575389, -6.886965, 0.0 ], [ 107.57541, -6.886985, 0.0 ], [ 107.57569, -6.887, 0.0 ], [ 107.575674, -6.886985, 0.0 ], [ 107.575689, -6.886986, 0.0 ] ], [ [ 107.572458, -6.883563, 0.0 ], [ 107.572451, -6.883547, 0.0 ], [ 107.572413, -6.883549, 0.0 ], [ 107.571936, -6.883684, 0.0 ], [ 107.571913, -6.883706, 0.0 ], [ 107.571856, -6.883877, 0.0 ], [ 107.572401, -6.883698, 0.0 ], [ 107.572458, -6.883563, 0.0 ] ], [ [ 107.573731, -6.88318, 0.0 ], [ 107.573717, -6.883125, 0.0 ], [ 107.572569, -6.883485, 0.0 ], [ 107.572467, -6.883679, 0.0 ], [ 107.573573, -6.883321, 0.0 ], [ 107.573708, -6.883234, 0.0 ], [ 107.573731, -6.88318, 0.0 ] ] ], [ [ [ 107.537053, -6.862819, 0.0 ], [ 107.537014, -6.862962, 0.0 ], [ 107.537014, -6.863048, 0.0 ], [ 107.536983, -6.863102, 0.0 ], [ 107.536655, -6.863307, 0.0 ], [ 107.536629, -6.86336, 0.0 ], [ 107.536638, -6.863437, 750.0 ], [ 107.536381, -6.863434, 750.0 ], [ 107.536261, -6.863411, 750.0 ], [ 107.53591, -6.863298, 750.0 ], [ 107.535831, -6.863296, 750.0 ], [ 107.535742, -6.863323, 750.0 ], [ 107.535419, -6.863477, 750.0 ], [ 107.53503, -6.863743, 750.0 ], [ 107.534937, -6.863851, 750.0 ], [ 107.534846, -6.864041, 750.0 ], [ 107.534769, -6.86411, 750.0 ], [ 107.53468, -6.864132, 750.0 ], [ 107.534439, -6.864257, 750.0 ], [ 107.534286, -6.864317, 750.0 ], [ 107.534099, -6.864344, 750.0 ], [ 107.533805, -6.864342, 750.0 ], [ 107.533625, -6.864366, 750.0 ], [ 107.533232, -6.864541, 750.0 ], [ 107.533064, -6.864564, 750.0 ], [ 107.532739, -6.864684, 750.0 ], [ 107.532648, -6.864756, 750.0 ], [ 107.532464, -6.864997, 750.0 ], [ 107.532252, -6.865204, 750.0 ], [ 107.531947, -6.865423, 750.0 ], [ 107.531706, -6.86553, 750.0 ], [ 107.531494, -6.865583, 750.0 ], [ 107.531415, -6.86558, 750.0 ], [ 107.530673, -6.865377, 750.0 ], [ 107.530832, -6.864745, 0.0 ], [ 107.531219, -6.864105, 0.0 ], [ 107.53247, -6.863113, 0.0 ], [ 107.532946, -6.862873, 0.0 ], [ 107.533818, -6.863089, 0.0 ], [ 107.53558, -6.863001, 0.0 ], [ 107.536311, -6.862612, 0.0 ], [ 107.536998, -6.862654, 0.0 ], [ 107.537119, -6.862733, 0.0 ], [ 107.537053, -6.862819, 0.0 ] ] ], [ [ [ 107.537826, -6.863811, 0.0 ], [ 107.537247, -6.864076, 0.0 ], [ 107.536964, -6.864397, 0.0 ], [ 107.53689, -6.864501, 0.0 ], [ 107.536852, -6.864586, 0.0 ], [ 107.536761, -6.864682, 0.0 ], [ 107.536696, -6.864706, 0.0 ], [ 107.536613, -6.864572, 0.0 ], [ 107.536485, -6.864478, 0.0 ], [ 107.536348, -6.864434, 0.0 ], [ 107.536226, -6.864444, 0.0 ], [ 107.536032, -6.864613, 0.0 ], [ 107.535877, -6.864679, 0.0 ], [ 107.53522, -6.865096, 0.0 ], [ 107.534834, -6.865422, 0.0 ], [ 107.5344, -6.865739, 0.0 ], [ 107.534121, -6.866038, 0.0 ], [ 107.534092, -6.866048, 0.0 ], [ 107.53403, -6.866004, 0.0 ], [ 107.533955, -6.865907, 0.0 ], [ 107.533921, -6.865626, 0.0 ], [ 107.53388, -6.865522, 0.0 ], [ 107.533741, -6.865389, 750.0 ], [ 107.533729, -6.865245, 750.0 ], [ 107.533756, -6.865193, 0.0 ], [ 107.533809, -6.865165, 0.0 ], [ 107.533878, -6.865165, 0.0 ], [ 107.534043, -6.865234, 0.0 ], [ 107.534157, -6.865236, 0.0 ], [ 107.534473, -6.865088, 0.0 ], [ 107.534629, -6.865072, 0.0 ], [ 107.534787, -6.864977, 0.0 ], [ 107.535119, -6.864876, 0.0 ], [ 107.53533, -6.864786, 0.0 ], [ 107.535632, -6.864612, 0.0 ], [ 107.535678, -6.864489, 0.0 ], [ 107.535681, -6.864351, 0.0 ], [ 107.53618, -6.863921, 0.0 ], [ 107.536455, -6.863914, 0.0 ], [ 107.536807, -6.863867, 0.0 ], [ 107.536836, -6.863837, 0.0 ], [ 107.53685, -6.863789, 750.0 ], [ 107.536943, -6.863768, 750.0 ], [ 107.537019, -6.863718, 750.0 ], [ 107.537183, -6.863571, 750.0 ], [ 107.537244, -6.863488, 750.0 ], [ 107.537247, -6.863453, 750.0 ], [ 107.537224, -6.863419, 750.0 ], [ 107.537098, -6.863351, 750.0 ], [ 107.537045, -6.863351, 750.0 ], [ 107.5369, -6.863412, 750.0 ], [ 107.536823, -6.863422, 0.0 ], [ 107.537119, -6.86324, 0.0 ], [ 107.537193, -6.863108, 0.0 ], [ 107.537208, -6.862927, 0.0 ], [ 107.537288, -6.862844, 0.0 ], [ 107.538114, -6.863383, 0.0 ], [ 107.538184, -6.863446, 0.0 ], [ 107.537826, -6.863811, 0.0 ] ] ], [ [ [ 107.541383, -6.867252, 0.0 ], [ 107.541233, -6.867449, 0.0 ], [ 107.541091, -6.867582, 0.0 ], [ 107.541012, -6.867616, 0.0 ], [ 107.540738, -6.867627, 0.0 ], [ 107.5402, -6.867502, 0.0 ], [ 107.540143, -6.867509, 0.0 ], [ 107.540019, -6.867659, 0.0 ], [ 107.539876, -6.867678, 0.0 ], [ 107.539744, -6.867774, 0.0 ], [ 107.539125, -6.868388, 0.0 ], [ 107.538306, -6.868718, 0.0 ], [ 107.538248, -6.868722, 0.0 ], [ 107.537606, -6.868476, 0.0 ], [ 107.537461, -6.868437, 0.0 ], [ 107.537403, -6.86844, 0.0 ], [ 107.537401, -6.868415, 0.0 ], [ 107.537384, -6.868383, 0.0 ], [ 107.536688, -6.867846, 0.0 ], [ 107.536615, -6.867842, 0.0 ], [ 107.536578, -6.86787, 0.0 ], [ 107.536476, -6.867987, 0.0 ], [ 107.536387, -6.868117, 0.0 ], [ 107.536124, -6.867951, 0.0 ], [ 107.53594, -6.86811, 0.0 ], [ 107.534245, -6.866488, 0.0 ], [ 107.534162, -6.866369, 0.0 ], [ 107.534113, -6.866245, 0.0 ], [ 107.534237, -6.866196, 0.0 ], [ 107.534513, -6.865895, 0.0 ], [ 107.534943, -6.86558, 0.0 ], [ 107.535332, -6.865253, 0.0 ], [ 107.535967, -6.86485, 0.0 ], [ 107.53613, -6.864781, 0.0 ], [ 107.536298, -6.864631, 0.0 ], [ 107.536412, -6.864658, 0.0 ], [ 107.536478, -6.86471, 0.0 ], [ 107.536534, -6.864808, 0.0 ], [ 107.536613, -6.86489, 0.0 ], [ 107.536744, -6.864903, 0.0 ], [ 107.536865, -6.864846, 0.0 ], [ 107.537004, -6.864701, 0.0 ], [ 107.537108, -6.86452, 0.0 ], [ 107.537366, -6.86423, 0.0 ], [ 107.537924, -6.863979, 0.0 ], [ 107.538327, -6.863573, 0.0 ], [ 107.540388, -6.8654, 0.0 ], [ 107.541735, -6.866829, 0.0 ], [ 107.541383, -6.867252, 0.0 ] ] ], [ [ [ 107.53587, -6.86393, 750.0 ], [ 107.535935, -6.863873, 750.0 ], [ 107.535943, -6.863869, 750.0 ], [ 107.53587, -6.86393, 750.0 ] ] ], [ [ [ 107.5657, -6.865167, 0.0 ], [ 107.565683, -6.865267, 0.0 ], [ 107.565732, -6.86567, 0.0 ], [ 107.565727, -6.865755, 0.0 ], [ 107.565674, -6.865856, 0.0 ], [ 107.565501, -6.865987, 0.0 ], [ 107.565332, -6.866249, 0.0 ], [ 107.565164, -6.866385, 0.0 ], [ 107.564834, -6.866702, 0.0 ], [ 107.564495, -6.866956, 0.0 ], [ 107.564374, -6.867133, 0.0 ], [ 107.564226, -6.867221, 0.0 ], [ 107.564096, -6.867272, 0.0 ], [ 107.563982, -6.867557, 0.0 ], [ 107.563851, -6.867692, 0.0 ], [ 107.563734, -6.867766, 0.0 ], [ 107.56346, -6.867789, 0.0 ], [ 107.563312, -6.86786, 0.0 ], [ 107.563211, -6.868013, 0.0 ], [ 107.563085, -6.868486, 0.0 ], [ 107.563038, -6.868562, 0.0 ], [ 107.562892, -6.868615, 0.0 ], [ 107.562778, -6.868736, 0.0 ], [ 107.562725, -6.868918, 0.0 ], [ 107.56277, -6.869123, 0.0 ], [ 107.56287, -6.869344, 0.0 ], [ 107.562867, -6.869394, 0.0 ], [ 107.562545, -6.869796, 0.0 ], [ 107.562381, -6.869972, 0.0 ], [ 107.562239, -6.870335, 0.0 ], [ 107.562086, -6.870589, 0.0 ], [ 107.561947, -6.870774, 0.0 ], [ 107.561893, -6.870934, 0.0 ], [ 107.56189, -6.870993, 0.0 ], [ 107.562015, -6.871642, 0.0 ], [ 107.561991, -6.871932, 0.0 ], [ 107.561723, -6.871864, 0.0 ], [ 107.561666, -6.871867, 0.0 ], [ 107.561616, -6.871918, 0.0 ], [ 107.561574, -6.872106, 0.0 ], [ 107.561578, -6.87233, 0.0 ], [ 107.561659, -6.872587, 0.0 ], [ 107.561747, -6.873082, 0.0 ], [ 107.561756, -6.873225, 0.0 ], [ 107.561723, -6.873377, 0.0 ], [ 107.561773, -6.87402, 0.0 ], [ 107.561711, -6.874218, 0.0 ], [ 107.561577, -6.87444, 0.0 ], [ 107.561347, -6.874713, 0.0 ], [ 107.561197, -6.874858, 0.0 ], [ 107.560883, -6.875256, 0.0 ], [ 107.560654, -6.875732, 0.0 ], [ 107.560489, -6.875922, 0.0 ], [ 107.560347, -6.876117, 0.0 ], [ 107.560281, -6.876268, 0.0 ], [ 107.560286, -6.876412, 0.0 ], [ 107.560399, -6.876528, 0.0 ], [ 107.560823, -6.876707, 0.0 ], [ 107.560858, -6.876894, 0.0 ], [ 107.560786, -6.877127, 0.0 ], [ 107.560854, -6.877343, 0.0 ], [ 107.560919, -6.877469, 0.0 ], [ 107.560991, -6.877516, 0.0 ], [ 107.561199, -6.877705, 0.0 ], [ 107.561273, -6.877837, 0.0 ], [ 107.561307, -6.87825, 0.0 ], [ 107.561392, -6.878478, 0.0 ], [ 107.561253, -6.87871, 0.0 ], [ 107.561193, -6.878856, 0.0 ], [ 107.561171, -6.879057, 0.0 ], [ 107.561066, -6.879587, 0.0 ], [ 107.561068, -6.879887, 0.0 ], [ 107.561108, -6.879979, 0.0 ], [ 107.561157, -6.880014, 0.0 ], [ 107.561346, -6.87998, 0.0 ], [ 107.561354, -6.880131, 0.0 ], [ 107.561399, -6.880296, 0.0 ], [ 107.561575, -6.880707, 0.0 ], [ 107.561607, -6.881065, 0.0 ], [ 107.561648, -6.881305, 0.0 ], [ 107.56162, -6.881365, 0.0 ], [ 107.561599, -6.881641, 0.0 ], [ 107.561556, -6.88181, 0.0 ], [ 107.561488, -6.881957, 0.0 ], [ 107.561434, -6.882231, 0.0 ], [ 107.560936, -6.882394, 0.0 ], [ 107.560824, -6.882507, 0.0 ], [ 107.560487, -6.8833, 0.0 ], [ 107.560445, -6.883456, 0.0 ], [ 107.560478, -6.883698, 0.0 ], [ 107.560573, -6.883873, 0.0 ], [ 107.560718, -6.88421, 0.0 ], [ 107.560763, -6.884379, 0.0 ], [ 107.560763, -6.884519, 0.0 ], [ 107.560649, -6.885107, 0.0 ], [ 107.560626, -6.885351, 0.0 ], [ 107.560694, -6.885513, 0.0 ], [ 107.560878, -6.885618, 0.0 ], [ 107.561109, -6.88587, 0.0 ], [ 107.561399, -6.886001, 0.0 ], [ 107.561589, -6.886136, 0.0 ], [ 107.56184, -6.886503, 0.0 ], [ 107.562245, -6.886684, 0.0 ], [ 107.562725, -6.886863, 0.0 ], [ 107.562974, -6.887056, 0.0 ], [ 107.563237, -6.887154, 0.0 ], [ 107.563194, -6.887557, 750.0 ], [ 107.563084, -6.887536, 750.0 ], [ 107.562968, -6.887449, 750.0 ], [ 107.56288, -6.887436, 750.0 ], [ 107.562787, -6.88747, 750.0 ], [ 107.562623, -6.887597, 750.0 ], [ 107.562619, -6.887621, 750.0 ], [ 107.562475, -6.887658, 750.0 ], [ 107.562361, -6.887716, 750.0 ], [ 107.562339, -6.887751, 750.0 ], [ 107.562296, -6.887983, 750.0 ], [ 107.562113, -6.888428, 750.0 ], [ 107.561863, -6.888633, 750.0 ], [ 107.561745, -6.888676, 750.0 ], [ 107.561665, -6.888662, 750.0 ], [ 107.56158, -6.888553, 750.0 ], [ 107.561574, -6.88841, 750.0 ], [ 107.561521, -6.888456, 750.0 ], [ 107.561175, -6.88867, 750.0 ], [ 107.560982, -6.888818, 750.0 ], [ 107.560815, -6.888901, 750.0 ], [ 107.560755, -6.888911, 750.0 ], [ 107.560634, -6.888864, 750.0 ], [ 107.560477, -6.888845, 750.0 ], [ 107.560476, -6.888906, 750.0 ], [ 107.560496, -6.88896, 750.0 ], [ 107.560438, -6.889005, 750.0 ], [ 107.560385, -6.889083, 750.0 ], [ 107.560271, -6.888998, 750.0 ], [ 107.560216, -6.88904, 750.0 ], [ 107.560086, -6.889193, 750.0 ], [ 107.559955, -6.889206, 750.0 ], [ 107.559867, -6.88925, 750.0 ], [ 107.5597, -6.889293, 750.0 ], [ 107.559462, -6.889299, 750.0 ], [ 107.559247, -6.889126, 750.0 ], [ 107.559008, -6.888887, 750.0 ], [ 107.558983, -6.888797, 750.0 ], [ 107.559025, -6.888664, 750.0 ], [ 107.559027, -6.888469, 750.0 ], [ 107.559098, -6.888398, 750.0 ], [ 107.559103, -6.888365, 750.0 ], [ 107.559662, -6.888288, 0.0 ], [ 107.560549, -6.88821, 0.0 ], [ 107.561649, -6.888188, 0.0 ], [ 107.56168, -6.88811, 0.0 ], [ 107.561717, -6.888114, 0.0 ], [ 107.561723, -6.888098, 0.0 ], [ 107.56118, -6.888097, 0.0 ], [ 107.560543, -6.888119, 0.0 ], [ 107.55982, -6.88818, 0.0 ], [ 107.559185, -6.88826, 750.0 ], [ 107.559312, -6.888221, 750.0 ], [ 107.559044, -6.888167, 750.0 ], [ 107.559027, -6.888098, 750.0 ], [ 107.558796, -6.887866, 750.0 ], [ 107.558903, -6.887582, 750.0 ], [ 107.558918, -6.887461, 750.0 ], [ 107.559009, -6.887121, 750.0 ], [ 107.559036, -6.887061, 750.0 ], [ 107.559096, -6.886998, 750.0 ], [ 107.559179, -6.886945, 750.0 ], [ 107.559339, -6.886972, 750.0 ], [ 107.559449, -6.886923, 750.0 ], [ 107.559541, -6.886826, 750.0 ], [ 107.55965, -6.886581, 750.0 ], [ 107.559542, -6.886739, 750.0 ], [ 107.559434, -6.886842, 750.0 ], [ 107.559387, -6.886837, 750.0 ], [ 107.559226, -6.886753, 750.0 ], [ 107.559103, -6.886719, 750.0 ], [ 107.558943, -6.88672, 750.0 ], [ 107.55884, -6.88677, 750.0 ], [ 107.558763, -6.88686, 750.0 ], [ 107.558709, -6.88701, 750.0 ], [ 107.558636, -6.887137, 750.0 ], [ 107.558587, -6.88736, 750.0 ], [ 107.55855, -6.887443, 750.0 ], [ 107.558342, -6.887612, 750.0 ], [ 107.558254, -6.887725, 750.0 ], [ 107.558178, -6.887869, 750.0 ], [ 107.558102, -6.887955, 750.0 ], [ 107.557998, -6.888011, 750.0 ], [ 107.557811, -6.888062, 750.0 ], [ 107.557715, -6.888064, 750.0 ], [ 107.55756, -6.888039, 750.0 ], [ 107.557494, -6.887962, 750.0 ], [ 107.557403, -6.888009, 750.0 ], [ 107.557284, -6.888003, 750.0 ], [ 107.55722, -6.887963, 750.0 ], [ 107.556937, -6.88769, 750.0 ], [ 107.55675, -6.887537, 750.0 ], [ 107.556497, -6.887208, 750.0 ], [ 107.556468, -6.887146, 750.0 ], [ 107.556419, -6.886987, 750.0 ], [ 107.556341, -6.88681, 750.0 ], [ 107.55634, -6.886556, 750.0 ], [ 107.556236, -6.886628, 750.0 ], [ 107.556198, -6.886632, 750.0 ], [ 107.555942, -6.886418, 750.0 ], [ 107.555781, -6.886252, 750.0 ], [ 107.555449, -6.886162, 750.0 ], [ 107.55534, -6.886184, 750.0 ], [ 107.555255, -6.886282, 750.0 ], [ 107.555205, -6.886243, 750.0 ], [ 107.555195, -6.886338, 750.0 ], [ 107.555209, -6.886531, 750.0 ], [ 107.555154, -6.886701, 750.0 ], [ 107.555099, -6.88676, 750.0 ], [ 107.55495, -6.88682, 750.0 ], [ 107.554877, -6.886826, 750.0 ], [ 107.554796, -6.886795, 750.0 ], [ 107.554656, -6.886658, 750.0 ], [ 107.554585, -6.886644, 750.0 ], [ 107.553289, -6.884467, 0.0 ], [ 107.552394, -6.883037, 0.0 ], [ 107.550746, -6.880203, 0.0 ], [ 107.550326, -6.879611, 0.0 ], [ 107.549819, -6.878775, 0.0 ], [ 107.549413, -6.878163, 0.0 ], [ 107.549091, -6.877866, 0.0 ], [ 107.547139, -6.87663, 0.0 ], [ 107.547294, -6.876277, 0.0 ], [ 107.547451, -6.876023, 0.0 ], [ 107.547554, -6.875694, 0.0 ], [ 107.547537, -6.87545, 0.0 ], [ 107.547432, -6.875344, 0.0 ], [ 107.547307, -6.875257, 0.0 ], [ 107.547326, -6.875153, 0.0 ], [ 107.547398, -6.875, 0.0 ], [ 107.548549, -6.875, 0.0 ], [ 107.54882, -6.874885, 0.0 ], [ 107.549046, -6.874712, 0.0 ], [ 107.549156, -6.87459, 0.0 ], [ 107.549285, -6.874415, 0.0 ], [ 107.54968, -6.873772, 0.0 ], [ 107.549809, -6.873605, 0.0 ], [ 107.54992, -6.873492, 0.0 ], [ 107.55023, -6.873273, 0.0 ], [ 107.550475, -6.873147, 0.0 ], [ 107.55073, -6.87304, 0.0 ], [ 107.55099, -6.872955, 0.0 ], [ 107.551203, -6.872904, 0.0 ], [ 107.551422, -6.872874, 0.0 ], [ 107.551616, -6.872871, 0.0 ], [ 107.553224, -6.873182, 0.0 ], [ 107.555845, -6.872748, 0.0 ], [ 107.55597, -6.872657, 0.0 ], [ 107.556045, -6.87265, 0.0 ], [ 107.556078, -6.872617, 0.0 ], [ 107.55609, -6.872569, 0.0 ], [ 107.561608, -6.868525, 0.0 ], [ 107.562727, -6.866417, 0.0 ], [ 107.563477, -6.865357, 0.0 ], [ 107.563635, -6.865475, 0.0 ], [ 107.563752, -6.865516, 0.0 ], [ 107.563875, -6.865502, 0.0 ], [ 107.56394, -6.86547, 0.0 ], [ 107.564074, -6.865366, 0.0 ], [ 107.564205, -6.865228, 0.0 ], [ 107.56465, -6.864625, 0.0 ], [ 107.564705, -6.864575, 0.0 ], [ 107.564744, -6.864563, 0.0 ], [ 107.564819, -6.864579, 0.0 ], [ 107.56497, -6.864665, 0.0 ], [ 107.565501, -6.865015, 0.0 ], [ 107.5657, -6.865167, 0.0 ] ], [ [ 107.561812, -6.888159, 0.0 ], [ 107.561745, -6.888145, 0.0 ], [ 107.561726, -6.888189, 0.0 ], [ 107.561911, -6.888193, 0.0 ], [ 107.561812, -6.888159, 0.0 ] ] ], [ [ [ 107.534092, -6.866206, 0.0 ], [ 107.534162, -6.866383, 0.0 ], [ 107.534245, -6.866503, 0.0 ], [ 107.53594, -6.868124, 0.0 ], [ 107.536124, -6.867966, 0.0 ], [ 107.536387, -6.868132, 0.0 ], [ 107.536578, -6.867884, 0.0 ], [ 107.536615, -6.867856, 0.0 ], [ 107.536688, -6.867861, 0.0 ], [ 107.537384, -6.868397, 0.0 ], [ 107.537404, -6.868477, 0.0 ], [ 107.537382, -6.868522, 0.0 ], [ 107.537725, -6.868658, 0.0 ], [ 107.537757, -6.86863, 0.0 ], [ 107.538238, -6.868835, 0.0 ], [ 107.538308, -6.868839, 0.0 ], [ 107.538401, -6.868814, 0.0 ], [ 107.539029, -6.86857, 0.0 ], [ 107.539564, -6.868183, 0.0 ], [ 107.539788, -6.867987, 0.0 ], [ 107.540225, -6.867667, 0.0 ], [ 107.540615, -6.86772, 0.0 ], [ 107.540698, -6.867742, 0.0 ], [ 107.540793, -6.867792, 0.0 ], [ 107.540924, -6.867903, 0.0 ], [ 107.54103, -6.868083, 0.0 ], [ 107.541133, -6.868227, 0.0 ], [ 107.541337, -6.868471, 0.0 ], [ 107.541379, -6.868458, 0.0 ], [ 107.541631, -6.868299, 0.0 ], [ 107.541743, -6.868256, 0.0 ], [ 107.541814, -6.868266, 0.0 ], [ 107.542052, -6.868355, 0.0 ], [ 107.542034, -6.868446, 0.0 ], [ 107.542119, -6.868422, 0.0 ], [ 107.542269, -6.868292, 0.0 ], [ 107.542393, -6.868286, 0.0 ], [ 107.54262, -6.868303, 0.0 ], [ 107.542671, -6.868252, 0.0 ], [ 107.542668, -6.868165, 0.0 ], [ 107.542627, -6.868123, 0.0 ], [ 107.542539, -6.868108, 0.0 ], [ 107.542652, -6.867881, 0.0 ], [ 107.542741, -6.867888, 0.0 ], [ 107.542755, -6.867954, 0.0 ], [ 107.5428, -6.867995, 0.0 ], [ 107.543027, -6.868104, 0.0 ], [ 107.543145, -6.868121, 0.0 ], [ 107.54321, -6.868091, 0.0 ], [ 107.543382, -6.867833, 0.0 ], [ 107.543599, -6.867982, 0.0 ], [ 107.543829, -6.868023, 0.0 ], [ 107.544204, -6.868284, 0.0 ], [ 107.544339, -6.8683, 0.0 ], [ 107.544379, -6.868287, 0.0 ], [ 107.544463, -6.86821, 0.0 ], [ 107.544612, -6.867973, 0.0 ], [ 107.544636, -6.867845, 0.0 ], [ 107.547002, -6.867732, 0.0 ], [ 107.547947, -6.867731, 0.0 ], [ 107.548547, -6.868332, 0.0 ], [ 107.549576, -6.870308, 0.0 ], [ 107.550194, -6.871684, 0.0 ], [ 107.550182, -6.871757, 0.0 ], [ 107.550204, -6.871948, 0.0 ], [ 107.550014, -6.871946, 0.0 ], [ 107.549887, -6.872006, 0.0 ], [ 107.549815, -6.872075, 0.0 ], [ 107.549541, -6.872416, 0.0 ], [ 107.548416, -6.873672, 0.0 ], [ 107.548222, -6.873845, 0.0 ], [ 107.547311, -6.874573, 0.0 ], [ 107.54713, -6.874746, 0.0 ], [ 107.547028, -6.874867, 0.0 ], [ 107.546985, -6.874938, 0.0 ], [ 107.546969, -6.875, 0.0 ], [ 107.547192, -6.875, 0.0 ], [ 107.547155, -6.87508, 0.0 ], [ 107.547124, -6.87523, 0.0 ], [ 107.547139, -6.875355, 0.0 ], [ 107.547162, -6.87539, 0.0 ], [ 107.547366, -6.875541, 0.0 ], [ 107.547373, -6.875655, 0.0 ], [ 107.547286, -6.875933, 0.0 ], [ 107.547131, -6.876184, 0.0 ], [ 107.546976, -6.876537, 0.0 ], [ 107.54608, -6.876019, 0.0 ], [ 107.545861, -6.875863, 0.0 ], [ 107.545702, -6.875776, 0.0 ], [ 107.544478, -6.874986, 0.0 ], [ 107.544118, -6.874793, 0.0 ], [ 107.544136, -6.874672, 0.0 ], [ 107.544416, -6.874245, 0.0 ], [ 107.544481, -6.874122, 0.0 ], [ 107.544647, -6.873751, 0.0 ], [ 107.544731, -6.873495, 0.0 ], [ 107.545023, -6.872922, 0.0 ], [ 107.545077, -6.872569, 0.0 ], [ 107.545066, -6.872526, 0.0 ], [ 107.544978, -6.872405, 0.0 ], [ 107.54507, -6.87224, 0.0 ], [ 107.545232, -6.872181, 0.0 ], [ 107.545305, -6.872095, 0.0 ], [ 107.545332, -6.871963, 0.0 ], [ 107.545317, -6.871921, 0.0 ], [ 107.545284, -6.871892, 0.0 ], [ 107.545241, -6.871881, 0.0 ], [ 107.545198, -6.871893, 0.0 ], [ 107.545166, -6.871923, 0.0 ], [ 107.545126, -6.872016, 0.0 ], [ 107.544945, -6.872085, 0.0 ], [ 107.544791, -6.872355, 0.0 ], [ 107.544785, -6.872444, 0.0 ], [ 107.544889, -6.872606, 0.0 ], [ 107.544851, -6.872849, 0.0 ], [ 107.544567, -6.873405, 0.0 ], [ 107.54448, -6.873667, 0.0 ], [ 107.544319, -6.874027, 0.0 ], [ 107.544263, -6.874135, 0.0 ], [ 107.543972, -6.874577, 0.0 ], [ 107.54395, -6.874696, 0.0 ], [ 107.543198, -6.874194, 0.0 ], [ 107.54199, -6.873505, 0.0 ], [ 107.54195, -6.873468, 0.0 ], [ 107.541466, -6.873173, 0.0 ], [ 107.541127, -6.873014, 0.0 ], [ 107.540167, -6.872401, 0.0 ], [ 107.539607, -6.872016, 0.0 ], [ 107.538983, -6.871635, 0.0 ], [ 107.539037, -6.8716, 0.0 ], [ 107.539125, -6.871662, 0.0 ], [ 107.539178, -6.871508, 0.0 ], [ 107.539274, -6.871445, 0.0 ], [ 107.539198, -6.871451, 0.0 ], [ 107.539243, -6.87132, 0.0 ], [ 107.539311, -6.871277, 0.0 ], [ 107.539979, -6.870969, 0.0 ], [ 107.540316, -6.870837, 0.0 ], [ 107.540484, -6.870745, 0.0 ], [ 107.54061, -6.870712, 0.0 ], [ 107.540642, -6.87069, 0.0 ], [ 107.540896, -6.870412, 0.0 ], [ 107.540978, -6.870236, 0.0 ], [ 107.541172, -6.869629, 0.0 ], [ 107.541175, -6.869573, 0.0 ], [ 107.541147, -6.869518, 0.0 ], [ 107.541101, -6.869532, 0.0 ], [ 107.541041, -6.869659, 0.0 ], [ 107.541023, -6.869768, 0.0 ], [ 107.540978, -6.869875, 0.0 ], [ 107.540932, -6.870068, 0.0 ], [ 107.540721, -6.870396, 0.0 ], [ 107.540638, -6.87048, 0.0 ], [ 107.540321, -6.870715, 0.0 ], [ 107.540153, -6.870794, 0.0 ], [ 107.539879, -6.870878, 0.0 ], [ 107.539557, -6.871036, 0.0 ], [ 107.539092, -6.871269, 0.0 ], [ 107.539064, -6.87129, 0.0 ], [ 107.539047, -6.871351, 0.0 ], [ 107.539033, -6.871355, 0.0 ], [ 107.538926, -6.87134, 0.0 ], [ 107.53879, -6.871269, 0.0 ], [ 107.538815, -6.871062, 0.0 ], [ 107.538728, -6.871021, 0.0 ], [ 107.538574, -6.871345, 0.0 ], [ 107.538822, -6.871472, 0.0 ], [ 107.538838, -6.87143, 0.0 ], [ 107.538984, -6.871447, 0.0 ], [ 107.538978, -6.871467, 0.0 ], [ 107.538723, -6.871485, 0.0 ], [ 107.538538, -6.871378, 0.0 ], [ 107.538533, -6.871389, 0.0 ], [ 107.539607, -6.87203, 0.0 ], [ 107.540167, -6.872416, 0.0 ], [ 107.541127, -6.873029, 0.0 ], [ 107.541466, -6.873187, 0.0 ], [ 107.54195, -6.873482, 0.0 ], [ 107.54199, -6.873519, 0.0 ], [ 107.543198, -6.874209, 0.0 ], [ 107.543985, -6.874733, 0.0 ], [ 107.544478, -6.875, 0.0 ], [ 107.545703, -6.875791, 0.0 ], [ 107.545861, -6.875877, 0.0 ], [ 107.54608, -6.876033, 0.0 ], [ 107.547258, -6.876717, 0.0 ], [ 107.549091, -6.877881, 0.0 ], [ 107.549383, -6.87814, 0.0 ], [ 107.549819, -6.87879, 0.0 ], [ 107.550326, -6.879625, 0.0 ], [ 107.550746, -6.880218, 0.0 ], [ 107.552394, -6.883051, 0.0 ], [ 107.553289, -6.884481, 0.0 ], [ 107.554577, -6.886644, 750.0 ], [ 107.554557, -6.886653, 750.0 ], [ 107.554571, -6.886752, 750.0 ], [ 107.55447, -6.886831, 750.0 ], [ 107.554582, -6.886771, 750.0 ], [ 107.55463, -6.886837, 750.0 ], [ 107.554597, -6.886831, 750.0 ], [ 107.554549, -6.886884, 750.0 ], [ 107.554429, -6.887102, 750.0 ], [ 107.554321, -6.887167, 750.0 ], [ 107.55432, -6.887211, 750.0 ], [ 107.554361, -6.887258, 750.0 ], [ 107.554367, -6.88729, 750.0 ], [ 107.554351, -6.887325, 750.0 ], [ 107.554289, -6.887386, 750.0 ], [ 107.554115, -6.887432, 750.0 ], [ 107.553949, -6.887504, 750.0 ], [ 107.553839, -6.887506, 750.0 ], [ 107.553774, -6.887478, 750.0 ], [ 107.553755, -6.887447, 750.0 ], [ 107.553889, -6.887284, 750.0 ], [ 107.553895, -6.887259, 750.0 ], [ 107.553865, -6.887258, 750.0 ], [ 107.553809, -6.88729, 750.0 ], [ 107.553726, -6.887382, 750.0 ], [ 107.553517, -6.887561, 750.0 ], [ 107.553454, -6.887591, 750.0 ], [ 107.553341, -6.887495, 750.0 ], [ 107.553288, -6.887419, 750.0 ], [ 107.553176, -6.887358, 750.0 ], [ 107.553136, -6.887358, 750.0 ], [ 107.553076, -6.887398, 750.0 ], [ 107.553021, -6.887408, 750.0 ], [ 107.552819, -6.887367, 750.0 ], [ 107.552766, -6.887321, 750.0 ], [ 107.55277, -6.88723, 750.0 ], [ 107.552648, -6.887226, 750.0 ], [ 107.552576, -6.88718, 750.0 ], [ 107.552335, -6.886906, 750.0 ], [ 107.552292, -6.886748, 750.0 ], [ 107.552323, -6.886664, 750.0 ], [ 107.552316, -6.886628, 750.0 ], [ 107.55221, -6.886512, 750.0 ], [ 107.551997, -6.886205, 750.0 ], [ 107.551947, -6.88616, 750.0 ], [ 107.551854, -6.886142, 750.0 ], [ 107.551799, -6.886104, 750.0 ], [ 107.551483, -6.88577, 750.0 ], [ 107.551128, -6.885479, 750.0 ], [ 107.551119, -6.885413, 750.0 ], [ 107.551134, -6.88532, 750.0 ], [ 107.55129, -6.885078, 750.0 ], [ 107.551114, -6.885241, 750.0 ], [ 107.550956, -6.885333, 750.0 ], [ 107.550885, -6.885353, 750.0 ], [ 107.550704, -6.885337, 750.0 ], [ 107.550477, -6.885224, 750.0 ], [ 107.550407, -6.885155, 750.0 ], [ 107.55035, -6.885069, 750.0 ], [ 107.550173, -6.884918, 750.0 ], [ 107.550107, -6.884759, 750.0 ], [ 107.550091, -6.884638, 750.0 ], [ 107.550037, -6.884541, 750.0 ], [ 107.549888, -6.88434, 750.0 ], [ 107.549855, -6.884224, 750.0 ], [ 107.549854, -6.884115, 750.0 ], [ 107.54989, -6.883918, 750.0 ], [ 107.549981, -6.883658, 750.0 ], [ 107.550041, -6.883531, 750.0 ], [ 107.549927, -6.883564, 750.0 ], [ 107.549845, -6.88368, 750.0 ], [ 107.549542, -6.883569, 750.0 ], [ 107.549465, -6.883556, 750.0 ], [ 107.549395, -6.883607, 750.0 ], [ 107.549234, -6.883629, 750.0 ], [ 107.549052, -6.883747, 750.0 ], [ 107.54883, -6.883775, 750.0 ], [ 107.548703, -6.883882, 750.0 ], [ 107.548576, -6.883914, 750.0 ], [ 107.548396, -6.883887, 750.0 ], [ 107.548341, -6.883798, 750.0 ], [ 107.548311, -6.883688, 750.0 ], [ 107.548238, -6.883699, 750.0 ], [ 107.548102, -6.883672, 750.0 ], [ 107.548, -6.883687, 750.0 ], [ 107.547794, -6.88376, 750.0 ], [ 107.547696, -6.883933, 750.0 ], [ 107.547662, -6.884027, 750.0 ], [ 107.547586, -6.884132, 750.0 ], [ 107.547376, -6.884066, 750.0 ], [ 107.547229, -6.884041, 750.0 ], [ 107.547125, -6.883988, 750.0 ], [ 107.547061, -6.883933, 750.0 ], [ 107.546975, -6.884102, 750.0 ], [ 107.546993, -6.884142, 750.0 ], [ 107.547018, -6.884144, 750.0 ], [ 107.547045, -6.884122, 750.0 ], [ 107.54704, -6.884139, 750.0 ], [ 107.546948, -6.884209, 750.0 ], [ 107.546718, -6.884511, 750.0 ], [ 107.546706, -6.884498, 750.0 ], [ 107.546709, -6.884383, 750.0 ], [ 107.546676, -6.884413, 750.0 ], [ 107.546624, -6.884507, 750.0 ], [ 107.546593, -6.884525, 750.0 ], [ 107.546544, -6.884512, 750.0 ], [ 107.546515, -6.884472, 750.0 ], [ 107.546531, -6.884323, 750.0 ], [ 107.54647, -6.884501, 750.0 ], [ 107.546452, -6.884517, 750.0 ], [ 107.54634, -6.884432, 750.0 ], [ 107.546277, -6.884408, 750.0 ], [ 107.546147, -6.88439, 750.0 ], [ 107.546021, -6.884406, 750.0 ], [ 107.545888, -6.884387, 750.0 ], [ 107.545709, -6.884315, 750.0 ], [ 107.545692, -6.884151, 750.0 ], [ 107.545604, -6.8842, 750.0 ], [ 107.545565, -6.884202, 750.0 ], [ 107.545331, -6.884042, 750.0 ], [ 107.545274, -6.883904, 750.0 ], [ 107.545172, -6.883908, 750.0 ], [ 107.544975, -6.883774, 750.0 ], [ 107.544709, -6.883715, 750.0 ], [ 107.544682, -6.883646, 750.0 ], [ 107.544702, -6.883466, 750.0 ], [ 107.544809, -6.883208, 750.0 ], [ 107.544928, -6.883069, 750.0 ], [ 107.545013, -6.882932, 750.0 ], [ 107.545095, -6.882908, 750.0 ], [ 107.545023, -6.882897, 750.0 ], [ 107.544927, -6.882982, 750.0 ], [ 107.544957, -6.882902, 750.0 ], [ 107.544998, -6.882862, 750.0 ], [ 107.545052, -6.882847, 750.0 ], [ 107.545269, -6.88288, 750.0 ], [ 107.545363, -6.882728, 750.0 ], [ 107.545503, -6.882655, 750.0 ], [ 107.54556, -6.882545, 750.0 ], [ 107.545557, -6.882312, 750.0 ], [ 107.545514, -6.882132, 750.0 ], [ 107.54545, -6.881681, 750.0 ], [ 107.545462, -6.881647, 750.0 ], [ 107.545559, -6.881637, 750.0 ], [ 107.54544, -6.881601, 750.0 ], [ 107.545411, -6.881574, 750.0 ], [ 107.545337, -6.881257, 750.0 ], [ 107.545274, -6.881078, 750.0 ], [ 107.545264, -6.880944, 750.0 ], [ 107.545141, -6.880746, 750.0 ], [ 107.545019, -6.880636, 750.0 ], [ 107.545017, -6.880593, 750.0 ], [ 107.54507, -6.880411, 750.0 ], [ 107.545031, -6.880464, 750.0 ], [ 107.544979, -6.880613, 750.0 ], [ 107.544954, -6.880646, 750.0 ], [ 107.545067, -6.88031, 750.0 ], [ 107.54516, -6.880141, 750.0 ], [ 107.545174, -6.880058, 750.0 ], [ 107.545107, -6.880033, 750.0 ], [ 107.545023, -6.880113, 750.0 ], [ 107.544845, -6.880711, 750.0 ], [ 107.544625, -6.881183, 750.0 ], [ 107.544547, -6.881384, 750.0 ], [ 107.544538, -6.881503, 750.0 ], [ 107.544501, -6.881631, 750.0 ], [ 107.544445, -6.881767, 750.0 ], [ 107.544272, -6.882044, 750.0 ], [ 107.544246, -6.882071, 750.0 ], [ 107.54416, -6.882099, 750.0 ], [ 107.543882, -6.882258, 750.0 ], [ 107.543725, -6.882209, 750.0 ], [ 107.543683, -6.882213, 750.0 ], [ 107.543632, -6.882303, 750.0 ], [ 107.54353, -6.882397, 750.0 ], [ 107.543492, -6.8824, 750.0 ], [ 107.543449, -6.88238, 750.0 ], [ 107.543402, -6.882336, 750.0 ], [ 107.543293, -6.882125, 750.0 ], [ 107.543119, -6.88198, 750.0 ], [ 107.543085, -6.881909, 750.0 ], [ 107.543094, -6.881884, 750.0 ], [ 107.543175, -6.881824, 750.0 ], [ 107.543161, -6.88177, 750.0 ], [ 107.54311, -6.881695, 750.0 ], [ 107.543133, -6.881641, 750.0 ], [ 107.543126, -6.881607, 750.0 ], [ 107.54301, -6.881507, 750.0 ], [ 107.542803, -6.881445, 750.0 ], [ 107.542853, -6.881308, 750.0 ], [ 107.542754, -6.8813, 750.0 ], [ 107.542552, -6.881382, 750.0 ], [ 107.542435, -6.881207, 750.0 ], [ 107.542388, -6.881278, 750.0 ], [ 107.542317, -6.881323, 750.0 ], [ 107.542014, -6.88128, 750.0 ], [ 107.54193, -6.88124, 750.0 ], [ 107.541888, -6.881202, 750.0 ], [ 107.541767, -6.880918, 750.0 ], [ 107.54158, -6.880689, 750.0 ], [ 107.541499, -6.880557, 750.0 ], [ 107.541493, -6.880507, 750.0 ], [ 107.541507, -6.880468, 750.0 ], [ 107.541647, -6.880258, 750.0 ], [ 107.541636, -6.880176, 750.0 ], [ 107.541588, -6.880057, 750.0 ], [ 107.541501, -6.879936, 750.0 ], [ 107.541447, -6.879898, 750.0 ], [ 107.541271, -6.879704, 750.0 ], [ 107.541031, -6.879516, 750.0 ], [ 107.540981, -6.879459, 750.0 ], [ 107.540951, -6.879354, 750.0 ], [ 107.540973, -6.879293, 750.0 ], [ 107.541025, -6.879238, 750.0 ], [ 107.541154, -6.879151, 750.0 ], [ 107.541203, -6.879077, 750.0 ], [ 107.541416, -6.878951, 750.0 ], [ 107.54161, -6.878915, 750.0 ], [ 107.54199, -6.878568, 750.0 ], [ 107.542001, -6.878515, 750.0 ], [ 107.542063, -6.878405, 750.0 ], [ 107.542161, -6.878287, 750.0 ], [ 107.542374, -6.87791, 750.0 ], [ 107.542452, -6.87752, 750.0 ], [ 107.542456, -6.877422, 750.0 ], [ 107.542425, -6.877339, 750.0 ], [ 107.542433, -6.87742, 750.0 ], [ 107.54242, -6.877489, 750.0 ], [ 107.542303, -6.877766, 750.0 ], [ 107.54229, -6.877885, 750.0 ], [ 107.542046, -6.878109, 750.0 ], [ 107.541937, -6.878142, 750.0 ], [ 107.541858, -6.878201, 750.0 ], [ 107.541729, -6.878264, 750.0 ], [ 107.541623, -6.878393, 750.0 ], [ 107.541452, -6.87846, 750.0 ], [ 107.541245, -6.878589, 750.0 ], [ 107.541142, -6.878613, 750.0 ], [ 107.541042, -6.87859, 750.0 ], [ 107.540839, -6.878483, 750.0 ], [ 107.540514, -6.878399, 750.0 ], [ 107.540461, -6.878359, 750.0 ], [ 107.540415, -6.878274, 750.0 ], [ 107.540405, -6.878215, 750.0 ], [ 107.540436, -6.877822, 750.0 ], [ 107.540482, -6.877551, 750.0 ], [ 107.540475, -6.877471, 750.0 ], [ 107.540433, -6.877337, 750.0 ], [ 107.54043, -6.877251, 750.0 ], [ 107.540474, -6.876959, 750.0 ], [ 107.540505, -6.876863, 750.0 ], [ 107.540498, -6.876841, 750.0 ], [ 107.540348, -6.876813, 750.0 ], [ 107.540229, -6.876832, 750.0 ], [ 107.539939, -6.876915, 750.0 ], [ 107.539686, -6.876937, 750.0 ], [ 107.538657, -6.876955, 750.0 ], [ 107.538375, -6.876902, 750.0 ], [ 107.538219, -6.876798, 750.0 ], [ 107.538058, -6.876576, 750.0 ], [ 107.538015, -6.876425, 750.0 ], [ 107.537879, -6.876237, 750.0 ], [ 107.537807, -6.875977, 750.0 ], [ 107.53778, -6.875628, 750.0 ], [ 107.537875, -6.875419, 750.0 ], [ 107.538027, -6.875184, 750.0 ], [ 107.538207, -6.875082, 750.0 ], [ 107.538255, -6.874998, 750.0 ], [ 107.538393, -6.87486, 750.0 ], [ 107.538451, -6.874847, 750.0 ], [ 107.538547, -6.874883, 750.0 ], [ 107.53861, -6.874865, 750.0 ], [ 107.538723, -6.874718, 750.0 ], [ 107.538884, -6.874547, 750.0 ], [ 107.53872, -6.874708, 750.0 ], [ 107.538603, -6.874852, 750.0 ], [ 107.538541, -6.874868, 750.0 ], [ 107.538405, -6.874827, 750.0 ], [ 107.538273, -6.874957, 750.0 ], [ 107.537703, -6.875325, 750.0 ], [ 107.537604, -6.875423, 750.0 ], [ 107.537345, -6.875521, 750.0 ], [ 107.537022, -6.875543, 750.0 ], [ 107.536868, -6.87552, 750.0 ], [ 107.536748, -6.875481, 750.0 ], [ 107.536668, -6.875411, 750.0 ], [ 107.536561, -6.875392, 750.0 ], [ 107.536353, -6.87531, 750.0 ], [ 107.536186, -6.875187, 750.0 ], [ 107.535949, -6.875049, 750.0 ], [ 107.53551, -6.874715, 750.0 ], [ 107.535195, -6.874512, 750.0 ], [ 107.534995, -6.874328, 750.0 ], [ 107.534913, -6.874181, 750.0 ], [ 107.534807, -6.873926, 750.0 ], [ 107.534739, -6.873514, 750.0 ], [ 107.534741, -6.873444, 750.0 ], [ 107.534828, -6.873136, 750.0 ], [ 107.534882, -6.873063, 750.0 ], [ 107.535051, -6.872934, 750.0 ], [ 107.535563, -6.872443, 750.0 ], [ 107.535987, -6.871992, 750.0 ], [ 107.536229, -6.871822, 750.0 ], [ 107.536426, -6.871736, 750.0 ], [ 107.536739, -6.871658, 750.0 ], [ 107.53694, -6.871688, 750.0 ], [ 107.537232, -6.871818, 750.0 ], [ 107.537342, -6.871842, 750.0 ], [ 107.537904, -6.871845, 750.0 ], [ 107.538067, -6.871805, 750.0 ], [ 107.538161, -6.871741, 750.0 ], [ 107.538176, -6.871667, 750.0 ], [ 107.53808, -6.871463, 750.0 ], [ 107.538031, -6.871417, 750.0 ], [ 107.537899, -6.871345, 750.0 ], [ 107.537709, -6.871138, 750.0 ], [ 107.537711, -6.870992, 750.0 ], [ 107.537657, -6.871107, 750.0 ], [ 107.537625, -6.87113, 750.0 ], [ 107.537572, -6.871139, 750.0 ], [ 107.537428, -6.871115, 750.0 ], [ 107.537217, -6.871037, 750.0 ], [ 107.537035, -6.871007, 750.0 ], [ 107.536895, -6.871005, 750.0 ], [ 107.536456, -6.871057, 750.0 ], [ 107.536284, -6.871018, 750.0 ], [ 107.536211, -6.871019, 750.0 ], [ 107.535597, -6.87121, 750.0 ], [ 107.535485, -6.871277, 750.0 ], [ 107.53523, -6.87148, 750.0 ], [ 107.535084, -6.871563, 750.0 ], [ 107.534974, -6.871573, 750.0 ], [ 107.534701, -6.871512, 750.0 ], [ 107.534682, -6.87154, 750.0 ], [ 107.534699, -6.8716, 750.0 ], [ 107.53464, -6.871666, 750.0 ], [ 107.534451, -6.871754, 750.0 ], [ 107.534313, -6.871858, 750.0 ], [ 107.534125, -6.871909, 750.0 ], [ 107.533984, -6.871995, 750.0 ], [ 107.533675, -6.87235, 750.0 ], [ 107.533355, -6.87289, 750.0 ], [ 107.533149, -6.873167, 750.0 ], [ 107.53307, -6.873227, 750.0 ], [ 107.532832, -6.873309, 750.0 ], [ 107.532763, -6.873304, 750.0 ], [ 107.532726, -6.873254, 750.0 ], [ 107.532706, -6.873119, 750.0 ], [ 107.532722, -6.873028, 750.0 ], [ 107.532748, -6.872991, 750.0 ], [ 107.532816, -6.872988, 750.0 ], [ 107.532926, -6.872872, 750.0 ], [ 107.533254, -6.8724, 750.0 ], [ 107.532814, -6.87295, 750.0 ], [ 107.532736, -6.872975, 750.0 ], [ 107.532658, -6.873092, 750.0 ], [ 107.532623, -6.873121, 750.0 ], [ 107.532288, -6.873145, 750.0 ], [ 107.532096, -6.873122, 750.0 ], [ 107.531782, -6.873008, 750.0 ], [ 107.531677, -6.872887, 750.0 ], [ 107.53167, -6.872753, 750.0 ], [ 107.53171, -6.872567, 750.0 ], [ 107.531703, -6.87244, 750.0 ], [ 107.531674, -6.872318, 750.0 ], [ 107.531673, -6.872196, 750.0 ], [ 107.531835, -6.871969, 750.0 ], [ 107.531991, -6.871828, 750.0 ], [ 107.532118, -6.871659, 750.0 ], [ 107.532064, -6.871433, 750.0 ], [ 107.531993, -6.871242, 750.0 ], [ 107.532062, -6.871073, 750.0 ], [ 107.532236, -6.870951, 750.0 ], [ 107.532619, -6.870838, 750.0 ], [ 107.532921, -6.87079, 750.0 ], [ 107.533234, -6.870649, 750.0 ], [ 107.53383, -6.870239, 750.0 ], [ 107.533985, -6.870046, 750.0 ], [ 107.534027, -6.869943, 750.0 ], [ 107.533983, -6.869845, 750.0 ], [ 107.533804, -6.86974, 750.0 ], [ 107.533542, -6.869626, 750.0 ], [ 107.533367, -6.869561, 750.0 ], [ 107.533164, -6.86953, 750.0 ], [ 107.532894, -6.869458, 750.0 ], [ 107.532607, -6.869333, 750.0 ], [ 107.532341, -6.869182, 750.0 ], [ 107.532053, -6.868968, 750.0 ], [ 107.531948, -6.868907, 750.0 ], [ 107.531888, -6.868844, 750.0 ], [ 107.531868, -6.86879, 750.0 ], [ 107.531862, -6.868674, 750.0 ], [ 107.531826, -6.868583, 750.0 ], [ 107.531571, -6.86825, 750.0 ], [ 107.531544, -6.868166, 750.0 ], [ 107.531463, -6.868037, 750.0 ], [ 107.531422, -6.867985, 750.0 ], [ 107.531258, -6.867888, 750.0 ], [ 107.53115, -6.867745, 750.0 ], [ 107.531161, -6.867654, 750.0 ], [ 107.531245, -6.867535, 750.0 ], [ 107.531272, -6.867462, 750.0 ], [ 107.531266, -6.867333, 750.0 ], [ 107.531206, -6.867097, 750.0 ], [ 107.531215, -6.867068, 750.0 ], [ 107.53131, -6.866985, 750.0 ], [ 107.531461, -6.8669, 750.0 ], [ 107.531547, -6.866786, 750.0 ], [ 107.531602, -6.866743, 750.0 ], [ 107.531719, -6.866692, 750.0 ], [ 107.531884, -6.866662, 750.0 ], [ 107.532045, -6.866574, 750.0 ], [ 107.532424, -6.866205, 750.0 ], [ 107.532623, -6.866082, 750.0 ], [ 107.532761, -6.865958, 750.0 ], [ 107.533021, -6.865798, 750.0 ], [ 107.533364, -6.865625, 750.0 ], [ 107.533488, -6.865623, 750.0 ], [ 107.533678, -6.865708, 750.0 ], [ 107.533751, -6.86578, 750.0 ], [ 107.533793, -6.865959, 750.0 ], [ 107.533819, -6.866007, 750.0 ], [ 107.533859, -6.866054, 750.0 ], [ 107.534013, -6.866156, 750.0 ], [ 107.534075, -6.866163, 750.0 ], [ 107.534092, -6.866206, 0.0 ] ], [ [ 107.540862, -6.872684, 0.0 ], [ 107.541183, -6.872868, 0.0 ], [ 107.541359, -6.87244, 0.0 ], [ 107.541216, -6.872376, 0.0 ], [ 107.541139, -6.872576, 0.0 ], [ 107.54096, -6.872477, 0.0 ], [ 107.540862, -6.872684, 0.0 ] ], [ [ 107.541367, -6.872969, 0.0 ], [ 107.541367, -6.872983, 0.0 ], [ 107.541736, -6.873219, 0.0 ], [ 107.541832, -6.872988, 0.0 ], [ 107.541641, -6.872873, 0.0 ], [ 107.541754, -6.872545, 0.0 ], [ 107.541526, -6.872439, 0.0 ], [ 107.541367, -6.872926, 0.0 ], [ 107.541367, -6.872969, 0.0 ] ], [ [ 107.542029, -6.868805, 0.0 ], [ 107.542026, -6.868815, 0.0 ], [ 107.542028, -6.868819, 0.0 ], [ 107.54203, -6.86881, 0.0 ], [ 107.542029, -6.868805, 0.0 ] ], [ [ 107.542002, -6.868738, 0.0 ], [ 107.542003, -6.868753, 0.0 ], [ 107.542035, -6.868763, 0.0 ], [ 107.542035, -6.868748, 0.0 ], [ 107.542002, -6.868738, 0.0 ] ], [ [ 107.542017, -6.86852, 0.0 ], [ 107.542016, -6.868534, 0.0 ], [ 107.542031, -6.868542, 0.0 ], [ 107.542032, -6.868529, 0.0 ], [ 107.542017, -6.86852, 0.0 ] ] ], [ [ [ 107.533959, -6.865945, 0.0 ], [ 107.534028, -6.866049, 750.0 ], [ 107.533952, -6.865983, 750.0 ], [ 107.533922, -6.865929, 750.0 ], [ 107.533889, -6.865772, 750.0 ], [ 107.533959, -6.865945, 0.0 ] ] ], [ [ [ 107.543141, -6.867851, 0.0 ], [ 107.543088, -6.867918, 0.0 ], [ 107.542917, -6.867833, 0.0 ], [ 107.542889, -6.867756, 0.0 ], [ 107.542791, -6.867698, 0.0 ], [ 107.542573, -6.867685, 0.0 ], [ 107.542516, -6.867732, 0.0 ], [ 107.542338, -6.868094, 0.0 ], [ 107.5422, -6.868105, 0.0 ], [ 107.54203, -6.868247, 0.0 ], [ 107.541973, -6.86826, 0.0 ], [ 107.541801, -6.868208, 0.0 ], [ 107.541644, -6.868234, 0.0 ], [ 107.541335, -6.868454, 0.0 ], [ 107.541133, -6.868213, 0.0 ], [ 107.540924, -6.867889, 0.0 ], [ 107.54084, -6.867818, 0.0 ], [ 107.541046, -6.867809, 0.0 ], [ 107.541203, -6.867739, 0.0 ], [ 107.541372, -6.867579, 0.0 ], [ 107.541886, -6.866944, 0.0 ], [ 107.543276, -6.867654, 0.0 ], [ 107.543141, -6.867851, 0.0 ] ] ], [ [ [ 107.544449, -6.867854, 0.0 ], [ 107.544443, -6.867888, 0.0 ], [ 107.5443, -6.868103, 0.0 ], [ 107.544277, -6.868101, 0.0 ], [ 107.543957, -6.867878, 0.0 ], [ 107.544449, -6.867854, 0.0 ] ] ], [ [ [ 107.567139, -6.876874, 0.0 ], [ 107.565462, -6.878467, 0.0 ], [ 107.564945, -6.879629, 0.0 ], [ 107.5649, -6.880976, 0.0 ], [ 107.565352, -6.881523, 0.0 ], [ 107.565303, -6.881653, 0.0 ], [ 107.565237, -6.882337, 0.0 ], [ 107.565084, -6.882701, 0.0 ], [ 107.565056, -6.882716, 0.0 ], [ 107.565025, -6.882665, 0.0 ], [ 107.564927, -6.88261, 0.0 ], [ 107.564734, -6.88257, 0.0 ], [ 107.56452, -6.882601, 0.0 ], [ 107.564389, -6.882707, 0.0 ], [ 107.56432, -6.882866, 0.0 ], [ 107.56432, -6.88302, 0.0 ], [ 107.56435, -6.883316, 0.0 ], [ 107.564263, -6.883368, 0.0 ], [ 107.564237, -6.883403, 0.0 ], [ 107.564227, -6.883477, 0.0 ], [ 107.564239, -6.883515, 0.0 ], [ 107.564158, -6.883622, 0.0 ], [ 107.564123, -6.883786, 0.0 ], [ 107.564052, -6.88398, 0.0 ], [ 107.564031, -6.884096, 0.0 ], [ 107.564009, -6.884505, 0.0 ], [ 107.563932, -6.884938, 0.0 ], [ 107.563863, -6.885068, 0.0 ], [ 107.563681, -6.885329, 0.0 ], [ 107.562985, -6.886822, 0.0 ], [ 107.562814, -6.88669, 0.0 ], [ 107.562512, -6.886583, 0.0 ], [ 107.561952, -6.886343, 0.0 ], [ 107.561716, -6.885991, 0.0 ], [ 107.561489, -6.88583, 0.0 ], [ 107.561219, -6.88571, 0.0 ], [ 107.560996, -6.885466, 0.0 ], [ 107.5609, -6.885397, 0.0 ], [ 107.560832, -6.885369, 0.0 ], [ 107.560808, -6.885309, 0.0 ], [ 107.560943, -6.884556, 0.0 ], [ 107.560943, -6.884352, 0.0 ], [ 107.560885, -6.884128, 0.0 ], [ 107.560739, -6.883787, 0.0 ], [ 107.560649, -6.883622, 0.0 ], [ 107.560627, -6.883492, 0.0 ], [ 107.560656, -6.88338, 0.0 ], [ 107.560969, -6.882631, 0.0 ], [ 107.561024, -6.882569, 0.0 ], [ 107.561455, -6.882439, 0.0 ], [ 107.56157, -6.882377, 0.0 ], [ 107.561595, -6.882346, 0.0 ], [ 107.56166, -6.882029, 0.0 ], [ 107.561727, -6.881884, 0.0 ], [ 107.561776, -6.881694, 0.0 ], [ 107.561798, -6.881438, 0.0 ], [ 107.561974, -6.88148, 0.0 ], [ 107.562426, -6.881672, 0.0 ], [ 107.562483, -6.881658, 0.0 ], [ 107.562692, -6.88147, 0.0 ], [ 107.563932, -6.880078, 0.0 ], [ 107.564325, -6.87934, 0.0 ], [ 107.564514, -6.879119, 0.0 ], [ 107.564592, -6.879002, 0.0 ], [ 107.564645, -6.878822, 0.0 ], [ 107.564667, -6.878649, 0.0 ], [ 107.564648, -6.878606, 0.0 ], [ 107.564594, -6.878576, 0.0 ], [ 107.564548, -6.87858, 0.0 ], [ 107.564509, -6.878606, 0.0 ], [ 107.564427, -6.878911, 0.0 ], [ 107.564171, -6.87923, 0.0 ], [ 107.563782, -6.879961, 0.0 ], [ 107.562567, -6.881325, 0.0 ], [ 107.562417, -6.881461, 0.0 ], [ 107.562038, -6.881296, 0.0 ], [ 107.561823, -6.881243, 0.0 ], [ 107.561786, -6.881029, 0.0 ], [ 107.561753, -6.88065, 0.0 ], [ 107.561572, -6.880227, 0.0 ], [ 107.561533, -6.880087, 0.0 ], [ 107.561526, -6.879946, 0.0 ], [ 107.561499, -6.879813, 0.0 ], [ 107.561459, -6.879767, 0.0 ], [ 107.561414, -6.879755, 0.0 ], [ 107.561247, -6.879805, 0.0 ], [ 107.561245, -6.879625, 0.0 ], [ 107.561349, -6.879102, 0.0 ], [ 107.56137, -6.878915, 0.0 ], [ 107.561412, -6.878811, 0.0 ], [ 107.561581, -6.878511, 0.0 ], [ 107.561544, -6.878328, 0.0 ], [ 107.561484, -6.878191, 0.0 ], [ 107.56145, -6.877777, 0.0 ], [ 107.561342, -6.877577, 0.0 ], [ 107.561055, -6.877329, 0.0 ], [ 107.561024, -6.877265, 0.0 ], [ 107.560974, -6.877121, 0.0 ], [ 107.561043, -6.876895, 0.0 ], [ 107.560982, -6.876583, 0.0 ], [ 107.560938, -6.876544, 0.0 ], [ 107.560503, -6.876365, 0.0 ], [ 107.560459, -6.876322, 0.0 ], [ 107.560499, -6.87623, 0.0 ], [ 107.560629, -6.876051, 0.0 ], [ 107.560809, -6.875841, 0.0 ], [ 107.561031, -6.875374, 0.0 ], [ 107.561335, -6.874989, 0.0 ], [ 107.561483, -6.874847, 0.0 ], [ 107.56172, -6.874565, 0.0 ], [ 107.56177, -6.874484, 0.0 ], [ 107.561779, -6.874574, 0.0 ], [ 107.561817, -6.874689, 0.0 ], [ 107.56188, -6.874801, 0.0 ], [ 107.561945, -6.874879, 0.0 ], [ 107.562093, -6.874991, 0.0 ], [ 107.56258, -6.875245, 0.0 ], [ 107.562651, -6.875313, 0.0 ], [ 107.562743, -6.875509, 0.0 ], [ 107.562813, -6.875603, 0.0 ], [ 107.562962, -6.87572, 0.0 ], [ 107.563112, -6.87581, 0.0 ], [ 107.563244, -6.875847, 0.0 ], [ 107.56352, -6.875829, 0.0 ], [ 107.563705, -6.875862, 0.0 ], [ 107.564084, -6.875976, 0.0 ], [ 107.564489, -6.876121, 0.0 ], [ 107.564694, -6.876217, 0.0 ], [ 107.564951, -6.876384, 0.0 ], [ 107.565025, -6.876381, 0.0 ], [ 107.565133, -6.876328, 0.0 ], [ 107.565232, -6.876338, 0.0 ], [ 107.567152, -6.87686, 0.0 ], [ 107.567139, -6.876874, 0.0 ] ] ], [ [ [ 107.572086, -6.880156, 0.0 ], [ 107.572083, -6.880166, 0.0 ], [ 107.572086, -6.880129, 0.0 ], [ 107.572086, -6.880156, 0.0 ], [ 107.572086, -6.880156, 0.0 ] ] ], [ [ [ 107.571989, -6.880466, 0.0 ], [ 107.571996, -6.880455, 0.0 ], [ 107.571975, -6.880498, 0.0 ], [ 107.571989, -6.880466, 0.0 ] ] ], [ [ [ 107.571952, -6.880524, 0.0 ], [ 107.571971, -6.880506, 0.0 ], [ 107.57195, -6.880526, 0.0 ], [ 107.571952, -6.880524, 0.0 ] ] ], [ [ [ 107.571852, -6.880702, 0.0 ], [ 107.571928, -6.880546, 0.0 ], [ 107.571938, -6.880537, 0.0 ], [ 107.571836, -6.880753, 0.0 ], [ 107.571852, -6.880702, 0.0 ] ] ], [ [ [ 107.5697, -6.881606, 0.0 ], [ 107.569711, -6.881671, 0.0 ], [ 107.569756, -6.881756, 0.0 ], [ 107.570048, -6.88217, 0.0 ], [ 107.570178, -6.882317, 0.0 ], [ 107.570274, -6.882362, 0.0 ], [ 107.570462, -6.882395, 0.0 ], [ 107.570682, -6.882407, 0.0 ], [ 107.570928, -6.882393, 0.0 ], [ 107.571138, -6.882362, 0.0 ], [ 107.57126, -6.882325, 0.0 ], [ 107.571347, -6.882272, 0.0 ], [ 107.571444, -6.882179, 0.0 ], [ 107.571479, -6.882107, 0.0 ], [ 107.571534, -6.88264, 0.0 ], [ 107.5718, -6.88322, 0.0 ], [ 107.571791, -6.883328, 0.0 ], [ 107.571636, -6.884011, 0.0 ], [ 107.571604, -6.884061, 0.0 ], [ 107.571608, -6.884147, 0.0 ], [ 107.571585, -6.884259, 0.0 ], [ 107.57168, -6.884942, 0.0 ], [ 107.571701, -6.88499, 0.0 ], [ 107.571774, -6.885067, 0.0 ], [ 107.572193, -6.88522, 0.0 ], [ 107.572229, -6.885287, 0.0 ], [ 107.57224, -6.885448, 0.0 ], [ 107.572217, -6.885712, 0.0 ], [ 107.572168, -6.886002, 0.0 ], [ 107.572161, -6.886261, 0.0 ], [ 107.572175, -6.886311, 0.0 ], [ 107.57227, -6.886414, 0.0 ], [ 107.572372, -6.886464, 0.0 ], [ 107.572547, -6.886479, 0.0 ], [ 107.572607, -6.886506, 0.0 ], [ 107.572966, -6.886787, 0.0 ], [ 107.57329, -6.886897, 0.0 ], [ 107.573485, -6.887047, 0.0 ], [ 107.573554, -6.887169, 0.0 ], [ 107.573728, -6.88762, 0.0 ], [ 107.573814, -6.887753, 0.0 ], [ 107.574016, -6.887975, 0.0 ], [ 107.574231, -6.888248, 0.0 ], [ 107.574341, -6.888359, 0.0 ], [ 107.574587, -6.88845, 0.0 ], [ 107.574866, -6.889014, 0.0 ], [ 107.575045, -6.889486, 0.0 ], [ 107.57522, -6.889778, 0.0 ], [ 107.575602, -6.89007, 0.0 ], [ 107.575874, -6.890349, 0.0 ], [ 107.575964, -6.890503, 0.0 ], [ 107.576028, -6.890698, 0.0 ], [ 107.574853, -6.890443, 0.0 ], [ 107.572395, -6.889945, 0.0 ], [ 107.572396, -6.88996, 0.0 ], [ 107.574853, -6.890457, 0.0 ], [ 107.57606, -6.890719, 750.0 ], [ 107.576119, -6.890933, 750.0 ], [ 107.575532, -6.89086, 0.0 ], [ 107.574844, -6.890803, 0.0 ], [ 107.574121, -6.890696, 0.0 ], [ 107.573862, -6.890576, 0.0 ], [ 107.573747, -6.890488, 0.0 ], [ 107.573613, -6.890421, 0.0 ], [ 107.573298, -6.890309, 0.0 ], [ 107.573011, -6.890266, 0.0 ], [ 107.572962, -6.89027, 0.0 ], [ 107.572872, -6.890308, 0.0 ], [ 107.572834, -6.890302, 0.0 ], [ 107.572815, -6.890278, 0.0 ], [ 107.572508, -6.890207, 0.0 ], [ 107.572353, -6.890137, 0.0 ], [ 107.571618, -6.889908, 0.0 ], [ 107.566779, -6.888905, 0.0 ], [ 107.566747, -6.889075, 0.0 ], [ 107.566771, -6.889157, 0.0 ], [ 107.566806, -6.889204, 0.0 ], [ 107.566858, -6.889235, 0.0 ], [ 107.567349, -6.889333, 0.0 ], [ 107.569305, -6.889533, 0.0 ], [ 107.56993, -6.889649, 0.0 ], [ 107.57157, -6.889989, 0.0 ], [ 107.571845, -6.890069, 0.0 ], [ 107.572119, -6.890186, 0.0 ], [ 107.5724, -6.890278, 0.0 ], [ 107.572798, -6.890471, 0.0 ], [ 107.574464, -6.890916, 0.0 ], [ 107.574967, -6.890961, 0.0 ], [ 107.575438, -6.890967, 0.0 ], [ 107.575902, -6.890993, 0.0 ], [ 107.575974, -6.891005, 0.0 ], [ 107.576178, -6.891088, 750.0 ], [ 107.576166, -6.891162, 750.0 ], [ 107.576136, -6.891155, 0.0 ], [ 107.57593, -6.891611, 0.0 ], [ 107.575856, -6.892145, 0.0 ], [ 107.575731, -6.892217, 0.0 ], [ 107.575629, -6.892251, 0.0 ], [ 107.575529, -6.892237, 750.0 ], [ 107.575415, -6.892248, 750.0 ], [ 107.575144, -6.892406, 750.0 ], [ 107.575103, -6.89249, 750.0 ], [ 107.575117, -6.892618, 750.0 ], [ 107.575089, -6.89272, 750.0 ], [ 107.5749, -6.892997, 750.0 ], [ 107.574684, -6.893465, 750.0 ], [ 107.574501, -6.89374, 750.0 ], [ 107.574426, -6.893905, 750.0 ], [ 107.574369, -6.893904, 750.0 ], [ 107.574314, -6.893869, 750.0 ], [ 107.574211, -6.893847, 750.0 ], [ 107.574103, -6.893799, 750.0 ], [ 107.573874, -6.893759, 750.0 ], [ 107.573645, -6.893727, 750.0 ], [ 107.573475, -6.893726, 750.0 ], [ 107.572857, -6.893667, 750.0 ], [ 107.572677, -6.89363, 750.0 ], [ 107.57262, -6.893625, 750.0 ], [ 107.572548, -6.893646, 750.0 ], [ 107.572428, -6.893761, 750.0 ], [ 107.572382, -6.893782, 750.0 ], [ 107.571988, -6.893692, 750.0 ], [ 107.571946, -6.893666, 750.0 ], [ 107.571941, -6.893636, 750.0 ], [ 107.57198, -6.893272, 750.0 ], [ 107.571906, -6.893689, 750.0 ], [ 107.571787, -6.894086, 750.0 ], [ 107.571908, -6.894242, 750.0 ], [ 107.571737, -6.894225, 750.0 ], [ 107.571636, -6.894179, 750.0 ], [ 107.5716, -6.894127, 750.0 ], [ 107.571594, -6.894032, 750.0 ], [ 107.571569, -6.893955, 750.0 ], [ 107.571551, -6.894077, 750.0 ], [ 107.571573, -6.894141, 750.0 ], [ 107.571659, -6.894209, 750.0 ], [ 107.571932, -6.894286, 750.0 ], [ 107.572013, -6.894377, 750.0 ], [ 107.572213, -6.894528, 750.0 ], [ 107.572243, -6.894569, 750.0 ], [ 107.572206, -6.894681, 750.0 ], [ 107.572111, -6.89484, 750.0 ], [ 107.572035, -6.89515, 750.0 ], [ 107.572055, -6.895193, 750.0 ], [ 107.572107, -6.895236, 750.0 ], [ 107.572291, -6.8953, 750.0 ], [ 107.572298, -6.895344, 750.0 ], [ 107.57226, -6.895396, 750.0 ], [ 107.572152, -6.895383, 750.0 ], [ 107.57205, -6.895482, 750.0 ], [ 107.571814, -6.895388, 747.727273 ], [ 107.571645, -6.895296, 747.727273 ], [ 107.571337, -6.895064, 747.727273 ], [ 107.571079, -6.894778, 747.727273 ], [ 107.57088, -6.894448, 747.727273 ], [ 107.570749, -6.894086, 747.727273 ], [ 107.570462, -6.892968, 163.972222 ], [ 107.570414, -6.892719, 163.972222 ], [ 107.570303, -6.89184, 163.972222 ], [ 107.566106, -6.890979, 0.0 ], [ 107.566562, -6.890284, 0.0 ], [ 107.566594, -6.89019, 0.0 ], [ 107.566572, -6.890133, 0.0 ], [ 107.566287, -6.889998, 0.0 ], [ 107.566554, -6.889487, 0.0 ], [ 107.56696, -6.889561, 0.0 ], [ 107.566999, -6.889542, 0.0 ], [ 107.567078, -6.889363, 0.0 ], [ 107.56699, -6.889347, 0.0 ], [ 107.566941, -6.889478, 0.0 ], [ 107.566489, -6.88941, 0.0 ], [ 107.566191, -6.890017, 0.0 ], [ 107.566252, -6.890066, 0.0 ], [ 107.566483, -6.890193, 0.0 ], [ 107.566007, -6.890957, 0.0 ], [ 107.564839, -6.890724, 750.0 ], [ 107.564925, -6.890544, 750.0 ], [ 107.564816, -6.890719, 750.0 ], [ 107.563583, -6.890451, 163.972222 ], [ 107.562642, -6.890284, 163.972222 ], [ 107.562413, -6.890438, 163.972222 ], [ 107.561823, -6.890783, 750.0 ], [ 107.561893, -6.890719, 750.0 ], [ 107.561978, -6.890604, 750.0 ], [ 107.562006, -6.890484, 750.0 ], [ 107.562104, -6.890432, 750.0 ], [ 107.562131, -6.890398, 750.0 ], [ 107.562174, -6.890297, 750.0 ], [ 107.562185, -6.890182, 750.0 ], [ 107.562301, -6.889901, 750.0 ], [ 107.562406, -6.88969, 750.0 ], [ 107.562644, -6.889299, 750.0 ], [ 107.562725, -6.88904, 750.0 ], [ 107.562737, -6.888873, 750.0 ], [ 107.562727, -6.888721, 750.0 ], [ 107.562734, -6.888654, 750.0 ], [ 107.56284, -6.888447, 750.0 ], [ 107.562861, -6.888467, 750.0 ], [ 107.562732, -6.888696, 750.0 ], [ 107.562737, -6.888784, 0.0 ], [ 107.562781, -6.888901, 0.0 ], [ 107.562776, -6.888978, 750.0 ], [ 107.562749, -6.889088, 750.0 ], [ 107.562621, -6.889424, 0.0 ], [ 107.562631, -6.889452, 750.0 ], [ 107.562646, -6.889448, 0.0 ], [ 107.562733, -6.88922, 750.0 ], [ 107.562799, -6.888993, 0.0 ], [ 107.562804, -6.888879, 750.0 ], [ 107.562755, -6.888751, 750.0 ], [ 107.562836, -6.888589, 0.0 ], [ 107.563003, -6.888381, 0.0 ], [ 107.563056, -6.88828, 0.0 ], [ 107.563638, -6.888361, 0.0 ], [ 107.564088, -6.888444, 0.0 ], [ 107.564061, -6.888422, 0.0 ], [ 107.563917, -6.888374, 0.0 ], [ 107.563558, -6.888348, 0.0 ], [ 107.563002, -6.888254, 750.0 ], [ 107.563086, -6.888092, 750.0 ], [ 107.563323, -6.888119, 0.0 ], [ 107.563217, -6.888104, 0.0 ], [ 107.563317, -6.887956, 0.0 ], [ 107.56337, -6.88783, 0.0 ], [ 107.563374, -6.887591, 0.0 ], [ 107.56342, -6.887159, 0.0 ], [ 107.563406, -6.887055, 0.0 ], [ 107.563363, -6.886995, 0.0 ], [ 107.563148, -6.886915, 0.0 ], [ 107.563842, -6.885427, 0.0 ], [ 107.564014, -6.885182, 0.0 ], [ 107.564104, -6.885013, 0.0 ], [ 107.564188, -6.884545, 0.0 ], [ 107.564211, -6.884126, 0.0 ], [ 107.564327, -6.883708, 0.0 ], [ 107.564372, -6.883652, 0.0 ], [ 107.564438, -6.883678, 0.0 ], [ 107.564567, -6.883656, 0.0 ], [ 107.564655, -6.88357, 0.0 ], [ 107.564689, -6.883435, 0.0 ], [ 107.564711, -6.883102, 0.0 ], [ 107.564809, -6.88297, 0.0 ], [ 107.564857, -6.882943, 0.0 ], [ 107.565013, -6.882957, 0.0 ], [ 107.565198, -6.88286, 0.0 ], [ 107.565239, -6.882815, 0.0 ], [ 107.565413, -6.882396, 0.0 ], [ 107.565486, -6.881686, 0.0 ], [ 107.565715, -6.881963, 0.0 ], [ 107.567692, -6.881745, 0.0 ], [ 107.569915, -6.881028, 0.0 ], [ 107.569723, -6.881474, 0.0 ], [ 107.5697, -6.881606, 0.0 ] ] ], [ [ [ 107.561572, -6.89087, 750.0 ], [ 107.561571, -6.890828, 750.0 ], [ 107.561592, -6.890817, 750.0 ], [ 107.561709, -6.890833, 750.0 ], [ 107.561577, -6.890882, 750.0 ], [ 107.561572, -6.89087, 750.0 ] ] ], [ [ [ 107.564703, -6.882808, 0.0 ], [ 107.564543, -6.883012, 0.0 ], [ 107.564522, -6.883203, 0.0 ], [ 107.564501, -6.882902, 0.0 ], [ 107.564541, -6.882822, 0.0 ], [ 107.564594, -6.882783, 0.0 ], [ 107.564764, -6.882774, 0.0 ], [ 107.564703, -6.882808, 0.0 ] ] ], [ [ [ 107.564485, -6.883469, 0.0 ], [ 107.564493, -6.883465, 0.0 ], [ 107.564462, -6.883479, 0.0 ], [ 107.564485, -6.883469, 0.0 ] ] ], [ [ [ 107.571801, -6.884473, 0.0 ], [ 107.571801, -6.884476, 0.0 ], [ 107.571795, -6.884443, 0.0 ], [ 107.571801, -6.884459, 0.0 ], [ 107.571801, -6.884473, 0.0 ] ] ], [ [ [ 107.573411, -6.886747, 0.0 ], [ 107.573488, -6.886783, 0.0 ], [ 107.573541, -6.886848, 0.0 ], [ 107.573411, -6.886747, 0.0 ] ] ], [ [ [ 107.563164, -6.887858, 0.0 ], [ 107.563011, -6.888085, 160.1188 ], [ 107.563077, -6.888091, 750.0 ], [ 107.562989, -6.888254, 750.0 ], [ 107.562969, -6.888284, 0.0 ], [ 107.562945, -6.888279, 0.0 ], [ 107.562884, -6.888373, 0.0 ], [ 107.562851, -6.888393, 0.0 ], [ 107.562831, -6.888394, 750.0 ], [ 107.56274, -6.888337, 750.0 ], [ 107.562547, -6.888293, 750.0 ], [ 107.56239, -6.888301, 750.0 ], [ 107.56233, -6.888277, 750.0 ], [ 107.562311, -6.888232, 750.0 ], [ 107.562314, -6.888124, 750.0 ], [ 107.562372, -6.887912, 750.0 ], [ 107.562431, -6.887761, 750.0 ], [ 107.562478, -6.887722, 750.0 ], [ 107.562536, -6.887698, 750.0 ], [ 107.562783, -6.887683, 750.0 ], [ 107.562881, -6.887637, 750.0 ], [ 107.56301, -6.887615, 750.0 ], [ 107.563192, -6.887652, 750.0 ], [ 107.56319, -6.887797, 0.0 ], [ 107.563164, -6.887858, 0.0 ] ] ], [ [ [ 107.576458, -6.890621, 0.0 ], [ 107.576461, -6.890608, 0.0 ], [ 107.576458, -6.890621, 0.0 ], [ 107.576458, -6.890621, 0.0 ] ] ], [ [ [ 107.576646, -6.890744, 0.0 ], [ 107.57654, -6.890722, 0.0 ], [ 107.576541, -6.890717, 0.0 ], [ 107.576648, -6.890741, 0.0 ], [ 107.576646, -6.890744, 0.0 ] ] ], [ [ [ 107.576259, -6.890759, 0.0 ], [ 107.576956, -6.890888, 0.0 ], [ 107.577946, -6.891097, 0.0 ], [ 107.578063, -6.891131, 0.0 ], [ 107.578056, -6.891172, 163.972222 ], [ 107.578041, -6.891227, 0.0 ], [ 107.576958, -6.891011, 0.0 ], [ 107.576207, -6.89094, 750.0 ], [ 107.576162, -6.89074, 750.0 ], [ 107.576259, -6.890759, 0.0 ] ] ], [ [ [ 107.576141, -6.894751, 750.0 ], [ 107.576132, -6.89417, 750.0 ], [ 107.576058, -6.894054, 750.0 ], [ 107.575796, -6.893786, 750.0 ], [ 107.575747, -6.893676, 750.0 ], [ 107.575758, -6.893587, 750.0 ], [ 107.575857, -6.893225, 750.0 ], [ 107.575856, -6.892975, 750.0 ], [ 107.57582, -6.892652, 750.0 ], [ 107.575801, -6.892709, 750.0 ], [ 107.575833, -6.892879, 750.0 ], [ 107.575777, -6.892942, 750.0 ], [ 107.57576, -6.893178, 750.0 ], [ 107.575653, -6.893238, 750.0 ], [ 107.575566, -6.893432, 750.0 ], [ 107.575505, -6.893512, 750.0 ], [ 107.575448, -6.893532, 750.0 ], [ 107.575356, -6.89351, 750.0 ], [ 107.57513, -6.893429, 750.0 ], [ 107.575046, -6.893378, 750.0 ], [ 107.575199, -6.892954, 750.0 ], [ 107.575237, -6.892949, 750.0 ], [ 107.57527, -6.892817, 750.0 ], [ 107.57536, -6.892756, 750.0 ], [ 107.575396, -6.892601, 750.0 ], [ 107.57545, -6.892484, 750.0 ], [ 107.575424, -6.892448, 750.0 ], [ 107.575458, -6.892417, 0.0 ], [ 107.575658, -6.892385, 0.0 ], [ 107.575856, -6.892314, 750.0 ], [ 107.575942, -6.892256, 0.0 ], [ 107.575976, -6.892212, 0.0 ], [ 107.576009, -6.892078, 0.0 ], [ 107.57605, -6.891692, 0.0 ], [ 107.576265, -6.891192, 0.0 ], [ 107.576224, -6.891175, 750.0 ], [ 107.576241, -6.891118, 750.0 ], [ 107.57632, -6.891135, 0.0 ], [ 107.576434, -6.891126, 0.0 ], [ 107.576477, -6.891069, 0.0 ], [ 107.576507, -6.890983, 0.0 ], [ 107.576563, -6.890987, 0.0 ], [ 107.57657, -6.891041, 0.0 ], [ 107.576603, -6.891096, 0.0 ], [ 107.576653, -6.891105, 0.0 ], [ 107.576954, -6.891082, 0.0 ], [ 107.577175, -6.891102, 0.0 ], [ 107.578022, -6.891299, 0.0 ], [ 107.577952, -6.891499, 163.972222 ], [ 107.57795, -6.891988, 163.972222 ], [ 107.577895, -6.892383, 163.972222 ], [ 107.577763, -6.892759, 163.972222 ], [ 107.577669, -6.892935, 163.972222 ], [ 107.577431, -6.893255, 747.727273 ], [ 107.577191, -6.893504, 747.727273 ], [ 107.576607, -6.893936, 747.727273 ], [ 107.576479, -6.894293, 747.727273 ], [ 107.576377, -6.894491, 747.727273 ], [ 107.576144, -6.894823, 750.0 ], [ 107.576141, -6.894751, 750.0 ] ] ], [ [ [ 107.5758, -6.892228, 750.0 ], [ 107.575791, -6.892233, 750.0 ], [ 107.575781, -6.892236, 750.0 ], [ 107.5758, -6.892228, 750.0 ] ] ], [ [ [ 107.574994, -6.893355, 750.0 ], [ 107.574964, -6.89336, 750.0 ], [ 107.575101, -6.892979, 0.0 ], [ 107.575109, -6.892959, 750.0 ], [ 107.57515, -6.892953, 750.0 ], [ 107.575013, -6.893359, 750.0 ], [ 107.574994, -6.893355, 750.0 ] ] ], [ [ [ 107.574902, -6.893337, 750.0 ], [ 107.574928, -6.89324, 750.0 ], [ 107.575036, -6.893001, 750.0 ], [ 107.574912, -6.893351, 750.0 ], [ 107.574902, -6.893337, 750.0 ] ] ] ] } },
{ "type": "Feature", "properties": { "Zona": "Zona B5", "Zona_1": "Zona B5" }, "geometry": { "type": "MultiPolygon", "coordinates": [ [ [ [ 107.568816, -6.878999, 0.0 ], [ 107.568758, -6.879111, 0.0 ], [ 107.568746, -6.879231, 0.0 ], [ 107.56868, -6.879528, 0.0 ], [ 107.568587, -6.879746, 0.0 ], [ 107.568611, -6.879814, 0.0 ], [ 107.568691, -6.879853, 0.0 ], [ 107.568759, -6.879913, 0.0 ], [ 107.568279, -6.88013, 0.0 ], [ 107.567622, -6.880244, 0.0 ], [ 107.56734, -6.880198, 0.0 ], [ 107.566837, -6.880411, 0.0 ], [ 107.56646, -6.880445, 0.0 ], [ 107.566355, -6.880415, 0.0 ], [ 107.565992, -6.880263, 0.0 ], [ 107.56579, -6.880308, 0.0 ], [ 107.565678, -6.880398, 0.0 ], [ 107.565651, -6.880437, 0.0 ], [ 107.56561, -6.88056, 0.0 ], [ 107.565496, -6.88121, 0.0 ], [ 107.565356, -6.881528, 0.0 ], [ 107.564901, -6.880962, 0.0 ], [ 107.564945, -6.879643, 0.0 ], [ 107.565462, -6.878482, 0.0 ], [ 107.567164, -6.876862, 0.0 ], [ 107.568156, -6.877147, 0.0 ], [ 107.56863, -6.877255, 0.0 ], [ 107.568715, -6.877309, 0.0 ], [ 107.56874, -6.877395, 0.0 ], [ 107.568725, -6.877608, 0.0 ], [ 107.568549, -6.87842, 0.0 ], [ 107.568524, -6.878612, 0.0 ], [ 107.568548, -6.878691, 0.0 ], [ 107.568616, -6.878742, 0.0 ], [ 107.569039, -6.878885, 0.0 ], [ 107.56893, -6.878908, 0.0 ], [ 107.568816, -6.878999, 0.0 ] ] ], [ [ [ 107.551713, -6.8725, 0.0 ], [ 107.55187, -6.87247, 0.0 ], [ 107.551915, -6.872436, 0.0 ], [ 107.551993, -6.872168, 0.0 ], [ 107.552128, -6.871878, 0.0 ], [ 107.552125, -6.87182, 0.0 ], [ 107.55206, -6.871664, 0.0 ], [ 107.55208, -6.871468, 0.0 ], [ 107.552113, -6.871405, 0.0 ], [ 107.552219, -6.871423, 0.0 ], [ 107.552794, -6.871717, 0.0 ], [ 107.552846, -6.871718, 0.0 ], [ 107.552954, -6.871672, 0.0 ], [ 107.55307, -6.87156, 0.0 ], [ 107.553145, -6.871382, 0.0 ], [ 107.553164, -6.871174, 0.0 ], [ 107.553121, -6.870914, 0.0 ], [ 107.553149, -6.870795, 0.0 ], [ 107.55324, -6.870678, 0.0 ], [ 107.553288, -6.870654, 0.0 ], [ 107.554016, -6.870683, 0.0 ], [ 107.554284, -6.87055, 0.0 ], [ 107.554385, -6.870445, 0.0 ], [ 107.554438, -6.870292, 0.0 ], [ 107.554615, -6.870172, 0.0 ], [ 107.554907, -6.86988, 0.0 ], [ 107.555723, -6.869314, 0.0 ], [ 107.556066, -6.869203, 0.0 ], [ 107.55625, -6.869098, 0.0 ], [ 107.556304, -6.868939, 0.0 ], [ 107.556196, -6.868675, 0.0 ], [ 107.556131, -6.868327, 0.0 ], [ 107.556121, -6.868067, 0.0 ], [ 107.556159, -6.867998, 0.0 ], [ 107.556265, -6.867942, 0.0 ], [ 107.556534, -6.868165, 0.0 ], [ 107.556823, -6.868361, 0.0 ], [ 107.557092, -6.868501, 0.0 ], [ 107.557184, -6.868509, 0.0 ], [ 107.557335, -6.868444, 0.0 ], [ 107.557813, -6.868008, 0.0 ], [ 107.557891, -6.867857, 0.0 ], [ 107.557905, -6.867667, 0.0 ], [ 107.557818, -6.867559, 0.0 ], [ 107.557646, -6.867421, 0.0 ], [ 107.557556, -6.866981, 0.0 ], [ 107.557604, -6.866789, 0.0 ], [ 107.557683, -6.866621, 0.0 ], [ 107.557746, -6.866543, 0.0 ], [ 107.55786, -6.866555, 0.0 ], [ 107.558015, -6.866687, 0.0 ], [ 107.558066, -6.866708, 0.0 ], [ 107.558295, -6.86669, 0.0 ], [ 107.558409, -6.86661, 0.0 ], [ 107.558495, -6.866426, 0.0 ], [ 107.558534, -6.866246, 0.0 ], [ 107.558473, -6.865961, 0.0 ], [ 107.558494, -6.865795, 0.0 ], [ 107.558536, -6.865694, 0.0 ], [ 107.558636, -6.865591, 0.0 ], [ 107.558767, -6.865546, 0.0 ], [ 107.559043, -6.865398, 0.0 ], [ 107.558964, -6.865544, 0.0 ], [ 107.558904, -6.865799, 0.0 ], [ 107.558948, -6.865948, 0.0 ], [ 107.559013, -6.86642, 0.0 ], [ 107.558994, -6.866776, 0.0 ], [ 107.558973, -6.866787, 0.0 ], [ 107.558376, -6.866786, 0.0 ], [ 107.558329, -6.866807, 0.0 ], [ 107.558235, -6.866891, 0.0 ], [ 107.558179, -6.867027, 0.0 ], [ 107.558115, -6.86745, 0.0 ], [ 107.558092, -6.867898, 0.0 ], [ 107.55792, -6.868272, 0.0 ], [ 107.557783, -6.868428, 0.0 ], [ 107.557654, -6.868498, 0.0 ], [ 107.556895, -6.868634, 0.0 ], [ 107.55667, -6.868774, 0.0 ], [ 107.556586, -6.868869, 0.0 ], [ 107.55653, -6.869054, 0.0 ], [ 107.556457, -6.869563, 0.0 ], [ 107.556392, -6.869645, 0.0 ], [ 107.556026, -6.869849, 0.0 ], [ 107.555751, -6.870072, 0.0 ], [ 107.555675, -6.870248, 0.0 ], [ 107.555588, -6.870607, 0.0 ], [ 107.555415, -6.871007, 0.0 ], [ 107.555287, -6.871257, 0.0 ], [ 107.55528, -6.871324, 0.0 ], [ 107.555108, -6.871415, 0.0 ], [ 107.554868, -6.8717, 0.0 ], [ 107.554426, -6.872383, 0.0 ], [ 107.554427, -6.87243, 0.0 ], [ 107.554464, -6.87248, 0.0 ], [ 107.554524, -6.872495, 0.0 ], [ 107.554579, -6.872468, 0.0 ], [ 107.55501, -6.871811, 0.0 ], [ 107.555226, -6.871554, 0.0 ], [ 107.555335, -6.871499, 0.0 ], [ 107.555494, -6.871871, 0.0 ], [ 107.555885, -6.872327, 0.0 ], [ 107.555909, -6.872447, 0.0 ], [ 107.555911, -6.872587, 0.0 ], [ 107.555958, -6.872651, 0.0 ], [ 107.555845, -6.872733, 0.0 ], [ 107.553224, -6.873168, 0.0 ], [ 107.551635, -6.872869, 0.0 ], [ 107.551482, -6.872768, 0.0 ], [ 107.551713, -6.8725, 0.0 ] ] ], [ [ [ 107.54466, -6.867695, 0.0 ], [ 107.544659, -6.867471, 0.0 ], [ 107.544691, -6.867325, 0.0 ], [ 107.544783, -6.867199, 0.0 ], [ 107.545121, -6.867, 0.0 ], [ 107.545217, -6.866854, 0.0 ], [ 107.545234, -6.866728, 0.0 ], [ 107.545195, -6.866509, 0.0 ], [ 107.545083, -6.866412, 0.0 ], [ 107.544934, -6.866411, 0.0 ], [ 107.544759, -6.866486, 0.0 ], [ 107.544638, -6.866518, 0.0 ], [ 107.54438, -6.866649, 0.0 ], [ 107.544306, -6.866632, 0.0 ], [ 107.543879, -6.866342, 0.0 ], [ 107.543903, -6.866284, 0.0 ], [ 107.543988, -6.86634, 0.0 ], [ 107.54415, -6.866395, 0.0 ], [ 107.544194, -6.866398, 0.0 ], [ 107.544234, -6.86638, 0.0 ], [ 107.544313, -6.866286, 0.0 ], [ 107.544374, -6.866116, 0.0 ], [ 107.544415, -6.865932, 0.0 ], [ 107.544604, -6.865757, 0.0 ], [ 107.544949, -6.865378, 0.0 ], [ 107.545013, -6.865356, 0.0 ], [ 107.545262, -6.865354, 0.0 ], [ 107.545304, -6.865334, 0.0 ], [ 107.545331, -6.865297, 0.0 ], [ 107.545315, -6.865127, 0.0 ], [ 107.545293, -6.865081, 0.0 ], [ 107.545195, -6.865003, 0.0 ], [ 107.544875, -6.864843, 0.0 ], [ 107.54484, -6.864644, 0.0 ], [ 107.54481, -6.864615, 0.0 ], [ 107.544693, -6.864565, 0.0 ], [ 107.544789, -6.864366, 0.0 ], [ 107.544865, -6.86428, 0.0 ], [ 107.545353, -6.863938, 0.0 ], [ 107.545455, -6.863901, 0.0 ], [ 107.54568, -6.863868, 0.0 ], [ 107.545861, -6.863888, 0.0 ], [ 107.545909, -6.863936, 0.0 ], [ 107.546168, -6.864408, 0.0 ], [ 107.546488, -6.864783, 0.0 ], [ 107.546524, -6.864906, 0.0 ], [ 107.546605, -6.865, 0.0 ], [ 107.546935, -6.86528, 0.0 ], [ 107.547215, -6.865345, 0.0 ], [ 107.547278, -6.865409, 0.0 ], [ 107.547492, -6.86573, 0.0 ], [ 107.548015, -6.866256, 0.0 ], [ 107.548434, -6.866595, 0.0 ], [ 107.549099, -6.867065, 0.0 ], [ 107.549328, -6.867248, 0.0 ], [ 107.54937, -6.867266, 0.0 ], [ 107.549524, -6.867267, 0.0 ], [ 107.549881, -6.867234, 0.0 ], [ 107.549927, -6.867205, 0.0 ], [ 107.550103, -6.867, 0.0 ], [ 107.550169, -6.866973, 0.0 ], [ 107.55032, -6.867015, 0.0 ], [ 107.551384, -6.867561, 0.0 ], [ 107.551843, -6.867724, 0.0 ], [ 107.551902, -6.867725, 0.0 ], [ 107.55194, -6.8677, 0.0 ], [ 107.552033, -6.867515, 0.0 ], [ 107.552179, -6.867598, 0.0 ], [ 107.552486, -6.867866, 0.0 ], [ 107.552456, -6.867942, 0.0 ], [ 107.552501, -6.868028, 0.0 ], [ 107.552704, -6.868158, 0.0 ], [ 107.552988, -6.868463, 0.0 ], [ 107.553291, -6.868665, 0.0 ], [ 107.553308, -6.868684, 0.0 ], [ 107.55331, -6.868843, 0.0 ], [ 107.553347, -6.868979, 0.0 ], [ 107.553449, -6.869175, 0.0 ], [ 107.553628, -6.869363, 0.0 ], [ 107.553868, -6.869514, 0.0 ], [ 107.553816, -6.869581, 0.0 ], [ 107.553542, -6.869777, 0.0 ], [ 107.553404, -6.869423, 0.0 ], [ 107.553279, -6.869269, 0.0 ], [ 107.553231, -6.869239, 0.0 ], [ 107.553129, -6.869254, 0.0 ], [ 107.55301, -6.869302, 0.0 ], [ 107.552738, -6.869176, 0.0 ], [ 107.552592, -6.869185, 0.0 ], [ 107.552253, -6.869578, 0.0 ], [ 107.55157, -6.869138, 0.0 ], [ 107.551487, -6.869128, 0.0 ], [ 107.551433, -6.869144, 0.0 ], [ 107.551207, -6.86943, 0.0 ], [ 107.550935, -6.869737, 0.0 ], [ 107.550875, -6.869935, 0.0 ], [ 107.550361, -6.870719, 0.0 ], [ 107.550203, -6.871225, 0.0 ], [ 107.550221, -6.871453, 0.0 ], [ 107.550196, -6.871689, 0.0 ], [ 107.549576, -6.870293, 0.0 ], [ 107.548547, -6.868317, 0.0 ], [ 107.547947, -6.867717, 0.0 ], [ 107.547002, -6.867718, 0.0 ], [ 107.544638, -6.867831, 0.0 ], [ 107.54466, -6.867695, 0.0 ] ] ], [ [ [ 107.562386, -6.862303, 0.0 ], [ 107.562541, -6.862418, 0.0 ], [ 107.563049, -6.862708, 0.0 ], [ 107.563189, -6.862832, 0.0 ], [ 107.56329, -6.863001, 0.0 ], [ 107.563314, -6.863106, 0.0 ], [ 107.563314, -6.863227, 0.0 ], [ 107.563241, -6.863511, 0.0 ], [ 107.563102, -6.863824, 0.0 ], [ 107.56282, -6.864378, 0.0 ], [ 107.562781, -6.864475, 0.0 ], [ 107.562756, -6.864616, 0.0 ], [ 107.562765, -6.864667, 0.0 ], [ 107.562819, -6.86475, 0.0 ], [ 107.563471, -6.865351, 0.0 ], [ 107.562727, -6.866402, 0.0 ], [ 107.561607, -6.868511, 0.0 ], [ 107.55609, -6.872554, 0.0 ], [ 107.556088, -6.872421, 0.0 ], [ 107.556046, -6.87224, 0.0 ], [ 107.555651, -6.871778, 0.0 ], [ 107.555524, -6.871467, 0.0 ], [ 107.555459, -6.871351, 0.0 ], [ 107.555462, -6.871312, 0.0 ], [ 107.55558, -6.871082, 0.0 ], [ 107.555757, -6.870672, 0.0 ], [ 107.555849, -6.870298, 0.0 ], [ 107.555901, -6.870178, 0.0 ], [ 107.556122, -6.870002, 0.0 ], [ 107.55651, -6.869784, 0.0 ], [ 107.556614, -6.869656, 0.0 ], [ 107.556633, -6.869612, 0.0 ], [ 107.556708, -6.869084, 0.0 ], [ 107.556737, -6.868971, 0.0 ], [ 107.556788, -6.868912, 0.0 ], [ 107.556964, -6.868803, 0.0 ], [ 107.557716, -6.868669, 0.0 ], [ 107.557897, -6.86857, 0.0 ], [ 107.558065, -6.868382, 0.0 ], [ 107.55827, -6.867936, 0.0 ], [ 107.558294, -6.867473, 0.0 ], [ 107.558356, -6.867065, 0.0 ], [ 107.55838, -6.867003, 0.0 ], [ 107.558421, -6.866967, 0.0 ], [ 107.559012, -6.866966, 0.0 ], [ 107.559158, -6.866879, 0.0 ], [ 107.559171, -6.866836, 0.0 ], [ 107.559195, -6.866415, 0.0 ], [ 107.559126, -6.865912, 0.0 ], [ 107.559088, -6.865802, 0.0 ], [ 107.559134, -6.865607, 0.0 ], [ 107.559495, -6.864992, 0.0 ], [ 107.559597, -6.864636, 0.0 ], [ 107.559681, -6.864574, 0.0 ], [ 107.559788, -6.864545, 0.0 ], [ 107.560341, -6.864639, 0.0 ], [ 107.560724, -6.864609, 0.0 ], [ 107.560904, -6.864552, 0.0 ], [ 107.561003, -6.864456, 0.0 ], [ 107.561076, -6.864238, 0.0 ], [ 107.561119, -6.863918, 0.0 ], [ 107.561359, -6.863517, 0.0 ], [ 107.561586, -6.863217, 0.0 ], [ 107.561604, -6.863161, 0.0 ], [ 107.561599, -6.862981, 0.0 ], [ 107.561528, -6.862801, 0.0 ], [ 107.561392, -6.862685, 0.0 ], [ 107.561101, -6.862587, 0.0 ], [ 107.56101, -6.862503, 0.0 ], [ 107.560937, -6.862368, 0.0 ], [ 107.560908, -6.862203, 0.0 ], [ 107.560931, -6.86204, 0.0 ], [ 107.561065, -6.861805, 0.0 ], [ 107.561124, -6.861769, 0.0 ], [ 107.561198, -6.861755, 0.0 ], [ 107.561435, -6.86178, 0.0 ], [ 107.561718, -6.861745, 0.0 ], [ 107.561861, -6.861758, 0.0 ], [ 107.562118, -6.862041, 0.0 ], [ 107.562386, -6.862303, 0.0 ] ] ], [ [ [ 107.56106, -6.861599, 0.0 ], [ 107.560928, -6.861682, 0.0 ], [ 107.56076, -6.861976, 0.0 ], [ 107.560726, -6.862205, 0.0 ], [ 107.560762, -6.862414, 0.0 ], [ 107.560866, -6.862613, 0.0 ], [ 107.561, -6.86274, 0.0 ], [ 107.561308, -6.862847, 0.0 ], [ 107.561381, -6.862911, 0.0 ], [ 107.56142, -6.863015, 0.0 ], [ 107.561423, -6.863133, 0.0 ], [ 107.561206, -6.86342, 0.0 ], [ 107.560949, -6.863852, 0.0 ], [ 107.560885, -6.86424, 0.0 ], [ 107.560588, -6.864369, 0.0 ], [ 107.560471, -6.864385, 0.0 ], [ 107.560345, -6.864365, 0.0 ], [ 107.560091, -6.864265, 0.0 ], [ 107.559791, -6.864189, 0.0 ], [ 107.559504, -6.864184, 0.0 ], [ 107.559358, -6.864243, 0.0 ], [ 107.559247, -6.864352, 0.0 ], [ 107.559111, -6.864635, 0.0 ], [ 107.559058, -6.864837, 0.0 ], [ 107.559064, -6.865073, 0.0 ], [ 107.559011, -6.865195, 0.0 ], [ 107.558924, -6.865261, 0.0 ], [ 107.55869, -6.865382, 0.0 ], [ 107.558532, -6.86544, 0.0 ], [ 107.558375, -6.865609, 0.0 ], [ 107.558319, -6.865748, 0.0 ], [ 107.55829, -6.865965, 0.0 ], [ 107.558353, -6.866229, 0.0 ], [ 107.558323, -6.866368, 0.0 ], [ 107.558269, -6.866492, 0.0 ], [ 107.55824, -6.866514, 0.0 ], [ 107.558103, -6.866525, 0.0 ], [ 107.557936, -6.866389, 0.0 ], [ 107.557792, -6.866355, 0.0 ], [ 107.557669, -6.866374, 0.0 ], [ 107.557627, -6.866402, 0.0 ], [ 107.557528, -6.866529, 0.0 ], [ 107.557436, -6.866719, 0.0 ], [ 107.557373, -6.866984, 0.0 ], [ 107.557475, -6.867489, 0.0 ], [ 107.557507, -6.867541, 0.0 ], [ 107.557723, -6.867721, 0.0 ], [ 107.557715, -6.867809, 0.0 ], [ 107.557678, -6.867887, 0.0 ], [ 107.557223, -6.868302, 0.0 ], [ 107.55717, -6.868328, 0.0 ], [ 107.55692, -6.868209, 0.0 ], [ 107.55664, -6.868019, 0.0 ], [ 107.556442, -6.867844, 0.0 ], [ 107.556334, -6.867773, 0.0 ], [ 107.556208, -6.86776, 0.0 ], [ 107.556043, -6.867858, 0.0 ], [ 107.555942, -6.868024, 0.0 ], [ 107.55595, -6.86834, 0.0 ], [ 107.55602, -6.868717, 0.0 ], [ 107.556117, -6.868947, 0.0 ], [ 107.556109, -6.868974, 0.0 ], [ 107.555998, -6.869035, 0.0 ], [ 107.555633, -6.869156, 0.0 ], [ 107.554797, -6.869737, 0.0 ], [ 107.554491, -6.87004, 0.0 ], [ 107.554307, -6.87016, 0.0 ], [ 107.554247, -6.870271, 0.0 ], [ 107.554226, -6.870352, 0.0 ], [ 107.554186, -6.870397, 0.0 ], [ 107.553982, -6.870503, 0.0 ], [ 107.55326, -6.870473, 0.0 ], [ 107.55313, -6.870532, 0.0 ], [ 107.552978, -6.870735, 0.0 ], [ 107.552939, -6.87091, 0.0 ], [ 107.552982, -6.87118, 0.0 ], [ 107.552969, -6.871334, 0.0 ], [ 107.552916, -6.871462, 0.0 ], [ 107.552858, -6.871518, 0.0 ], [ 107.552826, -6.871531, 0.0 ], [ 107.552279, -6.871252, 0.0 ], [ 107.552104, -6.87122, 0.0 ], [ 107.551995, -6.871262, 0.0 ], [ 107.551904, -6.871421, 0.0 ], [ 107.551878, -6.871668, 0.0 ], [ 107.551942, -6.871851, 0.0 ], [ 107.551822, -6.872106, 0.0 ], [ 107.551764, -6.872307, 0.0 ], [ 107.551609, -6.872344, 0.0 ], [ 107.551372, -6.872624, 0.0 ], [ 107.551314, -6.87267, 0.0 ], [ 107.551314, -6.872656, 0.0 ], [ 107.55039, -6.87204, 0.0 ], [ 107.550364, -6.871763, 0.0 ], [ 107.550389, -6.871659, 0.0 ], [ 107.550402, -6.871457, 0.0 ], [ 107.550384, -6.871246, 0.0 ], [ 107.550523, -6.870801, 0.0 ], [ 107.551039, -6.870014, 0.0 ], [ 107.551092, -6.869831, 0.0 ], [ 107.55135, -6.869541, 0.0 ], [ 107.55152, -6.86932, 0.0 ], [ 107.552068, -6.869676, 0.0 ], [ 107.552263, -6.869785, 0.0 ], [ 107.552339, -6.869754, 0.0 ], [ 107.552671, -6.869356, 0.0 ], [ 107.552698, -6.869354, 0.0 ], [ 107.552996, -6.86949, 0.0 ], [ 107.553176, -6.869429, 0.0 ], [ 107.553247, -6.869515, 0.0 ], [ 107.553406, -6.869912, 0.0 ], [ 107.553479, -6.869971, 0.0 ], [ 107.553531, -6.869987, 0.0 ], [ 107.553583, -6.86997, 0.0 ], [ 107.553942, -6.869712, 0.0 ], [ 107.554129, -6.869471, 0.0 ], [ 107.554401, -6.869348, 0.0 ], [ 107.554536, -6.869254, 0.0 ], [ 107.554646, -6.869004, 0.0 ], [ 107.555086, -6.868669, 0.0 ], [ 107.555215, -6.868503, 0.0 ], [ 107.555263, -6.86826, 0.0 ], [ 107.555315, -6.867809, 0.0 ], [ 107.556236, -6.866395, 0.0 ], [ 107.556353, -6.866174, 0.0 ], [ 107.556552, -6.865903, 0.0 ], [ 107.556881, -6.865506, 0.0 ], [ 107.557053, -6.865167, 0.0 ], [ 107.557269, -6.865195, 0.0 ], [ 107.557307, -6.865179, 0.0 ], [ 107.557411, -6.865078, 0.0 ], [ 107.557434, -6.865038, 0.0 ], [ 107.557554, -6.864614, 0.0 ], [ 107.557687, -6.864565, 0.0 ], [ 107.557843, -6.864538, 0.0 ], [ 107.558146, -6.864358, 0.0 ], [ 107.558562, -6.864275, 0.0 ], [ 107.558858, -6.864101, 0.0 ], [ 107.55971, -6.863702, 0.0 ], [ 107.560037, -6.863566, 0.0 ], [ 107.560205, -6.863464, 0.0 ], [ 107.560369, -6.863269, 0.0 ], [ 107.560666, -6.862751, 0.0 ], [ 107.56064, -6.862437, 0.0 ], [ 107.560608, -6.862329, 0.0 ], [ 107.560617, -6.862174, 0.0 ], [ 107.560769, -6.861853, 0.0 ], [ 107.560767, -6.861533, 0.0 ], [ 107.560792, -6.861504, 0.0 ], [ 107.561254, -6.861395, 0.0 ], [ 107.561394, -6.86127, 0.0 ], [ 107.561494, -6.861095, 0.0 ], [ 107.561563, -6.86131, 0.0 ], [ 107.561711, -6.861564, 0.0 ], [ 107.561516, -6.861594, 0.0 ], [ 107.561193, -6.861573, 0.0 ], [ 107.56106, -6.861599, 0.0 ] ] ], [ [ [ 107.55975, -6.864368, 0.0 ], [ 107.559596, -6.864413, 0.0 ], [ 107.559452, -6.864522, 0.0 ], [ 107.559394, -6.864654, 0.0 ], [ 107.559325, -6.864927, 0.0 ], [ 107.559245, -6.865065, 0.0 ], [ 107.559237, -6.864865, 0.0 ], [ 107.559283, -6.864689, 0.0 ], [ 107.559387, -6.864468, 0.0 ], [ 107.559459, -6.864395, 0.0 ], [ 107.559523, -6.864365, 0.0 ], [ 107.55975, -6.864368, 0.0 ] ] ], [ [ [ 107.557102, -6.855946, 0.0 ], [ 107.557004, -6.856146, 0.0 ], [ 107.556878, -6.856554, 0.0 ], [ 107.556875, -6.856599, 0.0 ], [ 107.55692, -6.856808, 0.0 ], [ 107.557006, -6.857006, 0.0 ], [ 107.557317, -6.857357, 0.0 ], [ 107.557326, -6.85745, 0.0 ], [ 107.557353, -6.857496, 0.0 ], [ 107.55745, -6.857561, 0.0 ], [ 107.557638, -6.857616, 0.0 ], [ 107.557806, -6.857572, 0.0 ], [ 107.558355, -6.857912, 0.0 ], [ 107.559558, -6.858523, 0.0 ], [ 107.559352, -6.859058, 0.0 ], [ 107.559369, -6.859259, 0.0 ], [ 107.559147, -6.859825, 0.0 ], [ 107.559133, -6.859938, 0.0 ], [ 107.558361, -6.861728, 0.0 ], [ 107.55837, -6.861802, 0.0 ], [ 107.558425, -6.86186, 0.0 ], [ 107.558771, -6.862075, 0.0 ], [ 107.558658, -6.862278, 0.0 ], [ 107.55864, -6.862444, 0.0 ], [ 107.558666, -6.862482, 0.0 ], [ 107.558723, -6.862518, 0.0 ], [ 107.55908, -6.862684, 0.0 ], [ 107.559101, -6.862794, 0.0 ], [ 107.559203, -6.862881, 0.0 ], [ 107.559396, -6.862952, 0.0 ], [ 107.559643, -6.862979, 0.0 ], [ 107.559942, -6.863109, 0.0 ], [ 107.559988, -6.863102, 0.0 ], [ 107.56024, -6.862973, 0.0 ], [ 107.560326, -6.862968, 0.0 ], [ 107.560216, -6.863173, 0.0 ], [ 107.560087, -6.863325, 0.0 ], [ 107.559961, -6.863402, 0.0 ], [ 107.559634, -6.863539, 0.0 ], [ 107.55878, -6.863938, 0.0 ], [ 107.558497, -6.864105, 0.0 ], [ 107.558086, -6.864186, 0.0 ], [ 107.557778, -6.864368, 0.0 ], [ 107.557633, -6.864392, 0.0 ], [ 107.557413, -6.864484, 0.0 ], [ 107.557267, -6.864966, 0.0 ], [ 107.557221, -6.865011, 0.0 ], [ 107.55699, -6.864982, 0.0 ], [ 107.556954, -6.865002, 0.0 ], [ 107.5569, -6.865069, 0.0 ], [ 107.556727, -6.865411, 0.0 ], [ 107.556411, -6.86579, 0.0 ], [ 107.556203, -6.866073, 0.0 ], [ 107.556083, -6.866299, 0.0 ], [ 107.555156, -6.867721, 0.0 ], [ 107.555122, -6.867848, 0.0 ], [ 107.555085, -6.868232, 0.0 ], [ 107.555051, -6.868421, 0.0 ], [ 107.554958, -6.86854, 0.0 ], [ 107.554507, -6.868884, 0.0 ], [ 107.554401, -6.869129, 0.0 ], [ 107.554311, -6.869191, 0.0 ], [ 107.554024, -6.869322, 0.0 ], [ 107.553978, -6.86937, 0.0 ], [ 107.553743, -6.869222, 0.0 ], [ 107.553596, -6.869069, 0.0 ], [ 107.553518, -6.868922, 0.0 ], [ 107.553489, -6.868814, 0.0 ], [ 107.553488, -6.868635, 0.0 ], [ 107.553465, -6.868588, 0.0 ], [ 107.553403, -6.868523, 0.0 ], [ 107.553104, -6.868323, 0.0 ], [ 107.552822, -6.868019, 0.0 ], [ 107.55267, -6.867928, 0.0 ], [ 107.552696, -6.867865, 0.0 ], [ 107.552676, -6.867807, 0.0 ], [ 107.552393, -6.867536, 0.0 ], [ 107.552283, -6.86745, 0.0 ], [ 107.55207, -6.867324, 0.0 ], [ 107.552016, -6.867317, 0.0 ], [ 107.551957, -6.867329, 0.0 ], [ 107.551919, -6.867356, 0.0 ], [ 107.551824, -6.867526, 0.0 ], [ 107.551459, -6.867396, 0.0 ], [ 107.550472, -6.866893, 0.0 ], [ 107.550789, -6.866286, 0.0 ], [ 107.551062, -6.866263, 0.0 ], [ 107.551249, -6.866079, 0.0 ], [ 107.551491, -6.86569, 0.0 ], [ 107.551765, -6.86518, 0.0 ], [ 107.551866, -6.865034, 0.0 ], [ 107.552167, -6.864691, 0.0 ], [ 107.552266, -6.864631, 0.0 ], [ 107.552363, -6.864604, 0.0 ], [ 107.55243, -6.864591, 0.0 ], [ 107.552639, -6.864739, 0.0 ], [ 107.552948, -6.864904, 0.0 ], [ 107.552996, -6.865022, 0.0 ], [ 107.553173, -6.865157, 0.0 ], [ 107.55325, -6.865238, 0.0 ], [ 107.553337, -6.865292, 0.0 ], [ 107.553542, -6.865489, 0.0 ], [ 107.553794, -6.865655, 0.0 ], [ 107.554072, -6.865882, 0.0 ], [ 107.554301, -6.866044, 0.0 ], [ 107.55436, -6.86606, 0.0 ], [ 107.554416, -6.866034, 0.0 ], [ 107.554443, -6.865978, 0.0 ], [ 107.554417, -6.865907, 0.0 ], [ 107.553904, -6.865512, 0.0 ], [ 107.553656, -6.865349, 0.0 ], [ 107.553453, -6.865152, 0.0 ], [ 107.553365, -6.865097, 0.0 ], [ 107.553203, -6.86495, 0.0 ], [ 107.553255, -6.864916, 0.0 ], [ 107.553404, -6.864723, 0.0 ], [ 107.554004, -6.863815, 0.0 ], [ 107.554412, -6.863259, 0.0 ], [ 107.554667, -6.863429, 0.0 ], [ 107.555717, -6.864039, 0.0 ], [ 107.555778, -6.86405, 0.0 ], [ 107.55584, -6.864006, 0.0 ], [ 107.555851, -6.863946, 0.0 ], [ 107.555808, -6.863883, 0.0 ], [ 107.554762, -6.863275, 0.0 ], [ 107.554522, -6.863116, 0.0 ], [ 107.554546, -6.862989, 0.0 ], [ 107.554956, -6.862291, 0.0 ], [ 107.555237, -6.8617, 0.0 ], [ 107.555245, -6.861654, 0.0 ], [ 107.55523, -6.86161, 0.0 ], [ 107.555194, -6.86158, 0.0 ], [ 107.555148, -6.861571, 0.0 ], [ 107.555104, -6.861587, 0.0 ], [ 107.555074, -6.861623, 0.0 ], [ 107.554796, -6.862205, 0.0 ], [ 107.554378, -6.862918, 0.0 ], [ 107.554344, -6.86308, 0.0 ], [ 107.554279, -6.863134, 0.0 ], [ 107.553857, -6.86371, 0.0 ], [ 107.553258, -6.864616, 0.0 ], [ 107.55313, -6.864784, 0.0 ], [ 107.553119, -6.86479, 0.0 ], [ 107.552729, -6.864582, 0.0 ], [ 107.552583, -6.864478, 0.0 ], [ 107.552714, -6.864212, 0.0 ], [ 107.553083, -6.86358, 0.0 ], [ 107.553075, -6.863521, 0.0 ], [ 107.553003, -6.863447, 0.0 ], [ 107.552834, -6.863379, 0.0 ], [ 107.552765, -6.863335, 0.0 ], [ 107.553188, -6.862522, 0.0 ], [ 107.553213, -6.862374, 0.0 ], [ 107.553303, -6.862092, 0.0 ], [ 107.553268, -6.862032, 0.0 ], [ 107.55307, -6.861898, 0.0 ], [ 107.553315, -6.861467, 0.0 ], [ 107.553421, -6.861315, 0.0 ], [ 107.553491, -6.861071, 0.0 ], [ 107.553645, -6.860724, 0.0 ], [ 107.553639, -6.860611, 0.0 ], [ 107.553792, -6.860233, 0.0 ], [ 107.553787, -6.860026, 0.0 ], [ 107.553914, -6.859696, 0.0 ], [ 107.554027, -6.859627, 0.0 ], [ 107.554234, -6.859308, 0.0 ], [ 107.554418, -6.859059, 0.0 ], [ 107.554481, -6.85894, 0.0 ], [ 107.554638, -6.858931, 0.0 ], [ 107.554678, -6.858912, 0.0 ], [ 107.554798, -6.858714, 0.0 ], [ 107.554781, -6.858613, 0.0 ], [ 107.554753, -6.858577, 0.0 ], [ 107.554185, -6.858272, 0.0 ], [ 107.554195, -6.858219, 0.0 ], [ 107.554512, -6.85787, 0.0 ], [ 107.554644, -6.857597, 0.0 ], [ 107.554782, -6.857478, 0.0 ], [ 107.554939, -6.857402, 0.0 ], [ 107.555106, -6.85715, 0.0 ], [ 107.55512, -6.857106, 0.0 ], [ 107.555142, -6.856731, 0.0 ], [ 107.555331, -6.856394, 0.0 ], [ 107.555483, -6.855968, 0.0 ], [ 107.555593, -6.85603, 0.0 ], [ 107.555785, -6.856084, 0.0 ], [ 107.555847, -6.856041, 0.0 ], [ 107.555956, -6.855779, 0.0 ], [ 107.55634, -6.855899, 0.0 ], [ 107.556392, -6.85587, 0.0 ], [ 107.556576, -6.855669, 0.0 ], [ 107.556673, -6.855689, 0.0 ], [ 107.556794, -6.855688, 0.0 ], [ 107.557059, -6.855545, 0.0 ], [ 107.557204, -6.855639, 0.0 ], [ 107.557376, -6.855705, 0.0 ], [ 107.557102, -6.855946, 0.0 ] ] ], [ [ [ 107.556535, -6.855483, 0.0 ], [ 107.556436, -6.855548, 0.0 ], [ 107.556297, -6.855704, 0.0 ], [ 107.556016, -6.855607, 0.0 ], [ 107.555937, -6.855591, 0.0 ], [ 107.555896, -6.855597, 0.0 ], [ 107.555796, -6.855684, 0.0 ], [ 107.555716, -6.855881, 0.0 ], [ 107.555495, -6.855771, 0.0 ], [ 107.555404, -6.855774, 0.0 ], [ 107.555354, -6.855806, 0.0 ], [ 107.555163, -6.856326, 0.0 ], [ 107.554968, -6.856672, 0.0 ], [ 107.554941, -6.857072, 0.0 ], [ 107.554818, -6.857263, 0.0 ], [ 107.554687, -6.857323, 0.0 ], [ 107.554503, -6.857481, 0.0 ], [ 107.554362, -6.857767, 0.0 ], [ 107.554025, -6.858149, 0.0 ], [ 107.553994, -6.858319, 0.0 ], [ 107.554019, -6.858383, 0.0 ], [ 107.554602, -6.8587, 0.0 ], [ 107.554568, -6.858754, 0.0 ], [ 107.554414, -6.858766, 0.0 ], [ 107.554363, -6.858789, 0.0 ], [ 107.554263, -6.858965, 0.0 ], [ 107.554084, -6.859207, 0.0 ], [ 107.553938, -6.859443, 0.0 ], [ 107.553896, -6.8595, 0.0 ], [ 107.553802, -6.859546, 0.0 ], [ 107.553754, -6.85961, 0.0 ], [ 107.553608, -6.85999, 0.0 ], [ 107.553613, -6.860195, 0.0 ], [ 107.553458, -6.860577, 0.0 ], [ 107.553465, -6.860688, 0.0 ], [ 107.553319, -6.861016, 0.0 ], [ 107.553255, -6.861241, 0.0 ], [ 107.553158, -6.861377, 0.0 ], [ 107.552939, -6.861773, 0.0 ], [ 107.552877, -6.861856, 0.0 ], [ 107.552869, -6.861944, 0.0 ], [ 107.55289, -6.861994, 0.0 ], [ 107.553106, -6.862136, 0.0 ], [ 107.553039, -6.862323, 0.0 ], [ 107.553016, -6.862463, 0.0 ], [ 107.552556, -6.863366, 0.0 ], [ 107.552567, -6.863409, 0.0 ], [ 107.552597, -6.863442, 0.0 ], [ 107.552749, -6.863539, 0.0 ], [ 107.552874, -6.863588, 0.0 ], [ 107.552556, -6.864123, 0.0 ], [ 107.552422, -6.864396, 0.0 ], [ 107.552406, -6.864412, 0.0 ], [ 107.552198, -6.864463, 0.0 ], [ 107.55205, -6.864552, 0.0 ], [ 107.551726, -6.864918, 0.0 ], [ 107.551608, -6.86509, 0.0 ], [ 107.551334, -6.8656, 0.0 ], [ 107.551111, -6.865962, 0.0 ], [ 107.550989, -6.866091, 0.0 ], [ 107.550722, -6.866112, 0.0 ], [ 107.550669, -6.866136, 0.0 ], [ 107.550307, -6.866819, 0.0 ], [ 107.550147, -6.86679, 0.0 ], [ 107.550014, -6.866842, 0.0 ], [ 107.549814, -6.867059, 0.0 ], [ 107.549416, -6.867087, 0.0 ], [ 107.549204, -6.866917, 0.0 ], [ 107.548544, -6.866451, 0.0 ], [ 107.548139, -6.866124, 0.0 ], [ 107.547631, -6.865615, 0.0 ], [ 107.547424, -6.865302, 0.0 ], [ 107.547329, -6.865203, 0.0 ], [ 107.547216, -6.865155, 0.0 ], [ 107.547024, -6.865119, 0.0 ], [ 107.546728, -6.864866, 0.0 ], [ 107.546683, -6.864815, 0.0 ], [ 107.546648, -6.864692, 0.0 ], [ 107.546321, -6.864311, 0.0 ], [ 107.546058, -6.863831, 0.0 ], [ 107.545966, -6.863738, 0.0 ], [ 107.545912, -6.863712, 0.0 ], [ 107.545678, -6.863686, 0.0 ], [ 107.545417, -6.863724, 0.0 ], [ 107.545263, -6.863779, 0.0 ], [ 107.544751, -6.86414, 0.0 ], [ 107.544639, -6.864263, 0.0 ], [ 107.544536, -6.864462, 0.0 ], [ 107.544494, -6.864599, 0.0 ], [ 107.544504, -6.864657, 0.0 ], [ 107.544533, -6.86469, 0.0 ], [ 107.54468, -6.864756, 0.0 ], [ 107.544696, -6.864879, 0.0 ], [ 107.544739, -6.864973, 0.0 ], [ 107.545122, -6.865175, 0.0 ], [ 107.544981, -6.865177, 0.0 ], [ 107.544841, -6.865229, 0.0 ], [ 107.544469, -6.865635, 0.0 ], [ 107.54435, -6.865735, 0.0 ], [ 107.544246, -6.865858, 0.0 ], [ 107.544199, -6.866072, 0.0 ], [ 107.54415, -6.866205, 0.0 ], [ 107.544068, -6.866178, 0.0 ], [ 107.543928, -6.866077, 0.0 ], [ 107.543871, -6.866073, 0.0 ], [ 107.543755, -6.86617, 0.0 ], [ 107.543679, -6.866356, 0.0 ], [ 107.543686, -6.866416, 0.0 ], [ 107.543716, -6.86645, 0.0 ], [ 107.544228, -6.866797, 0.0 ], [ 107.544365, -6.866831, 0.0 ], [ 107.544518, -6.866793, 0.0 ], [ 107.544704, -6.866687, 0.0 ], [ 107.544826, -6.866654, 0.0 ], [ 107.544971, -6.86659, 0.0 ], [ 107.54503, -6.866597, 0.0 ], [ 107.545052, -6.866731, 0.0 ], [ 107.545046, -6.866788, 0.0 ], [ 107.545, -6.866863, 0.0 ], [ 107.544661, -6.867064, 0.0 ], [ 107.544527, -6.867245, 0.0 ], [ 107.54448, -6.867447, 0.0 ], [ 107.54448, -6.867674, 0.0 ], [ 107.544451, -6.867854, 0.0 ], [ 107.544451, -6.86784, 0.0 ], [ 107.543938, -6.867864, 0.0 ], [ 107.543957, -6.867878, 0.0 ], [ 107.543938, -6.867879, 0.0 ], [ 107.543889, -6.867851, 0.0 ], [ 107.543661, -6.867809, 0.0 ], [ 107.543406, -6.867625, 0.0 ], [ 107.543334, -6.867618, 0.0 ], [ 107.543284, -6.867657, 0.0 ], [ 107.543284, -6.867643, 0.0 ], [ 107.541894, -6.866934, 0.0 ], [ 107.54205, -6.866746, 0.0 ], [ 107.542418, -6.86672, 0.0 ], [ 107.542613, -6.866679, 0.0 ], [ 107.542713, -6.866586, 0.0 ], [ 107.542793, -6.866413, 0.0 ], [ 107.543156, -6.866454, 0.0 ], [ 107.543212, -6.866429, 0.0 ], [ 107.543246, -6.866374, 0.0 ], [ 107.543766, -6.864665, 0.0 ], [ 107.544277, -6.862799, 0.0 ], [ 107.544482, -6.861839, 0.0 ], [ 107.544471, -6.861773, 0.0 ], [ 107.544537, -6.861482, 0.0 ], [ 107.54423, -6.861463, 0.0 ], [ 107.544225, -6.861617, 0.0 ], [ 107.544345, -6.861616, 0.0 ], [ 107.544319, -6.861736, 0.0 ], [ 107.544347, -6.861743, 0.0 ], [ 107.544306, -6.861802, 0.0 ], [ 107.544103, -6.86275, 0.0 ], [ 107.543592, -6.864617, 0.0 ], [ 107.543092, -6.866266, 0.0 ], [ 107.542726, -6.866233, 0.0 ], [ 107.542645, -6.866307, 0.0 ], [ 107.542561, -6.866484, 0.0 ], [ 107.542529, -6.866515, 0.0 ], [ 107.5424, -6.86654, 0.0 ], [ 107.54197, -6.866576, 0.0 ], [ 107.541741, -6.866835, 0.0 ], [ 107.540388, -6.865386, 0.0 ], [ 107.53834, -6.86357, 0.0 ], [ 107.53846, -6.863545, 0.0 ], [ 107.538566, -6.863492, 0.0 ], [ 107.539152, -6.863047, 0.0 ], [ 107.53949, -6.863029, 0.0 ], [ 107.539754, -6.862967, 0.0 ], [ 107.540105, -6.862764, 0.0 ], [ 107.540467, -6.86277, 0.0 ], [ 107.540795, -6.862735, 0.0 ], [ 107.541467, -6.862448, 0.0 ], [ 107.541859, -6.862017, 0.0 ], [ 107.54195, -6.861976, 0.0 ], [ 107.542158, -6.861939, 0.0 ], [ 107.542282, -6.861823, 0.0 ], [ 107.542493, -6.861726, 0.0 ], [ 107.542562, -6.861628, 0.0 ], [ 107.542909, -6.860973, 0.0 ], [ 107.542974, -6.860948, 0.0 ], [ 107.543057, -6.860883, 0.0 ], [ 107.543295, -6.860747, 0.0 ], [ 107.543374, -6.860721, 0.0 ], [ 107.544148, -6.860647, 0.0 ], [ 107.544217, -6.860713, 0.0 ], [ 107.544349, -6.860754, 0.0 ], [ 107.544467, -6.860719, 0.0 ], [ 107.544599, -6.860646, 0.0 ], [ 107.544699, -6.860827, 0.0 ], [ 107.544905, -6.860942, 0.0 ], [ 107.544948, -6.860944, 0.0 ], [ 107.544986, -6.860926, 0.0 ], [ 107.545145, -6.86079, 0.0 ], [ 107.545476, -6.860583, 0.0 ], [ 107.545594, -6.860353, 0.0 ], [ 107.54586, -6.860035, 0.0 ], [ 107.546368, -6.859589, 0.0 ], [ 107.546534, -6.859542, 0.0 ], [ 107.546628, -6.859441, 0.0 ], [ 107.546728, -6.859266, 0.0 ], [ 107.546781, -6.858908, 0.0 ], [ 107.547136, -6.858623, 0.0 ], [ 107.547433, -6.858197, 0.0 ], [ 107.547617, -6.858072, 0.0 ], [ 107.547703, -6.857979, 0.0 ], [ 107.54771, -6.857855, 0.0 ], [ 107.547668, -6.857522, 0.0 ], [ 107.547757, -6.85728, 0.0 ], [ 107.54794, -6.85707, 0.0 ], [ 107.548023, -6.857078, 0.0 ], [ 107.548173, -6.857058, 0.0 ], [ 107.548339, -6.856943, 0.0 ], [ 107.548417, -6.856805, 0.0 ], [ 107.548441, -6.856481, 0.0 ], [ 107.548527, -6.8565, 0.0 ], [ 107.548673, -6.856474, 0.0 ], [ 107.549129, -6.85624, 0.0 ], [ 107.549878, -6.855779, 0.0 ], [ 107.549962, -6.85581, 0.0 ], [ 107.550105, -6.855823, 0.0 ], [ 107.550283, -6.855749, 0.0 ], [ 107.550551, -6.85558, 0.0 ], [ 107.551063, -6.85477, 0.0 ], [ 107.551256, -6.854772, 0.0 ], [ 107.551599, -6.854869, 0.0 ], [ 107.551834, -6.854856, 0.0 ], [ 107.551965, -6.854762, 0.0 ], [ 107.55203, -6.854482, 0.0 ], [ 107.552071, -6.85443, 0.0 ], [ 107.552285, -6.854376, 0.0 ], [ 107.552323, -6.854447, 0.0 ], [ 107.552435, -6.854585, 0.0 ], [ 107.552477, -6.854606, 0.0 ], [ 107.552586, -6.854618, 0.0 ], [ 107.552658, -6.854565, 0.0 ], [ 107.552755, -6.854457, 0.0 ], [ 107.552954, -6.854386, 0.0 ], [ 107.553478, -6.854085, 0.0 ], [ 107.55363, -6.853972, 0.0 ], [ 107.553942, -6.853904, 0.0 ], [ 107.554134, -6.853786, 0.0 ], [ 107.554313, -6.853607, 0.0 ], [ 107.554528, -6.853638, 0.0 ], [ 107.554751, -6.853596, 0.0 ], [ 107.554858, -6.853669, 0.0 ], [ 107.55491, -6.853679, 0.0 ], [ 107.555027, -6.85363, 0.0 ], [ 107.555089, -6.853555, 0.0 ], [ 107.555178, -6.853882, 0.0 ], [ 107.555276, -6.854141, 0.0 ], [ 107.555408, -6.854384, 0.0 ], [ 107.555542, -6.85455, 0.0 ], [ 107.555714, -6.854702, 0.0 ], [ 107.555933, -6.854848, 0.0 ], [ 107.556961, -6.855393, 0.0 ], [ 107.556754, -6.855509, 0.0 ], [ 107.556535, -6.855483, 0.0 ] ], [ [ 107.544676, -6.861341, 0.0 ], [ 107.545016, -6.861233, 0.0 ], [ 107.544982, -6.861093, 0.0 ], [ 107.544895, -6.861127, 0.0 ], [ 107.544915, -6.861047, 0.0 ], [ 107.544761, -6.861014, 0.0 ], [ 107.544676, -6.861341, 0.0 ] ], [ [ 107.54455, -6.861349, 0.0 ], [ 107.544566, -6.86128, 0.0 ], [ 107.544536, -6.861279, 0.0 ], [ 107.544512, -6.861358, 0.0 ], [ 107.54455, -6.861349, 0.0 ] ], [ [ 107.544937, -6.86138, 0.0 ], [ 107.544644, -6.861488, 0.0 ], [ 107.544585, -6.861735, 0.0 ], [ 107.544745, -6.861767, 0.0 ], [ 107.544778, -6.8616, 0.0 ], [ 107.544984, -6.861526, 0.0 ], [ 107.544937, -6.86138, 0.0 ] ] ], [ [ [ 107.562847, -6.85827, 0.0 ], [ 107.562476, -6.858722, 0.0 ], [ 107.562076, -6.859615, 0.0 ], [ 107.561923, -6.859774, 0.0 ], [ 107.56163, -6.859958, 0.0 ], [ 107.561495, -6.860104, 0.0 ], [ 107.561419, -6.860256, 0.0 ], [ 107.561394, -6.860402, 0.0 ], [ 107.561387, -6.860916, 0.0 ], [ 107.561253, -6.861156, 0.0 ], [ 107.561162, -6.861237, 0.0 ], [ 107.560711, -6.861338, 0.0 ], [ 107.560593, -6.861463, 0.0 ], [ 107.560591, -6.861805, 0.0 ], [ 107.560438, -6.862147, 0.0 ], [ 107.560426, -6.862365, 0.0 ], [ 107.560456, -6.862427, 0.0 ], [ 107.560487, -6.862702, 0.0 ], [ 107.560438, -6.86279, 0.0 ], [ 107.560197, -6.862796, 0.0 ], [ 107.55995, -6.86292, 0.0 ], [ 107.55969, -6.862803, 0.0 ], [ 107.559445, -6.862778, 0.0 ], [ 107.559299, -6.862728, 0.0 ], [ 107.559264, -6.862702, 0.0 ], [ 107.559265, -6.862612, 0.0 ], [ 107.559229, -6.862565, 0.0 ], [ 107.559106, -6.862486, 0.0 ], [ 107.558825, -6.862366, 0.0 ], [ 107.558978, -6.862075, 0.0 ], [ 107.558982, -6.862029, 0.0 ], [ 107.558964, -6.861988, 0.0 ], [ 107.558556, -6.86173, 0.0 ], [ 107.559305, -6.859995, 0.0 ], [ 107.55932, -6.859879, 0.0 ], [ 107.559551, -6.859289, 0.0 ], [ 107.55953, -6.859096, 0.0 ], [ 107.559742, -6.85855, 0.0 ], [ 107.559753, -6.85845, 0.0 ], [ 107.559706, -6.858395, 0.0 ], [ 107.558443, -6.857754, 0.0 ], [ 107.557856, -6.857391, 0.0 ], [ 107.557799, -6.857387, 0.0 ], [ 107.557647, -6.857431, 0.0 ], [ 107.5575, -6.857379, 0.0 ], [ 107.557481, -6.85727, 0.0 ], [ 107.557166, -6.85692, 0.0 ], [ 107.557092, -6.85675, 0.0 ], [ 107.557057, -6.856585, 0.0 ], [ 107.557175, -6.856207, 0.0 ], [ 107.557256, -6.856043, 0.0 ], [ 107.557508, -6.85583, 0.0 ], [ 107.557584, -6.855755, 0.0 ], [ 107.557602, -6.855715, 0.0 ], [ 107.557674, -6.855693, 0.0 ], [ 107.557783, -6.855553, 0.0 ], [ 107.55798, -6.855446, 0.0 ], [ 107.558191, -6.855268, 0.0 ], [ 107.558478, -6.855513, 0.0 ], [ 107.55861, -6.855655, 0.0 ], [ 107.558771, -6.855729, 0.0 ], [ 107.559292, -6.85606, 0.0 ], [ 107.559779, -6.856322, 0.0 ], [ 107.560528, -6.856671, 0.0 ], [ 107.56219, -6.857481, 0.0 ], [ 107.562268, -6.857497, 0.0 ], [ 107.562652, -6.857501, 0.0 ], [ 107.56294, -6.857554, 0.0 ], [ 107.562902, -6.858158, 0.0 ], [ 107.562847, -6.85827, 0.0 ] ] ], [ [ [ 107.563249, -6.85787, 0.0 ], [ 107.563238, -6.858009, 0.0 ], [ 107.563194, -6.858166, 0.0 ], [ 107.56316, -6.858228, 0.0 ], [ 107.563037, -6.858293, 0.0 ], [ 107.563082, -6.858187, 0.0 ], [ 107.563118, -6.857607, 0.0 ], [ 107.563271, -6.857668, 0.0 ], [ 107.563249, -6.85787, 0.0 ] ] ], [ [ [ 107.555346, -6.85087, 0.0 ], [ 107.555356, -6.850963, 0.0 ], [ 107.555417, -6.851131, 0.0 ], [ 107.555358, -6.851347, 0.0 ], [ 107.555329, -6.851561, 0.0 ], [ 107.5552, -6.852099, 0.0 ], [ 107.555184, -6.852646, 0.0 ], [ 107.554946, -6.853085, 0.0 ], [ 107.554966, -6.853415, 0.0 ], [ 107.55492, -6.853481, 0.0 ], [ 107.554896, -6.853485, 0.0 ], [ 107.554836, -6.853429, 0.0 ], [ 107.554795, -6.853414, 0.0 ], [ 107.554663, -6.853421, 0.0 ], [ 107.554525, -6.853455, 0.0 ], [ 107.554251, -6.853427, 0.0 ], [ 107.554019, -6.853645, 0.0 ], [ 107.553862, -6.853741, 0.0 ], [ 107.553544, -6.853805, 0.0 ], [ 107.553387, -6.853928, 0.0 ], [ 107.55287, -6.854225, 0.0 ], [ 107.552659, -6.854301, 0.0 ], [ 107.552539, -6.854428, 0.0 ], [ 107.55247, -6.854342, 0.0 ], [ 107.552408, -6.85422, 0.0 ], [ 107.55236, -6.854186, 0.0 ], [ 107.552315, -6.854185, 0.0 ], [ 107.55198, -6.854269, 0.0 ], [ 107.551868, -6.854397, 0.0 ], [ 107.551805, -6.854662, 0.0 ], [ 107.551776, -6.854681, 0.0 ], [ 107.551615, -6.854689, 0.0 ], [ 107.551287, -6.854593, 0.0 ], [ 107.550979, -6.854597, 0.0 ], [ 107.550933, -6.854636, 0.0 ], [ 107.550436, -6.855439, 0.0 ], [ 107.550193, -6.855592, 0.0 ], [ 107.55007, -6.855642, 0.0 ], [ 107.549998, -6.855632, 0.0 ], [ 107.549893, -6.855591, 0.0 ], [ 107.54984, -6.855595, 0.0 ], [ 107.549616, -6.855716, 0.0 ], [ 107.549041, -6.856082, 0.0 ], [ 107.548603, -6.856306, 0.0 ], [ 107.54853, -6.856318, 0.0 ], [ 107.548441, -6.856294, 0.0 ], [ 107.54841, -6.855841, 0.0 ], [ 107.548486, -6.855591, 0.0 ], [ 107.548503, -6.855475, 0.0 ], [ 107.548465, -6.854614, 0.0 ], [ 107.548424, -6.8545, 0.0 ], [ 107.548451, -6.854374, 0.0 ], [ 107.548622, -6.854167, 0.0 ], [ 107.548656, -6.854003, 0.0 ], [ 107.54865, -6.853587, 0.0 ], [ 107.548594, -6.853194, 0.0 ], [ 107.548495, -6.853067, 0.0 ], [ 107.548382, -6.852856, 0.0 ], [ 107.548379, -6.85278, 0.0 ], [ 107.548423, -6.852451, 0.0 ], [ 107.548379, -6.852105, 0.0 ], [ 107.548473, -6.851783, 0.0 ], [ 107.548455, -6.851602, 0.0 ], [ 107.548386, -6.851534, 0.0 ], [ 107.548426, -6.85127, 0.0 ], [ 107.548569, -6.851113, 0.0 ], [ 107.548649, -6.850856, 0.0 ], [ 107.5487, -6.850506, 0.0 ], [ 107.548632, -6.850292, 0.0 ], [ 107.548654, -6.850011, 0.0 ], [ 107.548737, -6.849693, 0.0 ], [ 107.549026, -6.849094, 0.0 ], [ 107.549204, -6.848858, 0.0 ], [ 107.549614, -6.848836, 0.0 ], [ 107.549774, -6.848767, 0.0 ], [ 107.549939, -6.848624, 0.0 ], [ 107.55013, -6.848404, 0.0 ], [ 107.550325, -6.848525, 0.0 ], [ 107.550502, -6.848483, 0.0 ], [ 107.550633, -6.848378, 0.0 ], [ 107.550884, -6.848001, 0.0 ], [ 107.551015, -6.84789, 0.0 ], [ 107.551023, -6.848087, 0.0 ], [ 107.551388, -6.848324, 0.0 ], [ 107.551818, -6.84855, 0.0 ], [ 107.552367, -6.848797, 0.0 ], [ 107.553532, -6.849417, 0.0 ], [ 107.553952, -6.849554, 0.0 ], [ 107.554366, -6.849845, 0.0 ], [ 107.554786, -6.85026, 0.0 ], [ 107.554895, -6.850301, 0.0 ], [ 107.555023, -6.850383, 0.0 ], [ 107.555088, -6.850492, 0.0 ], [ 107.55534, -6.850802, 0.0 ], [ 107.555346, -6.85087, 0.0 ] ] ], [ [ [ 107.554474, -6.840762, 0.0 ], [ 107.55484, -6.840992, 0.0 ], [ 107.554781, -6.841119, 0.0 ], [ 107.554636, -6.841672, 0.0 ], [ 107.55447, -6.842723, 0.0 ], [ 107.554326, -6.842895, 0.0 ], [ 107.554069, -6.843149, 0.0 ], [ 107.553798, -6.843506, 0.0 ], [ 107.553563, -6.843632, 0.0 ], [ 107.553409, -6.843759, 0.0 ], [ 107.553229, -6.844021, 0.0 ], [ 107.553053, -6.844595, 0.0 ], [ 107.552976, -6.844729, 0.0 ], [ 107.552641, -6.844881, 0.0 ], [ 107.55245, -6.844999, 0.0 ], [ 107.552075, -6.845167, 0.0 ], [ 107.551854, -6.84535, 0.0 ], [ 107.551785, -6.845487, 0.0 ], [ 107.551736, -6.845783, 0.0 ], [ 107.551699, -6.845894, 0.0 ], [ 107.551483, -6.846029, 0.0 ], [ 107.55145, -6.846073, 0.0 ], [ 107.551339, -6.846671, 0.0 ], [ 107.551344, -6.846885, 0.0 ], [ 107.551326, -6.846929, 0.0 ], [ 107.551091, -6.847069, 0.0 ], [ 107.551074, -6.847121, 0.0 ], [ 107.551078, -6.847313, 0.0 ], [ 107.550981, -6.847528, 0.0 ], [ 107.550939, -6.847713, 0.0 ], [ 107.550747, -6.847882, 0.0 ], [ 107.550499, -6.848256, 0.0 ], [ 107.550414, -6.848324, 0.0 ], [ 107.550361, -6.848339, 0.0 ], [ 107.550154, -6.848212, 0.0 ], [ 107.550079, -6.848206, 0.0 ], [ 107.55004, -6.848233, 0.0 ], [ 107.549806, -6.848501, 0.0 ], [ 107.549687, -6.848608, 0.0 ], [ 107.549579, -6.848657, 0.0 ], [ 107.549231, -6.848666, 0.0 ], [ 107.549099, -6.848705, 0.0 ], [ 107.548869, -6.849003, 0.0 ], [ 107.548571, -6.849621, 0.0 ], [ 107.548474, -6.849989, 0.0 ], [ 107.54845, -6.85031, 0.0 ], [ 107.548517, -6.850514, 0.0 ], [ 107.548471, -6.850823, 0.0 ], [ 107.548406, -6.851031, 0.0 ], [ 107.548261, -6.851186, 0.0 ], [ 107.548199, -6.851576, 0.0 ], [ 107.548222, -6.851633, 0.0 ], [ 107.548285, -6.851684, 0.0 ], [ 107.548292, -6.851769, 0.0 ], [ 107.548196, -6.852091, 0.0 ], [ 107.548242, -6.852452, 0.0 ], [ 107.548199, -6.852761, 0.0 ], [ 107.548203, -6.852889, 0.0 ], [ 107.54834, -6.853161, 0.0 ], [ 107.548421, -6.853258, 0.0 ], [ 107.548469, -6.853595, 0.0 ], [ 107.548475, -6.853995, 0.0 ], [ 107.548453, -6.854095, 0.0 ], [ 107.548288, -6.854288, 0.0 ], [ 107.548239, -6.854503, 0.0 ], [ 107.548285, -6.854637, 0.0 ], [ 107.548322, -6.855471, 0.0 ], [ 107.548228, -6.855829, 0.0 ], [ 107.548263, -6.856362, 0.0 ], [ 107.548242, -6.856754, 0.0 ], [ 107.5482, -6.856824, 0.0 ], [ 107.548114, -6.856885, 0.0 ], [ 107.548021, -6.856897, 0.0 ], [ 107.547897, -6.856886, 0.0 ], [ 107.547857, -6.856898, 0.0 ], [ 107.547603, -6.857182, 0.0 ], [ 107.547485, -6.857509, 0.0 ], [ 107.547531, -6.857903, 0.0 ], [ 107.547307, -6.858066, 0.0 ], [ 107.547001, -6.8585, 0.0 ], [ 107.54662, -6.858811, 0.0 ], [ 107.546558, -6.859203, 0.0 ], [ 107.546435, -6.859387, 0.0 ], [ 107.546282, -6.859426, 0.0 ], [ 107.545735, -6.859903, 0.0 ], [ 107.545448, -6.860246, 0.0 ], [ 107.545342, -6.860457, 0.0 ], [ 107.545047, -6.860638, 0.0 ], [ 107.54491, -6.860742, 0.0 ], [ 107.544824, -6.860691, 0.0 ], [ 107.544773, -6.860592, 0.0 ], [ 107.544755, -6.860465, 0.0 ], [ 107.544727, -6.860431, 0.0 ], [ 107.544687, -6.860413, 0.0 ], [ 107.54464, -6.860418, 0.0 ], [ 107.544341, -6.860569, 0.0 ], [ 107.544237, -6.860481, 0.0 ], [ 107.544187, -6.860463, 0.0 ], [ 107.543347, -6.860542, 0.0 ], [ 107.543228, -6.860578, 0.0 ], [ 107.542772, -6.860846, 0.0 ], [ 107.542375, -6.861584, 0.0 ], [ 107.542175, -6.861675, 0.0 ], [ 107.542075, -6.861774, 0.0 ], [ 107.541898, -6.861802, 0.0 ], [ 107.541753, -6.861868, 0.0 ], [ 107.541467, -6.862165, 0.0 ], [ 107.541364, -6.862296, 0.0 ], [ 107.540749, -6.862559, 0.0 ], [ 107.540465, -6.86259, 0.0 ], [ 107.540064, -6.862585, 0.0 ], [ 107.539699, -6.862795, 0.0 ], [ 107.539472, -6.862849, 0.0 ], [ 107.539089, -6.862873, 0.0 ], [ 107.538472, -6.863337, 0.0 ], [ 107.538399, -6.863374, 0.0 ], [ 107.538252, -6.863404, 0.0 ], [ 107.538192, -6.863452, 0.0 ], [ 107.538114, -6.863369, 0.0 ], [ 107.537299, -6.862836, 0.0 ], [ 107.537346, -6.862804, 0.0 ], [ 107.537805, -6.862707, 0.0 ], [ 107.538182, -6.862501, 0.0 ], [ 107.538376, -6.862287, 0.0 ], [ 107.538537, -6.862225, 0.0 ], [ 107.539054, -6.862119, 0.0 ], [ 107.539321, -6.861938, 0.0 ], [ 107.539357, -6.861929, 0.0 ], [ 107.539751, -6.862122, 0.0 ], [ 107.540047, -6.862155, 0.0 ], [ 107.540307, -6.862138, 0.0 ], [ 107.540463, -6.862051, 0.0 ], [ 107.540577, -6.86201, 0.0 ], [ 107.540676, -6.862001, 0.0 ], [ 107.54078, -6.862023, 0.0 ], [ 107.540923, -6.86209, 0.0 ], [ 107.540973, -6.862091, 0.0 ], [ 107.541074, -6.862061, 0.0 ], [ 107.541214, -6.86194, 0.0 ], [ 107.541364, -6.86193, 0.0 ], [ 107.541403, -6.861883, 0.0 ], [ 107.541397, -6.861807, 0.0 ], [ 107.541323, -6.861757, 0.0 ], [ 107.541163, -6.861763, 0.0 ], [ 107.540959, -6.861908, 0.0 ], [ 107.54084, -6.861851, 0.0 ], [ 107.5407, -6.861821, 0.0 ], [ 107.540549, -6.861831, 0.0 ], [ 107.540393, -6.861884, 0.0 ], [ 107.54026, -6.861961, 0.0 ], [ 107.540043, -6.861974, 0.0 ], [ 107.539809, -6.861949, 0.0 ], [ 107.539516, -6.8618, 0.0 ], [ 107.539385, -6.861746, 0.0 ], [ 107.539341, -6.861746, 0.0 ], [ 107.539238, -6.861776, 0.0 ], [ 107.538991, -6.861948, 0.0 ], [ 107.538493, -6.862049, 0.0 ], [ 107.538282, -6.86213, 0.0 ], [ 107.538064, -6.862362, 0.0 ], [ 107.537744, -6.862536, 0.0 ], [ 107.537277, -6.862635, 0.0 ], [ 107.537127, -6.862739, 0.0 ], [ 107.537127, -6.862724, 0.0 ], [ 107.536998, -6.86264, 0.0 ], [ 107.536311, -6.862598, 0.0 ], [ 107.53558, -6.862986, 0.0 ], [ 107.533818, -6.863075, 0.0 ], [ 107.532946, -6.862858, 0.0 ], [ 107.53247, -6.863099, 0.0 ], [ 107.531219, -6.86409, 0.0 ], [ 107.530832, -6.864731, 0.0 ], [ 107.53067, -6.865376, 750.0 ], [ 107.530399, -6.865335, 750.0 ], [ 107.530281, -6.865288, 750.0 ], [ 107.530236, -6.86513, 750.0 ], [ 107.530251, -6.865073, 750.0 ], [ 107.530412, -6.864851, 750.0 ], [ 107.530738, -6.864226, 750.0 ], [ 107.530787, -6.864097, 750.0 ], [ 107.530834, -6.864032, 750.0 ], [ 107.53109, -6.863949, 750.0 ], [ 107.531399, -6.863709, 750.0 ], [ 107.531491, -6.863565, 750.0 ], [ 107.532005, -6.863018, 750.0 ], [ 107.532177, -6.862891, 750.0 ], [ 107.532268, -6.862775, 750.0 ], [ 107.532444, -6.862664, 750.0 ], [ 107.532511, -6.862594, 750.0 ], [ 107.532567, -6.862574, 750.0 ], [ 107.53273, -6.862556, 750.0 ], [ 107.532861, -6.86245, 750.0 ], [ 107.533005, -6.862364, 750.0 ], [ 107.533318, -6.862252, 750.0 ], [ 107.533378, -6.86225, 0.0 ], [ 107.533696, -6.862167, 0.0 ], [ 107.534024, -6.862142, 750.0 ], [ 107.534553, -6.862072, 0.0 ], [ 107.534743, -6.862016, 0.0 ], [ 107.535007, -6.861859, 0.0 ], [ 107.535481, -6.861728, 0.0 ], [ 107.535577, -6.861643, 0.0 ], [ 107.5362, -6.861299, 0.0 ], [ 107.536261, -6.861168, 0.0 ], [ 107.536316, -6.860952, 0.0 ], [ 107.536515, -6.860728, 0.0 ], [ 107.536813, -6.860765, 0.0 ], [ 107.537146, -6.860864, 0.0 ], [ 107.537479, -6.860904, 0.0 ], [ 107.537602, -6.86086, 0.0 ], [ 107.537721, -6.860778, 0.0 ], [ 107.53799, -6.860739, 0.0 ], [ 107.538068, -6.860785, 0.0 ], [ 107.5392, -6.86093, 0.0 ], [ 107.539396, -6.860865, 0.0 ], [ 107.539622, -6.860721, 0.0 ], [ 107.539827, -6.860543, 0.0 ], [ 107.539846, -6.860469, 0.0 ], [ 107.539814, -6.860416, 0.0 ], [ 107.539756, -6.860396, 0.0 ], [ 107.539711, -6.860408, 0.0 ], [ 107.539509, -6.86058, 0.0 ], [ 107.539323, -6.8607, 0.0 ], [ 107.539197, -6.860748, 0.0 ], [ 107.538117, -6.860609, 0.0 ], [ 107.538069, -6.860564, 0.0 ], [ 107.538026, -6.860552, 0.0 ], [ 107.53766, -6.860605, 0.0 ], [ 107.537474, -6.860721, 0.0 ], [ 107.53718, -6.860686, 0.0 ], [ 107.536851, -6.860588, 0.0 ], [ 107.536714, -6.860562, 0.0 ], [ 107.536616, -6.860562, 0.0 ], [ 107.536534, -6.860473, 0.0 ], [ 107.536547, -6.860365, 0.0 ], [ 107.537074, -6.860343, 0.0 ], [ 107.537516, -6.860252, 0.0 ], [ 107.538007, -6.860242, 0.0 ], [ 107.538262, -6.860147, 0.0 ], [ 107.538637, -6.860108, 0.0 ], [ 107.538908, -6.85994, 0.0 ], [ 107.538977, -6.859653, 0.0 ], [ 107.539091, -6.859406, 0.0 ], [ 107.539156, -6.859311, 0.0 ], [ 107.539328, -6.859221, 0.0 ], [ 107.539352, -6.859183, 0.0 ], [ 107.53937, -6.859095, 0.0 ], [ 107.540038, -6.858944, 0.0 ], [ 107.540661, -6.858922, 0.0 ], [ 107.54085, -6.858838, 0.0 ], [ 107.541272, -6.85858, 0.0 ], [ 107.541528, -6.858544, 0.0 ], [ 107.541657, -6.858463, 0.0 ], [ 107.542074, -6.858082, 0.0 ], [ 107.542173, -6.857851, 0.0 ], [ 107.542354, -6.857557, 0.0 ], [ 107.542433, -6.857489, 0.0 ], [ 107.542872, -6.857305, 0.0 ], [ 107.543155, -6.857153, 0.0 ], [ 107.543394, -6.857001, 0.0 ], [ 107.543721, -6.857062, 0.0 ], [ 107.543862, -6.857331, 0.0 ], [ 107.543959, -6.857394, 0.0 ], [ 107.54403, -6.85739, 0.0 ], [ 107.54412, -6.857321, 0.0 ], [ 107.544215, -6.85718, 0.0 ], [ 107.544308, -6.856878, 0.0 ], [ 107.544265, -6.856682, 0.0 ], [ 107.544192, -6.856544, 0.0 ], [ 107.544048, -6.856374, 0.0 ], [ 107.543904, -6.85629, 0.0 ], [ 107.543735, -6.856232, 0.0 ], [ 107.544603, -6.855296, 0.0 ], [ 107.545094, -6.853705, 0.0 ], [ 107.544695, -6.851207, 0.0 ], [ 107.54476, -6.851131, 0.0 ], [ 107.544808, -6.850912, 0.0 ], [ 107.544983, -6.850723, 0.0 ], [ 107.545101, -6.850496, 0.0 ], [ 107.545311, -6.850286, 0.0 ], [ 107.545384, -6.850229, 0.0 ], [ 107.545634, -6.850091, 0.0 ], [ 107.54565, -6.850033, 0.0 ], [ 107.545616, -6.849918, 0.0 ], [ 107.545695, -6.849643, 0.0 ], [ 107.545766, -6.849428, 0.0 ], [ 107.545862, -6.849311, 0.0 ], [ 107.546302, -6.848899, 0.0 ], [ 107.54645, -6.848882, 0.0 ], [ 107.546607, -6.848824, 0.0 ], [ 107.546672, -6.848715, 0.0 ], [ 107.546733, -6.848517, 0.0 ], [ 107.546775, -6.84846, 0.0 ], [ 107.546874, -6.848484, 0.0 ], [ 107.547056, -6.848469, 0.0 ], [ 107.54731, -6.848229, 0.0 ], [ 107.547656, -6.848148, 0.0 ], [ 107.54782, -6.848034, 0.0 ], [ 107.547975, -6.84776, 0.0 ], [ 107.54822, -6.847502, 0.0 ], [ 107.548398, -6.847184, 0.0 ], [ 107.548404, -6.847145, 0.0 ], [ 107.54836, -6.846873, 0.0 ], [ 107.548497, -6.846452, 0.0 ], [ 107.548441, -6.846092, 0.0 ], [ 107.548559, -6.845997, 0.0 ], [ 107.548843, -6.845663, 0.0 ], [ 107.548956, -6.845271, 0.0 ], [ 107.549032, -6.845159, 0.0 ], [ 107.549163, -6.845049, 0.0 ], [ 107.549554, -6.844778, 0.0 ], [ 107.549623, -6.844592, 0.0 ], [ 107.549687, -6.844148, 0.0 ], [ 107.549682, -6.843011, 0.0 ], [ 107.549706, -6.842549, 0.0 ], [ 107.549672, -6.841886, 0.0 ], [ 107.54957, -6.841391, 0.0 ], [ 107.549417, -6.841031, 0.0 ], [ 107.549403, -6.840906, 0.0 ], [ 107.54924, -6.84022, 0.0 ], [ 107.549291, -6.839905, 0.0 ], [ 107.549398, -6.839702, 0.0 ], [ 107.549448, -6.839449, 0.0 ], [ 107.549404, -6.838999, 0.0 ], [ 107.549437, -6.838676, 0.0 ], [ 107.549625, -6.838785, 0.0 ], [ 107.549934, -6.838904, 0.0 ], [ 107.551877, -6.839487, 0.0 ], [ 107.552788, -6.839818, 0.0 ], [ 107.553254, -6.839916, 0.0 ], [ 107.553948, -6.83999, 0.0 ], [ 107.554129, -6.840025, 0.0 ], [ 107.554201, -6.840358, 0.0 ], [ 107.554284, -6.840566, 0.0 ], [ 107.554474, -6.840762, 0.0 ] ] ], [ [ [ 107.546651, -6.848323, 0.0 ], [ 107.546548, -6.848453, 0.0 ], [ 107.546511, -6.848488, 0.0 ], [ 107.546475, -6.848495, 0.0 ], [ 107.546489, -6.84841, 0.0 ], [ 107.546544, -6.84832, 0.0 ], [ 107.546584, -6.848288, 0.0 ], [ 107.546638, -6.848283, 0.0 ], [ 107.546652, -6.848284, 0.0 ], [ 107.546651, -6.848323, 0.0 ] ] ], [ [ [ 107.551147, -6.847611, 0.0 ], [ 107.551152, -6.847587, 0.0 ], [ 107.551241, -6.84739, 0.0 ], [ 107.551235, -6.847468, 0.0 ], [ 107.551147, -6.847611, 0.0 ] ] ], [ [ [ 107.551624, -6.846151, 0.0 ], [ 107.551628, -6.846148, 0.0 ], [ 107.551625, -6.846151, 0.0 ], [ 107.551624, -6.846151, 0.0 ] ] ], [ [ [ 107.552041, -6.845426, 0.0 ], [ 107.551975, -6.845564, 0.0 ], [ 107.551933, -6.845697, 0.0 ], [ 107.551957, -6.845545, 0.0 ], [ 107.552001, -6.845459, 0.0 ], [ 107.552041, -6.845426, 0.0 ] ] ], [ [ [ 107.55231, -6.845259, 0.0 ], [ 107.552272, -6.845305, 0.0 ], [ 107.552207, -6.845305, 0.0 ], [ 107.552305, -6.845262, 0.0 ], [ 107.55231, -6.845259, 0.0 ] ] ], [ [ [ 107.534402, -6.844048, 0.0 ], [ 107.534885, -6.844942, 0.0 ], [ 107.533935, -6.846262, 0.0 ], [ 107.533046, -6.845625, 0.0 ], [ 107.533379, -6.845186, 92.79661 ], [ 107.533473, -6.844933, 92.79661 ], [ 107.533825, -6.844326, 92.79661 ], [ 107.534211, -6.843839, 0.0 ], [ 107.534402, -6.844048, 0.0 ] ] ], [ [ [ 107.5352, -6.854744, 0.0 ], [ 107.535653, -6.854731, 0.0 ], [ 107.536109, -6.85423, 0.0 ], [ 107.536475, -6.854086, 0.0 ], [ 107.536355, -6.853958, 0.0 ], [ 107.536224, -6.853776, 0.0 ], [ 107.536008, -6.853379, 0.0 ], [ 107.535823, -6.852944, 0.0 ], [ 107.535618, -6.852513, 0.0 ], [ 107.53554, -6.852264, 0.0 ], [ 107.535488, -6.851992, 0.0 ], [ 107.535495, -6.85186, 0.0 ], [ 107.535565, -6.851678, 0.0 ], [ 107.535892, -6.851114, 0.0 ], [ 107.536003, -6.850884, 0.0 ], [ 107.536061, -6.850688, 0.0 ], [ 107.53611, -6.85036, 0.0 ], [ 107.536186, -6.850233, 0.0 ], [ 107.536289, -6.850173, 0.0 ], [ 107.536563, -6.850148, 0.0 ], [ 107.536629, -6.850125, 0.0 ], [ 107.536724, -6.849893, 0.0 ], [ 107.536811, -6.849754, 0.0 ], [ 107.536966, -6.849585, 0.0 ], [ 107.537158, -6.849443, 0.0 ], [ 107.537201, -6.849479, 0.0 ], [ 107.537248, -6.849484, 0.0 ], [ 107.537334, -6.849443, 0.0 ], [ 107.537384, -6.849395, 0.0 ], [ 107.537806, -6.849476, 0.0 ], [ 107.53964, -6.849229, 0.0 ], [ 107.540414, -6.849268, 0.0 ], [ 107.540821, -6.849757, 0.0 ], [ 107.54086, -6.85081, 0.0 ], [ 107.540818, -6.852326, 0.0 ], [ 107.541139, -6.855628, 0.0 ], [ 107.541505, -6.856484, 0.0 ], [ 107.542442, -6.856605, 0.0 ], [ 107.543542, -6.85644, 0.0 ], [ 107.543604, -6.856373, 0.0 ], [ 107.543836, -6.856458, 0.0 ], [ 107.543931, -6.856513, 0.0 ], [ 107.544039, -6.856641, 0.0 ], [ 107.544095, -6.856746, 0.0 ], [ 107.544125, -6.856862, 0.0 ], [ 107.544051, -6.857101, 0.0 ], [ 107.543991, -6.857188, 0.0 ], [ 107.543828, -6.856904, 0.0 ], [ 107.543368, -6.856815, 0.0 ], [ 107.543067, -6.856995, 0.0 ], [ 107.542685, -6.857197, 0.0 ], [ 107.542347, -6.857328, 0.0 ], [ 107.542206, -6.857452, 0.0 ], [ 107.542015, -6.857763, 0.0 ], [ 107.541929, -6.85797, 0.0 ], [ 107.541543, -6.858322, 0.0 ], [ 107.54146, -6.858375, 0.0 ], [ 107.541206, -6.85841, 0.0 ], [ 107.540761, -6.858681, 0.0 ], [ 107.540615, -6.858746, 0.0 ], [ 107.540014, -6.858765, 0.0 ], [ 107.539262, -6.85894, 0.0 ], [ 107.539222, -6.858978, 0.0 ], [ 107.539183, -6.859095, 0.0 ], [ 107.539039, -6.859171, 0.0 ], [ 107.538933, -6.859316, 0.0 ], [ 107.538806, -6.859593, 0.0 ], [ 107.538755, -6.859827, 0.0 ], [ 107.538574, -6.859937, 0.0 ], [ 107.538217, -6.859971, 0.0 ], [ 107.537975, -6.860063, 0.0 ], [ 107.537504, -6.860071, 0.0 ], [ 107.53705, -6.860163, 0.0 ], [ 107.536787, -6.860165, 0.0 ], [ 107.536524, -6.860185, 0.0 ], [ 107.536429, -6.860208, 0.0 ], [ 107.536392, -6.860237, 0.0 ], [ 107.536375, -6.860281, 0.0 ], [ 107.536341, -6.860661, 0.0 ], [ 107.536156, -6.860861, 0.0 ], [ 107.536068, -6.861168, 0.0 ], [ 107.535481, -6.861489, 0.0 ], [ 107.535397, -6.861564, 0.0 ], [ 107.535255, -6.861603, 750.0 ], [ 107.534986, -6.861622, 750.0 ], [ 107.534938, -6.861583, 750.0 ], [ 107.534894, -6.861506, 750.0 ], [ 107.534786, -6.861233, 750.0 ], [ 107.534676, -6.861097, 750.0 ], [ 107.534543, -6.860843, 750.0 ], [ 107.534794, -6.860628, 0.0 ], [ 107.534825, -6.860566, 0.0 ], [ 107.534811, -6.860511, 0.0 ], [ 107.534626, -6.860302, 0.0 ], [ 107.534524, -6.860236, 0.0 ], [ 107.534588, -6.859836, 0.0 ], [ 107.534904, -6.85941, 0.0 ], [ 107.535052, -6.859165, 0.0 ], [ 107.535077, -6.859146, 0.0 ], [ 107.535428, -6.859306, 0.0 ], [ 107.535473, -6.859314, 0.0 ], [ 107.535793, -6.859231, 0.0 ], [ 107.535935, -6.859092, 0.0 ], [ 107.536104, -6.858983, 0.0 ], [ 107.536211, -6.858869, 0.0 ], [ 107.536548, -6.858398, 0.0 ], [ 107.536662, -6.85827, 0.0 ], [ 107.536909, -6.858087, 0.0 ], [ 107.537276, -6.857525, 0.0 ], [ 107.537251, -6.85737, 0.0 ], [ 107.536959, -6.856994, 0.0 ], [ 107.536944, -6.856934, 0.0 ], [ 107.536963, -6.856685, 0.0 ], [ 107.537063, -6.856608, 0.0 ], [ 107.537289, -6.856385, 0.0 ], [ 107.537406, -6.856224, 0.0 ], [ 107.537416, -6.856181, 0.0 ], [ 107.537403, -6.856138, 0.0 ], [ 107.537372, -6.856107, 0.0 ], [ 107.53733, -6.856093, 0.0 ], [ 107.537262, -6.856119, 0.0 ], [ 107.537156, -6.856262, 0.0 ], [ 107.536814, -6.856578, 0.0 ], [ 107.536788, -6.856623, 0.0 ], [ 107.536762, -6.856949, 0.0 ], [ 107.536793, -6.857069, 0.0 ], [ 107.537087, -6.85745, 0.0 ], [ 107.537093, -6.857482, 0.0 ], [ 107.536779, -6.857957, 0.0 ], [ 107.536532, -6.858144, 0.0 ], [ 107.536403, -6.858289, 0.0 ], [ 107.536067, -6.858759, 0.0 ], [ 107.535987, -6.858844, 0.0 ], [ 107.535819, -6.858952, 0.0 ], [ 107.535701, -6.859071, 0.0 ], [ 107.535474, -6.859129, 0.0 ], [ 107.53527, -6.859034, 0.0 ], [ 107.53572, -6.858746, 0.0 ], [ 107.535951, -6.858556, 0.0 ], [ 107.536094, -6.858221, 0.0 ], [ 107.536201, -6.857837, 0.0 ], [ 107.536471, -6.857019, 0.0 ], [ 107.536569, -6.85631, 0.0 ], [ 107.536948, -6.855624, 0.0 ], [ 107.537077, -6.855307, 0.0 ], [ 107.537072, -6.855251, 0.0 ], [ 107.537035, -6.855209, 0.0 ], [ 107.536721, -6.85502, 0.0 ], [ 107.536645, -6.855011, 0.0 ], [ 107.53659, -6.855064, 0.0 ], [ 107.536585, -6.855111, 0.0 ], [ 107.536604, -6.855154, 0.0 ], [ 107.536876, -6.855324, 0.0 ], [ 107.536787, -6.855541, 0.0 ], [ 107.536399, -6.856246, 0.0 ], [ 107.536372, -6.856353, 0.0 ], [ 107.536293, -6.856984, 0.0 ], [ 107.536029, -6.857783, 0.0 ], [ 107.535922, -6.858164, 0.0 ], [ 107.535807, -6.858441, 0.0 ], [ 107.535616, -6.858598, 0.0 ], [ 107.534921, -6.859038, 0.0 ], [ 107.534756, -6.859306, 0.0 ], [ 107.53442, -6.859767, 0.0 ], [ 107.534341, -6.86027, 0.0 ], [ 107.534398, -6.860374, 0.0 ], [ 107.534501, -6.860434, 0.0 ], [ 107.534606, -6.860551, 0.0 ], [ 107.534422, -6.860709, 750.0 ], [ 107.534193, -6.860658, 750.0 ], [ 107.534168, -6.860633, 750.0 ], [ 107.534014, -6.860308, 750.0 ], [ 107.534004, -6.860262, 750.0 ], [ 107.534021, -6.860241, 750.0 ], [ 107.534142, -6.860172, 750.0 ], [ 107.534196, -6.860122, 750.0 ], [ 107.53427, -6.859899, 750.0 ], [ 107.534319, -6.859834, 750.0 ], [ 107.534375, -6.859803, 750.0 ], [ 107.534351, -6.859803, 750.0 ], [ 107.534311, -6.859834, 750.0 ], [ 107.534253, -6.859917, 750.0 ], [ 107.534211, -6.86006, 750.0 ], [ 107.534173, -6.860132, 750.0 ], [ 107.534126, -6.860172, 750.0 ], [ 107.533987, -6.860244, 750.0 ], [ 107.533987, -6.860283, 750.0 ], [ 107.534081, -6.86054, 750.0 ], [ 107.534078, -6.860616, 750.0 ], [ 107.53406, -6.860641, 750.0 ], [ 107.533961, -6.86066, 750.0 ], [ 107.53385, -6.860716, 750.0 ], [ 107.533725, -6.860864, 750.0 ], [ 107.533587, -6.860913, 750.0 ], [ 107.533511, -6.861013, 750.0 ], [ 107.533434, -6.861046, 750.0 ], [ 107.533322, -6.861062, 750.0 ], [ 107.533242, -6.861201, 750.0 ], [ 107.533108, -6.861245, 750.0 ], [ 107.532908, -6.861244, 0.0 ], [ 107.532806, -6.861298, 750.0 ], [ 107.532377, -6.861676, 750.0 ], [ 107.532091, -6.861796, 750.0 ], [ 107.532001, -6.861862, 750.0 ], [ 107.531859, -6.862021, 750.0 ], [ 107.531686, -6.862146, 750.0 ], [ 107.53157, -6.862205, 750.0 ], [ 107.531318, -6.862269, 750.0 ], [ 107.530892, -6.862135, 750.0 ], [ 107.530828, -6.862135, 750.0 ], [ 107.53076, -6.862164, 750.0 ], [ 107.530677, -6.862226, 750.0 ], [ 107.530621, -6.862316, 750.0 ], [ 107.530611, -6.86241, 750.0 ], [ 107.530629, -6.862661, 750.0 ], [ 107.530603, -6.862776, 750.0 ], [ 107.530557, -6.862863, 750.0 ], [ 107.530402, -6.86294, 750.0 ], [ 107.529984, -6.863023, 750.0 ], [ 107.529878, -6.863085, 750.0 ], [ 107.529806, -6.863166, 750.0 ], [ 107.529723, -6.863196, 750.0 ], [ 107.529695, -6.863182, 750.0 ], [ 107.529489, -6.862954, 750.0 ], [ 107.529378, -6.862782, 750.0 ], [ 107.529172, -6.862517, 750.0 ], [ 107.529086, -6.862463, 750.0 ], [ 107.528989, -6.862431, 750.0 ], [ 107.528884, -6.862355, 750.0 ], [ 107.529111, -6.862163, 167.050161 ], [ 107.529252, -6.862067, 167.050161 ], [ 107.529556, -6.861908, 167.050161 ], [ 107.529848, -6.861475, 167.050161 ], [ 107.530192, -6.861113, 167.050161 ], [ 107.530357, -6.860984, 167.050161 ], [ 107.530535, -6.860873, 167.050161 ], [ 107.530875, -6.860726, 167.050161 ], [ 107.530957, -6.860486, 167.050161 ], [ 107.531045, -6.860304, 167.050161 ], [ 107.531151, -6.860133, 167.050161 ], [ 107.531273, -6.859973, 167.050161 ], [ 107.531412, -6.859826, 167.050161 ], [ 107.531564, -6.859693, 167.050161 ], [ 107.532029, -6.859347, 167.050161 ], [ 107.532317, -6.859064, 167.050161 ], [ 107.532704, -6.858731, 167.050161 ], [ 107.533016, -6.858502, 167.050161 ], [ 107.533104, -6.858387, 167.050161 ], [ 107.533262, -6.858118, 167.050161 ], [ 107.533633, -6.857588, 167.050161 ], [ 107.53391, -6.857314, 167.050161 ], [ 107.534067, -6.857199, 167.050161 ], [ 107.534244, -6.857095, 167.050161 ], [ 107.534447, -6.856553, 167.050161 ], [ 107.534497, -6.85605, 167.050161 ], [ 107.534561, -6.855727, 167.050161 ], [ 107.534613, -6.855562, 167.050161 ], [ 107.534758, -6.855248, 167.050161 ], [ 107.535035, -6.854762, 0.0 ], [ 107.5352, -6.854744, 0.0 ] ] ], [ [ [ 107.55108, -6.831843, 0.0 ], [ 107.550895, -6.832214, 0.0 ], [ 107.550477, -6.832857, 0.0 ], [ 107.550025, -6.833775, 0.0 ], [ 107.549992, -6.833975, 0.0 ], [ 107.550134, -6.834286, 0.0 ], [ 107.55014, -6.834406, 0.0 ], [ 107.550118, -6.834484, 0.0 ], [ 107.549521, -6.835368, 0.0 ], [ 107.549445, -6.835555, 0.0 ], [ 107.549297, -6.836146, 0.0 ], [ 107.549392, -6.836529, 0.0 ], [ 107.549494, -6.836703, 0.0 ], [ 107.549514, -6.836786, 0.0 ], [ 107.549497, -6.836893, 0.0 ], [ 107.549358, -6.837189, 0.0 ], [ 107.549316, -6.837347, 0.0 ], [ 107.549261, -6.837881, 0.0 ], [ 107.549279, -6.838375, 0.0 ], [ 107.549222, -6.838999, 0.0 ], [ 107.549268, -6.839428, 0.0 ], [ 107.549226, -6.839641, 0.0 ], [ 107.549119, -6.839845, 0.0 ], [ 107.549059, -6.840215, 0.0 ], [ 107.549063, -6.840278, 0.0 ], [ 107.549226, -6.840943, 0.0 ], [ 107.549241, -6.841076, 0.0 ], [ 107.549399, -6.841449, 0.0 ], [ 107.549491, -6.841902, 0.0 ], [ 107.549526, -6.842548, 0.0 ], [ 107.549502, -6.843008, 0.0 ], [ 107.549506, -6.844143, 0.0 ], [ 107.549448, -6.844544, 0.0 ], [ 107.549413, -6.844656, 0.0 ], [ 107.549056, -6.844902, 0.0 ], [ 107.548895, -6.84504, 0.0 ], [ 107.548787, -6.845204, 0.0 ], [ 107.548686, -6.845571, 0.0 ], [ 107.548428, -6.845873, 0.0 ], [ 107.548267, -6.846008, 0.0 ], [ 107.548255, -6.846067, 0.0 ], [ 107.548313, -6.846446, 0.0 ], [ 107.548179, -6.846853, 0.0 ], [ 107.548184, -6.84698, 0.0 ], [ 107.548218, -6.847137, 0.0 ], [ 107.54807, -6.847402, 0.0 ], [ 107.54783, -6.84765, 0.0 ], [ 107.547681, -6.847915, 0.0 ], [ 107.547586, -6.84798, 0.0 ], [ 107.547221, -6.848068, 0.0 ], [ 107.54698, -6.848299, 0.0 ], [ 107.546882, -6.848303, 0.0 ], [ 107.546833, -6.848289, 0.0 ], [ 107.546813, -6.848159, 0.0 ], [ 107.546727, -6.848106, 0.0 ], [ 107.546526, -6.848114, 0.0 ], [ 107.546407, -6.8482, 0.0 ], [ 107.546318, -6.848349, 0.0 ], [ 107.546291, -6.848557, 0.0 ], [ 107.546332, -6.848625, 0.0 ], [ 107.546412, -6.848675, 0.0 ], [ 107.546484, -6.848682, 0.0 ], [ 107.546213, -6.848737, 0.0 ], [ 107.545727, -6.849191, 0.0 ], [ 107.545599, -6.849355, 0.0 ], [ 107.545433, -6.849897, 0.0 ], [ 107.545446, -6.849996, 0.0 ], [ 107.545289, -6.850074, 0.0 ], [ 107.545199, -6.850144, 0.0 ], [ 107.544963, -6.850378, 0.0 ], [ 107.544834, -6.850619, 0.0 ], [ 107.544663, -6.850797, 0.0 ], [ 107.544635, -6.850862, 0.0 ], [ 107.544447, -6.849737, 0.0 ], [ 107.544287, -6.849011, 0.0 ], [ 107.544531, -6.84814, 0.0 ], [ 107.545022, -6.846549, 0.0 ], [ 107.54637, -6.844467, 0.0 ], [ 107.547677, -6.841855, 0.0 ], [ 107.548128, -6.839286, 0.0 ], [ 107.547805, -6.837111, 0.0 ], [ 107.546992, -6.835767, 0.0 ], [ 107.546375, -6.835341, 0.0 ], [ 107.546413, -6.835095, 0.0 ], [ 107.54658, -6.834359, 0.0 ], [ 107.547099, -6.83347, 0.0 ], [ 107.547211, -6.833352, 0.0 ], [ 107.547326, -6.833182, 0.0 ], [ 107.547545, -6.832731, 0.0 ], [ 107.548138, -6.831333, 0.0 ], [ 107.548218, -6.831, 0.0 ], [ 107.548207, -6.830863, 0.0 ], [ 107.548178, -6.830826, 0.0 ], [ 107.548135, -6.830809, 0.0 ], [ 107.548089, -6.830815, 0.0 ], [ 107.548043, -6.830857, 0.0 ], [ 107.548037, -6.830983, 0.0 ], [ 107.547969, -6.831271, 0.0 ], [ 107.547382, -6.832654, 0.0 ], [ 107.547172, -6.833086, 0.0 ], [ 107.547065, -6.833244, 0.0 ], [ 107.546947, -6.833372, 0.0 ], [ 107.546412, -6.83429, 0.0 ], [ 107.546235, -6.835058, 0.0 ], [ 107.546207, -6.835239, 0.0 ], [ 107.546207, -6.835225, 0.0 ], [ 107.545282, -6.834587, 0.0 ], [ 107.544346, -6.833691, 0.0 ], [ 107.544348, -6.832759, 0.0 ], [ 107.544491, -6.83266, 0.0 ], [ 107.544793, -6.832485, 0.0 ], [ 107.545322, -6.831987, 0.0 ], [ 107.545465, -6.831811, 0.0 ], [ 107.545705, -6.831556, 0.0 ], [ 107.546008, -6.831094, 0.0 ], [ 107.546233, -6.831005, 0.0 ], [ 107.546305, -6.830943, 0.0 ], [ 107.546324, -6.830869, 0.0 ], [ 107.546287, -6.830812, 0.0 ], [ 107.546426, -6.830555, 0.0 ], [ 107.546536, -6.830204, 0.0 ], [ 107.546708, -6.82981, 0.0 ], [ 107.546903, -6.829949, 92.79661 ], [ 107.547224, -6.830253, 92.79661 ], [ 107.547461, -6.83042, 0.0 ], [ 107.548153, -6.830639, 0.0 ], [ 107.549071, -6.8308, 0.0 ], [ 107.549275, -6.830847, 0.0 ], [ 107.549514, -6.830929, 0.0 ], [ 107.550193, -6.831219, 0.0 ], [ 107.551019, -6.831765, 0.0 ], [ 107.551094, -6.83183, 0.0 ], [ 107.55108, -6.831843, 0.0 ] ] ], [ [ [ 107.550176, -6.833947, 0.0 ], [ 107.550192, -6.833856, 0.0 ], [ 107.550218, -6.833865, 0.0 ], [ 107.550176, -6.833947, 0.0 ] ] ], [ [ [ 107.565668, -6.881267, 0.0 ], [ 107.565787, -6.880598, 0.0 ], [ 107.565814, -6.88052, 0.0 ], [ 107.56587, -6.880473, 0.0 ], [ 107.565965, -6.880447, 0.0 ], [ 107.56629, -6.880584, 0.0 ], [ 107.566438, -6.880626, 0.0 ], [ 107.566867, -6.880589, 0.0 ], [ 107.567361, -6.880382, 0.0 ], [ 107.567622, -6.880426, 0.0 ], [ 107.568331, -6.880304, 0.0 ], [ 107.568884, -6.880055, 0.0 ], [ 107.568954, -6.87998, 0.0 ], [ 107.568959, -6.879919, 0.0 ], [ 107.568898, -6.879786, 0.0 ], [ 107.568803, -6.87971, 0.0 ], [ 107.568855, -6.879573, 0.0 ], [ 107.568934, -6.879159, 0.0 ], [ 107.568964, -6.879105, 0.0 ], [ 107.569007, -6.879074, 0.0 ], [ 107.569173, -6.879046, 0.0 ], [ 107.569199, -6.879377, 0.0 ], [ 107.569264, -6.879543, 0.0 ], [ 107.56938, -6.879709, 0.0 ], [ 107.569552, -6.879793, 0.0 ], [ 107.569662, -6.879892, 0.0 ], [ 107.569909, -6.880283, 0.0 ], [ 107.570029, -6.880436, 0.0 ], [ 107.570059, -6.88052, 0.0 ], [ 107.570041, -6.880674, 0.0 ], [ 107.569921, -6.881026, 0.0 ], [ 107.569921, -6.881012, 0.0 ], [ 107.567692, -6.881731, 0.0 ], [ 107.565715, -6.881949, 0.0 ], [ 107.56549, -6.881677, 0.0 ], [ 107.565668, -6.881267, 0.0 ] ] ] ] } },
{ "type": "Feature", "properties": { "Zona": "Zona L1", "Zona_1": "Zona L1" }, "geometry": { "type": "MultiPolygon", "coordinates": [ [ [ [ 107.533969, -6.862137, 750.0 ], [ 107.533696, -6.862167, 0.0 ], [ 107.533378, -6.86225, 0.0 ], [ 107.533322, -6.862251, 750.0 ], [ 107.533618, -6.86214, 750.0 ], [ 107.533764, -6.86212, 750.0 ], [ 107.533969, -6.862137, 750.0 ] ] ], [ [ [ 107.533103, -6.861247, 750.0 ], [ 107.532872, -6.861273, 750.0 ], [ 107.53285, -6.861282, 750.0 ], [ 107.532908, -6.861244, 0.0 ], [ 107.533103, -6.861247, 750.0 ] ] ], [ [ [ 107.533425, -6.848864, 0.0 ], [ 107.533378, -6.848865, 0.0 ], [ 107.533337, -6.848842, 0.0 ], [ 107.533312, -6.848802, 0.0 ], [ 107.533316, -6.848741, 0.0 ], [ 107.533468, -6.848592, 0.0 ], [ 107.533569, -6.848437, 0.0 ], [ 107.533722, -6.848107, 0.0 ], [ 107.533789, -6.848078, 0.0 ], [ 107.533984, -6.848082, 0.0 ], [ 107.534026, -6.848102, 0.0 ], [ 107.534058, -6.848171, 0.0 ], [ 107.534037, -6.848229, 0.0 ], [ 107.533983, -6.84826, 0.0 ], [ 107.533846, -6.84826, 0.0 ], [ 107.533732, -6.848517, 0.0 ], [ 107.533614, -6.848699, 0.0 ], [ 107.533504, -6.848811, 0.0 ], [ 107.533425, -6.848864, 0.0 ] ] ], [ [ [ 107.533333, -6.847333, 0.0 ], [ 107.533918, -6.847163, 0.0 ], [ 107.534232, -6.847078, 0.0 ], [ 107.533333, -6.847333, 0.0 ] ] ], [ [ [ 107.563429, -6.857889, 0.0 ], [ 107.563426, -6.857923, 0.0 ], [ 107.563585, -6.857907, 0.0 ], [ 107.563715, -6.857937, 0.0 ], [ 107.563925, -6.858137, 0.0 ], [ 107.563833, -6.858153, 0.0 ], [ 107.563577, -6.858089, 0.0 ], [ 107.563398, -6.858108, 0.0 ], [ 107.563363, -6.858231, 0.0 ], [ 107.563291, -6.858357, 0.0 ], [ 107.563075, -6.858477, 0.0 ], [ 107.563024, -6.858531, 0.0 ], [ 107.563011, -6.858573, 0.0 ], [ 107.563052, -6.858617, 0.0 ], [ 107.563196, -6.858662, 0.0 ], [ 107.563308, -6.858747, 0.0 ], [ 107.563356, -6.858846, 0.0 ], [ 107.56336, -6.858902, 0.0 ], [ 107.563329, -6.85895, 0.0 ], [ 107.563027, -6.859193, 0.0 ], [ 107.562717, -6.859345, 0.0 ], [ 107.562597, -6.859436, 0.0 ], [ 107.562548, -6.859517, 0.0 ], [ 107.562551, -6.859693, 0.0 ], [ 107.562681, -6.86009, 0.0 ], [ 107.562661, -6.860215, 0.0 ], [ 107.563083, -6.859983, 0.0 ], [ 107.563341, -6.859722, 0.0 ], [ 107.563512, -6.85929, 0.0 ], [ 107.563855, -6.858813, 0.0 ], [ 107.564017, -6.858365, 0.0 ], [ 107.564056, -6.858295, 0.0 ], [ 107.564213, -6.858535, 0.0 ], [ 107.564298, -6.85871, 0.0 ], [ 107.564395, -6.859008, 0.0 ], [ 107.564288, -6.859121, 0.0 ], [ 107.564076, -6.859673, 0.0 ], [ 107.564135, -6.859736, 0.0 ], [ 107.56406, -6.85989, 0.0 ], [ 107.563872, -6.859846, 0.0 ], [ 107.563563, -6.860173, 0.0 ], [ 107.56359, -6.860181, 0.0 ], [ 107.563193, -6.860598, 0.0 ], [ 107.563047, -6.860895, 0.0 ], [ 107.56288, -6.86144, 0.0 ], [ 107.562742, -6.861346, 0.0 ], [ 107.562753, -6.861316, 0.0 ], [ 107.562732, -6.861217, 0.0 ], [ 107.562665, -6.861208, 0.0 ], [ 107.562619, -6.861235, 0.0 ], [ 107.56214, -6.860863, 0.0 ], [ 107.56235, -6.860461, 0.0 ], [ 107.56258, -6.860268, 0.0 ], [ 107.5621, -6.860414, 0.0 ], [ 107.561881, -6.8604, 0.0 ], [ 107.561843, -6.860486, 0.0 ], [ 107.561842, -6.860685, 0.0 ], [ 107.561797, -6.860926, 0.0 ], [ 107.561985, -6.861315, 0.0 ], [ 107.562054, -6.861501, 0.0 ], [ 107.562059, -6.861548, 0.0 ], [ 107.56203, -6.861671, 0.0 ], [ 107.561943, -6.861747, 0.0 ], [ 107.561903, -6.86176, 0.0 ], [ 107.561718, -6.861745, 0.0 ], [ 107.561435, -6.86178, 0.0 ], [ 107.561198, -6.861755, 0.0 ], [ 107.561124, -6.861769, 0.0 ], [ 107.561065, -6.861805, 0.0 ], [ 107.560931, -6.86204, 0.0 ], [ 107.560908, -6.862203, 0.0 ], [ 107.560937, -6.862368, 0.0 ], [ 107.56101, -6.862503, 0.0 ], [ 107.561101, -6.862587, 0.0 ], [ 107.561413, -6.862698, 0.0 ], [ 107.561536, -6.862813, 0.0 ], [ 107.561601, -6.862996, 0.0 ], [ 107.561594, -6.863204, 0.0 ], [ 107.561359, -6.863517, 0.0 ], [ 107.561119, -6.863918, 0.0 ], [ 107.561076, -6.864238, 0.0 ], [ 107.561003, -6.864456, 0.0 ], [ 107.560904, -6.864552, 0.0 ], [ 107.560724, -6.864609, 0.0 ], [ 107.560341, -6.864639, 0.0 ], [ 107.559788, -6.864545, 0.0 ], [ 107.559681, -6.864574, 0.0 ], [ 107.559597, -6.864636, 0.0 ], [ 107.559495, -6.864992, 0.0 ], [ 107.559134, -6.865607, 0.0 ], [ 107.559088, -6.865802, 0.0 ], [ 107.559126, -6.865912, 0.0 ], [ 107.559195, -6.866415, 0.0 ], [ 107.559171, -6.866836, 0.0 ], [ 107.559158, -6.866879, 0.0 ], [ 107.559012, -6.866966, 0.0 ], [ 107.558421, -6.866967, 0.0 ], [ 107.55838, -6.867003, 0.0 ], [ 107.558356, -6.867065, 0.0 ], [ 107.558294, -6.867473, 0.0 ], [ 107.55827, -6.867936, 0.0 ], [ 107.558065, -6.868382, 0.0 ], [ 107.557897, -6.86857, 0.0 ], [ 107.557716, -6.868669, 0.0 ], [ 107.556964, -6.868803, 0.0 ], [ 107.556788, -6.868912, 0.0 ], [ 107.556737, -6.868971, 0.0 ], [ 107.556708, -6.869084, 0.0 ], [ 107.556633, -6.869612, 0.0 ], [ 107.556614, -6.869656, 0.0 ], [ 107.55651, -6.869784, 0.0 ], [ 107.556122, -6.870002, 0.0 ], [ 107.555901, -6.870178, 0.0 ], [ 107.555849, -6.870298, 0.0 ], [ 107.555757, -6.870672, 0.0 ], [ 107.55558, -6.871082, 0.0 ], [ 107.555462, -6.871312, 0.0 ], [ 107.555459, -6.871351, 0.0 ], [ 107.555524, -6.871467, 0.0 ], [ 107.555651, -6.871778, 0.0 ], [ 107.556053, -6.872253, 0.0 ], [ 107.55609, -6.872438, 0.0 ], [ 107.556089, -6.872573, 0.0 ], [ 107.556069, -6.872615, 0.0 ], [ 107.556031, -6.872642, 0.0 ], [ 107.555958, -6.872651, 0.0 ], [ 107.555922, -6.872617, 0.0 ], [ 107.555885, -6.872327, 0.0 ], [ 107.555494, -6.871871, 0.0 ], [ 107.555335, -6.871499, 0.0 ], [ 107.555226, -6.871554, 0.0 ], [ 107.55501, -6.871811, 0.0 ], [ 107.554579, -6.872468, 0.0 ], [ 107.554524, -6.872495, 0.0 ], [ 107.554478, -6.872488, 0.0 ], [ 107.554441, -6.872458, 0.0 ], [ 107.554424, -6.872399, 0.0 ], [ 107.554439, -6.872355, 0.0 ], [ 107.554868, -6.8717, 0.0 ], [ 107.555108, -6.871415, 0.0 ], [ 107.55528, -6.871324, 0.0 ], [ 107.555287, -6.871257, 0.0 ], [ 107.555415, -6.871007, 0.0 ], [ 107.555588, -6.870607, 0.0 ], [ 107.555675, -6.870248, 0.0 ], [ 107.555751, -6.870072, 0.0 ], [ 107.556026, -6.869849, 0.0 ], [ 107.556392, -6.869645, 0.0 ], [ 107.556457, -6.869563, 0.0 ], [ 107.55653, -6.869054, 0.0 ], [ 107.556586, -6.868869, 0.0 ], [ 107.55667, -6.868774, 0.0 ], [ 107.556895, -6.868634, 0.0 ], [ 107.557654, -6.868498, 0.0 ], [ 107.557783, -6.868428, 0.0 ], [ 107.55792, -6.868272, 0.0 ], [ 107.558092, -6.867898, 0.0 ], [ 107.558115, -6.86745, 0.0 ], [ 107.558179, -6.867027, 0.0 ], [ 107.558235, -6.866891, 0.0 ], [ 107.558329, -6.866807, 0.0 ], [ 107.558376, -6.866786, 0.0 ], [ 107.558973, -6.866787, 0.0 ], [ 107.558994, -6.866776, 0.0 ], [ 107.559013, -6.86642, 0.0 ], [ 107.558948, -6.865948, 0.0 ], [ 107.558904, -6.865799, 0.0 ], [ 107.558964, -6.865544, 0.0 ], [ 107.559043, -6.865398, 0.0 ], [ 107.558767, -6.865546, 0.0 ], [ 107.558636, -6.865591, 0.0 ], [ 107.558536, -6.865694, 0.0 ], [ 107.558494, -6.865795, 0.0 ], [ 107.558473, -6.865961, 0.0 ], [ 107.558534, -6.866246, 0.0 ], [ 107.558495, -6.866426, 0.0 ], [ 107.558409, -6.86661, 0.0 ], [ 107.558295, -6.86669, 0.0 ], [ 107.558066, -6.866708, 0.0 ], [ 107.558015, -6.866687, 0.0 ], [ 107.55786, -6.866555, 0.0 ], [ 107.557746, -6.866543, 0.0 ], [ 107.557683, -6.866621, 0.0 ], [ 107.557604, -6.866789, 0.0 ], [ 107.557556, -6.866981, 0.0 ], [ 107.557646, -6.867421, 0.0 ], [ 107.557818, -6.867559, 0.0 ], [ 107.557905, -6.867667, 0.0 ], [ 107.557891, -6.867857, 0.0 ], [ 107.557813, -6.868008, 0.0 ], [ 107.557335, -6.868444, 0.0 ], [ 107.557184, -6.868509, 0.0 ], [ 107.557092, -6.868501, 0.0 ], [ 107.556823, -6.868361, 0.0 ], [ 107.556534, -6.868165, 0.0 ], [ 107.556265, -6.867942, 0.0 ], [ 107.556159, -6.867998, 0.0 ], [ 107.556121, -6.868067, 0.0 ], [ 107.556131, -6.868327, 0.0 ], [ 107.556196, -6.868675, 0.0 ], [ 107.556304, -6.868939, 0.0 ], [ 107.55625, -6.869098, 0.0 ], [ 107.556066, -6.869203, 0.0 ], [ 107.555723, -6.869314, 0.0 ], [ 107.554907, -6.86988, 0.0 ], [ 107.554615, -6.870172, 0.0 ], [ 107.554438, -6.870292, 0.0 ], [ 107.554385, -6.870445, 0.0 ], [ 107.554284, -6.87055, 0.0 ], [ 107.554016, -6.870683, 0.0 ], [ 107.553288, -6.870654, 0.0 ], [ 107.55324, -6.870678, 0.0 ], [ 107.553149, -6.870795, 0.0 ], [ 107.553121, -6.870914, 0.0 ], [ 107.553164, -6.871174, 0.0 ], [ 107.553145, -6.871382, 0.0 ], [ 107.55307, -6.87156, 0.0 ], [ 107.552954, -6.871672, 0.0 ], [ 107.552846, -6.871718, 0.0 ], [ 107.552794, -6.871717, 0.0 ], [ 107.552219, -6.871423, 0.0 ], [ 107.552113, -6.871405, 0.0 ], [ 107.55208, -6.871468, 0.0 ], [ 107.55206, -6.871664, 0.0 ], [ 107.552131, -6.871863, 0.0 ], [ 107.551993, -6.872168, 0.0 ], [ 107.551922, -6.872424, 0.0 ], [ 107.55187, -6.87247, 0.0 ], [ 107.551713, -6.8725, 0.0 ], [ 107.551494, -6.872758, 0.0 ], [ 107.551364, -6.872845, 0.0 ], [ 107.550989, -6.872869, 0.0 ], [ 107.550453, -6.872664, 0.0 ], [ 107.550265, -6.872483, 0.0 ], [ 107.550073, -6.872413, 0.0 ], [ 107.550015, -6.872406, 0.0 ], [ 107.549981, -6.872423, 0.0 ], [ 107.549934, -6.872495, 0.0 ], [ 107.549919, -6.872565, 0.0 ], [ 107.549936, -6.872723, 0.0 ], [ 107.549875, -6.872958, 0.0 ], [ 107.549586, -6.873374, 0.0 ], [ 107.549397, -6.873608, 0.0 ], [ 107.548815, -6.874165, 0.0 ], [ 107.548805, -6.874358, 0.0 ], [ 107.548772, -6.87445, 0.0 ], [ 107.548732, -6.874497, 0.0 ], [ 107.548617, -6.874537, 0.0 ], [ 107.548522, -6.874828, 0.0 ], [ 107.548456, -6.874924, 0.0 ], [ 107.548347, -6.874969, 0.0 ], [ 107.548289, -6.874968, 0.0 ], [ 107.547934, -6.874707, 0.0 ], [ 107.547829, -6.874686, 0.0 ], [ 107.547626, -6.874722, 0.0 ], [ 107.547457, -6.87486, 0.0 ], [ 107.547326, -6.875139, 0.0 ], [ 107.547305, -6.875262, 0.0 ], [ 107.547531, -6.875452, 0.0 ], [ 107.547551, -6.875691, 0.0 ], [ 107.547451, -6.876008, 0.0 ], [ 107.547294, -6.876263, 0.0 ], [ 107.547134, -6.876641, 0.0 ], [ 107.546976, -6.876552, 0.0 ], [ 107.547131, -6.876199, 0.0 ], [ 107.547286, -6.875947, 0.0 ], [ 107.547374, -6.875667, 0.0 ], [ 107.547365, -6.875527, 0.0 ], [ 107.547153, -6.875365, 0.0 ], [ 107.547123, -6.875254, 0.0 ], [ 107.547155, -6.875094, 0.0 ], [ 107.547309, -6.874767, 0.0 ], [ 107.547551, -6.87457, 0.0 ], [ 107.547835, -6.874519, 0.0 ], [ 107.548006, -6.874554, 0.0 ], [ 107.548139, -6.874636, 0.0 ], [ 107.548338, -6.874796, 0.0 ], [ 107.548355, -6.874773, 0.0 ], [ 107.548467, -6.874433, 0.0 ], [ 107.548511, -6.874392, 0.0 ], [ 107.548618, -6.874361, 0.0 ], [ 107.548638, -6.874121, 0.0 ], [ 107.548655, -6.874084, 0.0 ], [ 107.54926, -6.873504, 0.0 ], [ 107.549439, -6.873283, 0.0 ], [ 107.549711, -6.872892, 0.0 ], [ 107.549754, -6.872726, 0.0 ], [ 107.549732, -6.872602, 0.0 ], [ 107.54976, -6.872457, 0.0 ], [ 107.549843, -6.872317, 0.0 ], [ 107.549973, -6.872241, 0.0 ], [ 107.550072, -6.872245, 0.0 ], [ 107.550115, -6.872215, 0.0 ], [ 107.550204, -6.87206, 0.0 ], [ 107.550212, -6.871997, 0.0 ], [ 107.550182, -6.87175, 0.0 ], [ 107.55021, -6.87163, 0.0 ], [ 107.550221, -6.871453, 0.0 ], [ 107.550203, -6.871225, 0.0 ], [ 107.550355, -6.870731, 0.0 ], [ 107.550875, -6.869935, 0.0 ], [ 107.550935, -6.869737, 0.0 ], [ 107.551207, -6.86943, 0.0 ], [ 107.551422, -6.869153, 0.0 ], [ 107.551473, -6.869129, 0.0 ], [ 107.55157, -6.869138, 0.0 ], [ 107.552253, -6.869578, 0.0 ], [ 107.552592, -6.869185, 0.0 ], [ 107.552738, -6.869176, 0.0 ], [ 107.55301, -6.869302, 0.0 ], [ 107.553129, -6.869254, 0.0 ], [ 107.553231, -6.869239, 0.0 ], [ 107.553279, -6.869269, 0.0 ], [ 107.553404, -6.869423, 0.0 ], [ 107.553542, -6.869777, 0.0 ], [ 107.553816, -6.869581, 0.0 ], [ 107.553868, -6.869514, 0.0 ], [ 107.553628, -6.869363, 0.0 ], [ 107.553449, -6.869175, 0.0 ], [ 107.553347, -6.868979, 0.0 ], [ 107.55331, -6.868843, 0.0 ], [ 107.553308, -6.868684, 0.0 ], [ 107.553291, -6.868665, 0.0 ], [ 107.552988, -6.868463, 0.0 ], [ 107.552704, -6.868158, 0.0 ], [ 107.552501, -6.868028, 0.0 ], [ 107.552456, -6.867942, 0.0 ], [ 107.552486, -6.867866, 0.0 ], [ 107.552179, -6.867598, 0.0 ], [ 107.552033, -6.867515, 0.0 ], [ 107.55194, -6.8677, 0.0 ], [ 107.551902, -6.867725, 0.0 ], [ 107.551843, -6.867724, 0.0 ], [ 107.551384, -6.867561, 0.0 ], [ 107.55032, -6.867015, 0.0 ], [ 107.550169, -6.866973, 0.0 ], [ 107.550103, -6.867, 0.0 ], [ 107.549927, -6.867205, 0.0 ], [ 107.549881, -6.867234, 0.0 ], [ 107.549524, -6.867267, 0.0 ], [ 107.54937, -6.867266, 0.0 ], [ 107.549328, -6.867248, 0.0 ], [ 107.549099, -6.867065, 0.0 ], [ 107.548434, -6.866595, 0.0 ], [ 107.548015, -6.866256, 0.0 ], [ 107.547492, -6.86573, 0.0 ], [ 107.547278, -6.865409, 0.0 ], [ 107.547215, -6.865345, 0.0 ], [ 107.546935, -6.86528, 0.0 ], [ 107.546605, -6.865, 0.0 ], [ 107.546524, -6.864906, 0.0 ], [ 107.546488, -6.864783, 0.0 ], [ 107.546168, -6.864408, 0.0 ], [ 107.545909, -6.863936, 0.0 ], [ 107.545861, -6.863888, 0.0 ], [ 107.54568, -6.863868, 0.0 ], [ 107.545455, -6.863901, 0.0 ], [ 107.545353, -6.863938, 0.0 ], [ 107.545157, -6.864069, 0.0 ], [ 107.544865, -6.86428, 0.0 ], [ 107.544789, -6.864366, 0.0 ], [ 107.544693, -6.864565, 0.0 ], [ 107.54481, -6.864615, 0.0 ], [ 107.54484, -6.864644, 0.0 ], [ 107.544875, -6.864843, 0.0 ], [ 107.545195, -6.865003, 0.0 ], [ 107.545293, -6.865081, 0.0 ], [ 107.545312, -6.865115, 0.0 ], [ 107.545335, -6.86525, 0.0 ], [ 107.545315, -6.865323, 0.0 ], [ 107.545262, -6.865354, 0.0 ], [ 107.545013, -6.865356, 0.0 ], [ 107.544949, -6.865378, 0.0 ], [ 107.544604, -6.865757, 0.0 ], [ 107.544415, -6.865932, 0.0 ], [ 107.544374, -6.866116, 0.0 ], [ 107.544313, -6.866286, 0.0 ], [ 107.544234, -6.86638, 0.0 ], [ 107.544194, -6.866398, 0.0 ], [ 107.54415, -6.866395, 0.0 ], [ 107.543988, -6.86634, 0.0 ], [ 107.543903, -6.866284, 0.0 ], [ 107.543879, -6.866342, 0.0 ], [ 107.544306, -6.866632, 0.0 ], [ 107.54438, -6.866649, 0.0 ], [ 107.544638, -6.866518, 0.0 ], [ 107.544759, -6.866486, 0.0 ], [ 107.544934, -6.866411, 0.0 ], [ 107.545083, -6.866412, 0.0 ], [ 107.545171, -6.866478, 0.0 ], [ 107.5452, -6.86652, 0.0 ], [ 107.545234, -6.866728, 0.0 ], [ 107.545217, -6.866854, 0.0 ], [ 107.545121, -6.867, 0.0 ], [ 107.544783, -6.867199, 0.0 ], [ 107.544691, -6.867325, 0.0 ], [ 107.544659, -6.867471, 0.0 ], [ 107.54466, -6.867695, 0.0 ], [ 107.544616, -6.867947, 0.0 ], [ 107.544456, -6.868206, 0.0 ], [ 107.544353, -6.868284, 0.0 ], [ 107.544215, -6.868275, 0.0 ], [ 107.543829, -6.868008, 0.0 ], [ 107.543599, -6.867968, 0.0 ], [ 107.543382, -6.867819, 0.0 ], [ 107.54321, -6.868077, 0.0 ], [ 107.543145, -6.868107, 0.0 ], [ 107.543027, -6.868089, 0.0 ], [ 107.5428, -6.867981, 0.0 ], [ 107.542755, -6.86794, 0.0 ], [ 107.54274, -6.867874, 0.0 ], [ 107.542652, -6.867866, 0.0 ], [ 107.542532, -6.868107, 0.0 ], [ 107.542533, -6.868121, 0.0 ], [ 107.542627, -6.868138, 0.0 ], [ 107.542668, -6.868179, 0.0 ], [ 107.542671, -6.868237, 0.0 ], [ 107.54262, -6.868289, 0.0 ], [ 107.542393, -6.868272, 0.0 ], [ 107.542269, -6.868278, 0.0 ], [ 107.542119, -6.868408, 0.0 ], [ 107.542037, -6.868431, 0.0 ], [ 107.542052, -6.868355, 0.0 ], [ 107.541814, -6.868266, 0.0 ], [ 107.541743, -6.868256, 0.0 ], [ 107.541631, -6.868299, 0.0 ], [ 107.541379, -6.868458, 0.0 ], [ 107.541337, -6.868471, 0.0 ], [ 107.541644, -6.868249, 0.0 ], [ 107.541801, -6.868223, 0.0 ], [ 107.541973, -6.868274, 0.0 ], [ 107.54203, -6.868262, 0.0 ], [ 107.5422, -6.86812, 0.0 ], [ 107.542338, -6.868108, 0.0 ], [ 107.542524, -6.867733, 0.0 ], [ 107.542588, -6.867697, 0.0 ], [ 107.542807, -6.867719, 0.0 ], [ 107.542889, -6.86777, 0.0 ], [ 107.542917, -6.867848, 0.0 ], [ 107.543097, -6.867933, 0.0 ], [ 107.543296, -6.867641, 0.0 ], [ 107.543334, -6.867618, 0.0 ], [ 107.543378, -6.867615, 0.0 ], [ 107.543661, -6.867809, 0.0 ], [ 107.543899, -6.867854, 0.0 ], [ 107.544277, -6.868115, 0.0 ], [ 107.544317, -6.868103, 0.0 ], [ 107.544443, -6.867903, 0.0 ], [ 107.54448, -6.867674, 0.0 ], [ 107.54448, -6.867447, 0.0 ], [ 107.544527, -6.867245, 0.0 ], [ 107.544661, -6.867064, 0.0 ], [ 107.545, -6.866863, 0.0 ], [ 107.545046, -6.866788, 0.0 ], [ 107.545052, -6.866731, 0.0 ], [ 107.54503, -6.866597, 0.0 ], [ 107.544971, -6.86659, 0.0 ], [ 107.544826, -6.866654, 0.0 ], [ 107.544704, -6.866687, 0.0 ], [ 107.544518, -6.866793, 0.0 ], [ 107.544365, -6.866831, 0.0 ], [ 107.544218, -6.866791, 0.0 ], [ 107.543716, -6.86645, 0.0 ], [ 107.543686, -6.866416, 0.0 ], [ 107.543677, -6.866371, 0.0 ], [ 107.543755, -6.86617, 0.0 ], [ 107.543871, -6.866073, 0.0 ], [ 107.543928, -6.866077, 0.0 ], [ 107.544068, -6.866178, 0.0 ], [ 107.54415, -6.866205, 0.0 ], [ 107.544199, -6.866072, 0.0 ], [ 107.544246, -6.865858, 0.0 ], [ 107.54435, -6.865735, 0.0 ], [ 107.544469, -6.865635, 0.0 ], [ 107.544841, -6.865229, 0.0 ], [ 107.544981, -6.865177, 0.0 ], [ 107.545122, -6.865175, 0.0 ], [ 107.544739, -6.864973, 0.0 ], [ 107.544696, -6.864879, 0.0 ], [ 107.54468, -6.864756, 0.0 ], [ 107.544533, -6.86469, 0.0 ], [ 107.544504, -6.864657, 0.0 ], [ 107.544494, -6.864599, 0.0 ], [ 107.544536, -6.864462, 0.0 ], [ 107.544646, -6.864255, 0.0 ], [ 107.544751, -6.86414, 0.0 ], [ 107.545277, -6.863773, 0.0 ], [ 107.545417, -6.863724, 0.0 ], [ 107.545665, -6.863687, 0.0 ], [ 107.545941, -6.863721, 0.0 ], [ 107.546058, -6.863831, 0.0 ], [ 107.546321, -6.864311, 0.0 ], [ 107.546648, -6.864692, 0.0 ], [ 107.546683, -6.864815, 0.0 ], [ 107.546728, -6.864866, 0.0 ], [ 107.547024, -6.865119, 0.0 ], [ 107.547203, -6.865151, 0.0 ], [ 107.547318, -6.865194, 0.0 ], [ 107.547424, -6.865302, 0.0 ], [ 107.547631, -6.865615, 0.0 ], [ 107.548139, -6.866124, 0.0 ], [ 107.548544, -6.866451, 0.0 ], [ 107.549204, -6.866917, 0.0 ], [ 107.549416, -6.867087, 0.0 ], [ 107.549814, -6.867059, 0.0 ], [ 107.550014, -6.866842, 0.0 ], [ 107.550147, -6.86679, 0.0 ], [ 107.550307, -6.866819, 0.0 ], [ 107.550669, -6.866136, 0.0 ], [ 107.550722, -6.866112, 0.0 ], [ 107.550989, -6.866091, 0.0 ], [ 107.551111, -6.865962, 0.0 ], [ 107.551334, -6.8656, 0.0 ], [ 107.551608, -6.86509, 0.0 ], [ 107.551726, -6.864918, 0.0 ], [ 107.55205, -6.864552, 0.0 ], [ 107.552198, -6.864463, 0.0 ], [ 107.552406, -6.864412, 0.0 ], [ 107.552422, -6.864396, 0.0 ], [ 107.552556, -6.864123, 0.0 ], [ 107.552874, -6.863588, 0.0 ], [ 107.552749, -6.863539, 0.0 ], [ 107.552597, -6.863442, 0.0 ], [ 107.552567, -6.863409, 0.0 ], [ 107.552556, -6.863366, 0.0 ], [ 107.553016, -6.862463, 0.0 ], [ 107.553039, -6.862323, 0.0 ], [ 107.553106, -6.862136, 0.0 ], [ 107.55289, -6.861994, 0.0 ], [ 107.552869, -6.861944, 0.0 ], [ 107.552877, -6.861856, 0.0 ], [ 107.552939, -6.861773, 0.0 ], [ 107.553158, -6.861377, 0.0 ], [ 107.553255, -6.861241, 0.0 ], [ 107.553319, -6.861016, 0.0 ], [ 107.553465, -6.860688, 0.0 ], [ 107.553458, -6.860577, 0.0 ], [ 107.553613, -6.860195, 0.0 ], [ 107.553608, -6.85999, 0.0 ], [ 107.553754, -6.85961, 0.0 ], [ 107.553802, -6.859546, 0.0 ], [ 107.553896, -6.8595, 0.0 ], [ 107.553938, -6.859443, 0.0 ], [ 107.554084, -6.859207, 0.0 ], [ 107.554263, -6.858965, 0.0 ], [ 107.554363, -6.858789, 0.0 ], [ 107.554414, -6.858766, 0.0 ], [ 107.554568, -6.858754, 0.0 ], [ 107.554602, -6.8587, 0.0 ], [ 107.554019, -6.858383, 0.0 ], [ 107.553994, -6.858319, 0.0 ], [ 107.554025, -6.858149, 0.0 ], [ 107.554362, -6.857767, 0.0 ], [ 107.554503, -6.857481, 0.0 ], [ 107.554687, -6.857323, 0.0 ], [ 107.554818, -6.857263, 0.0 ], [ 107.554941, -6.857072, 0.0 ], [ 107.554968, -6.856672, 0.0 ], [ 107.555163, -6.856326, 0.0 ], [ 107.555345, -6.855818, 0.0 ], [ 107.555404, -6.855774, 0.0 ], [ 107.555495, -6.855771, 0.0 ], [ 107.555716, -6.855881, 0.0 ], [ 107.555796, -6.855684, 0.0 ], [ 107.555896, -6.855597, 0.0 ], [ 107.555937, -6.855591, 0.0 ], [ 107.556016, -6.855607, 0.0 ], [ 107.556297, -6.855704, 0.0 ], [ 107.556427, -6.855557, 0.0 ], [ 107.556511, -6.855493, 0.0 ], [ 107.556562, -6.855482, 0.0 ], [ 107.556754, -6.855509, 0.0 ], [ 107.557046, -6.855351, 0.0 ], [ 107.557101, -6.855358, 0.0 ], [ 107.557291, -6.855481, 0.0 ], [ 107.557397, -6.855525, 0.0 ], [ 107.557574, -6.855536, 0.0 ], [ 107.557767, -6.855227, 0.0 ], [ 107.557725, -6.854977, 0.0 ], [ 107.557728, -6.854893, 0.0 ], [ 107.557925, -6.855053, 0.0 ], [ 107.557949, -6.855172, 0.0 ], [ 107.557932, -6.855303, 0.0 ], [ 107.558121, -6.855211, 0.0 ], [ 107.557915, -6.855401, 0.0 ], [ 107.557873, -6.855402, 0.0 ], [ 107.557752, -6.855605, 0.0 ], [ 107.557684, -6.855684, 0.0 ], [ 107.557602, -6.855715, 0.0 ], [ 107.557584, -6.855755, 0.0 ], [ 107.557508, -6.85583, 0.0 ], [ 107.557256, -6.856043, 0.0 ], [ 107.557175, -6.856207, 0.0 ], [ 107.557057, -6.856585, 0.0 ], [ 107.557092, -6.85675, 0.0 ], [ 107.557166, -6.85692, 0.0 ], [ 107.557481, -6.85727, 0.0 ], [ 107.5575, -6.857379, 0.0 ], [ 107.557527, -6.857397, 0.0 ], [ 107.557647, -6.857431, 0.0 ], [ 107.557799, -6.857387, 0.0 ], [ 107.557856, -6.857391, 0.0 ], [ 107.558443, -6.857754, 0.0 ], [ 107.559706, -6.858395, 0.0 ], [ 107.55974, -6.858423, 0.0 ], [ 107.559756, -6.858464, 0.0 ], [ 107.559742, -6.85855, 0.0 ], [ 107.55953, -6.859096, 0.0 ], [ 107.559551, -6.859289, 0.0 ], [ 107.55932, -6.859879, 0.0 ], [ 107.559305, -6.859995, 0.0 ], [ 107.558556, -6.86173, 0.0 ], [ 107.558964, -6.861988, 0.0 ], [ 107.558982, -6.862029, 0.0 ], [ 107.558978, -6.862075, 0.0 ], [ 107.558825, -6.862366, 0.0 ], [ 107.559106, -6.862486, 0.0 ], [ 107.559229, -6.862565, 0.0 ], [ 107.559265, -6.862612, 0.0 ], [ 107.559264, -6.862702, 0.0 ], [ 107.559299, -6.862728, 0.0 ], [ 107.559445, -6.862778, 0.0 ], [ 107.55969, -6.862803, 0.0 ], [ 107.55995, -6.86292, 0.0 ], [ 107.560197, -6.862796, 0.0 ], [ 107.560438, -6.86279, 0.0 ], [ 107.560487, -6.862702, 0.0 ], [ 107.560456, -6.862427, 0.0 ], [ 107.560426, -6.862365, 0.0 ], [ 107.560438, -6.862147, 0.0 ], [ 107.560591, -6.861805, 0.0 ], [ 107.560593, -6.861463, 0.0 ], [ 107.560711, -6.861338, 0.0 ], [ 107.561162, -6.861237, 0.0 ], [ 107.561253, -6.861156, 0.0 ], [ 107.561387, -6.860916, 0.0 ], [ 107.561393, -6.860417, 0.0 ], [ 107.561423, -6.860245, 0.0 ], [ 107.561502, -6.860092, 0.0 ], [ 107.561623, -6.859964, 0.0 ], [ 107.561923, -6.859774, 0.0 ], [ 107.562076, -6.859615, 0.0 ], [ 107.562476, -6.858722, 0.0 ], [ 107.562847, -6.85827, 0.0 ], [ 107.562902, -6.858158, 0.0 ], [ 107.56294, -6.857554, 0.0 ], [ 107.563118, -6.857607, 0.0 ], [ 107.563082, -6.858187, 0.0 ], [ 107.563037, -6.858293, 0.0 ], [ 107.56316, -6.858228, 0.0 ], [ 107.563194, -6.858166, 0.0 ], [ 107.563238, -6.858009, 0.0 ], [ 107.563271, -6.857668, 0.0 ], [ 107.563444, -6.857755, 0.0 ], [ 107.563429, -6.857889, 0.0 ] ], [ [ 107.560773, -6.861824, 0.0 ], [ 107.560617, -6.862174, 0.0 ], [ 107.560608, -6.862329, 0.0 ], [ 107.56064, -6.862437, 0.0 ], [ 107.560666, -6.862751, 0.0 ], [ 107.560369, -6.863269, 0.0 ], [ 107.560205, -6.863464, 0.0 ], [ 107.560037, -6.863566, 0.0 ], [ 107.55971, -6.863702, 0.0 ], [ 107.558858, -6.864101, 0.0 ], [ 107.558562, -6.864275, 0.0 ], [ 107.558146, -6.864358, 0.0 ], [ 107.557843, -6.864538, 0.0 ], [ 107.557687, -6.864565, 0.0 ], [ 107.557554, -6.864614, 0.0 ], [ 107.557434, -6.865038, 0.0 ], [ 107.557411, -6.865078, 0.0 ], [ 107.557307, -6.865179, 0.0 ], [ 107.557269, -6.865195, 0.0 ], [ 107.557053, -6.865167, 0.0 ], [ 107.556881, -6.865506, 0.0 ], [ 107.556552, -6.865903, 0.0 ], [ 107.556353, -6.866174, 0.0 ], [ 107.556236, -6.866395, 0.0 ], [ 107.555315, -6.867809, 0.0 ], [ 107.555263, -6.86826, 0.0 ], [ 107.555215, -6.868503, 0.0 ], [ 107.555086, -6.868669, 0.0 ], [ 107.554646, -6.869004, 0.0 ], [ 107.554536, -6.869254, 0.0 ], [ 107.554401, -6.869348, 0.0 ], [ 107.554129, -6.869471, 0.0 ], [ 107.553942, -6.869712, 0.0 ], [ 107.553583, -6.86997, 0.0 ], [ 107.553531, -6.869987, 0.0 ], [ 107.553479, -6.869971, 0.0 ], [ 107.553406, -6.869912, 0.0 ], [ 107.553247, -6.869515, 0.0 ], [ 107.553176, -6.869429, 0.0 ], [ 107.552996, -6.86949, 0.0 ], [ 107.552698, -6.869354, 0.0 ], [ 107.552671, -6.869356, 0.0 ], [ 107.552339, -6.869754, 0.0 ], [ 107.552263, -6.869785, 0.0 ], [ 107.552068, -6.869676, 0.0 ], [ 107.55152, -6.86932, 0.0 ], [ 107.55135, -6.869541, 0.0 ], [ 107.551092, -6.869831, 0.0 ], [ 107.551039, -6.870014, 0.0 ], [ 107.550523, -6.870801, 0.0 ], [ 107.550384, -6.871246, 0.0 ], [ 107.550402, -6.871457, 0.0 ], [ 107.550389, -6.871659, 0.0 ], [ 107.550364, -6.871763, 0.0 ], [ 107.55039, -6.87204, 0.0 ], [ 107.550375, -6.872107, 0.0 ], [ 107.550271, -6.872307, 0.0 ], [ 107.550365, -6.872345, 0.0 ], [ 107.550548, -6.872522, 0.0 ], [ 107.551034, -6.872707, 0.0 ], [ 107.551286, -6.872692, 0.0 ], [ 107.551372, -6.872624, 0.0 ], [ 107.551609, -6.872344, 0.0 ], [ 107.551764, -6.872307, 0.0 ], [ 107.551822, -6.872106, 0.0 ], [ 107.551942, -6.871851, 0.0 ], [ 107.551878, -6.871668, 0.0 ], [ 107.551904, -6.871421, 0.0 ], [ 107.551995, -6.871262, 0.0 ], [ 107.552104, -6.87122, 0.0 ], [ 107.552279, -6.871252, 0.0 ], [ 107.552826, -6.871531, 0.0 ], [ 107.552858, -6.871518, 0.0 ], [ 107.552916, -6.871462, 0.0 ], [ 107.552969, -6.871334, 0.0 ], [ 107.552982, -6.87118, 0.0 ], [ 107.552939, -6.87091, 0.0 ], [ 107.552978, -6.870735, 0.0 ], [ 107.55313, -6.870532, 0.0 ], [ 107.55326, -6.870473, 0.0 ], [ 107.553982, -6.870503, 0.0 ], [ 107.554186, -6.870397, 0.0 ], [ 107.554226, -6.870352, 0.0 ], [ 107.554247, -6.870271, 0.0 ], [ 107.554307, -6.87016, 0.0 ], [ 107.554491, -6.87004, 0.0 ], [ 107.554797, -6.869737, 0.0 ], [ 107.555633, -6.869156, 0.0 ], [ 107.555998, -6.869035, 0.0 ], [ 107.556109, -6.868974, 0.0 ], [ 107.556117, -6.868947, 0.0 ], [ 107.55602, -6.868717, 0.0 ], [ 107.555952, -6.868353, 0.0 ], [ 107.55594, -6.868037, 0.0 ], [ 107.556021, -6.867878, 0.0 ], [ 107.55618, -6.867771, 0.0 ], [ 107.556238, -6.867758, 0.0 ], [ 107.556347, -6.86778, 0.0 ], [ 107.556442, -6.867844, 0.0 ], [ 107.55664, -6.868019, 0.0 ], [ 107.55692, -6.868209, 0.0 ], [ 107.557146, -6.868326, 0.0 ], [ 107.557223, -6.868302, 0.0 ], [ 107.557678, -6.867887, 0.0 ], [ 107.557715, -6.867809, 0.0 ], [ 107.557723, -6.867721, 0.0 ], [ 107.557507, -6.867541, 0.0 ], [ 107.557475, -6.867489, 0.0 ], [ 107.557373, -6.866984, 0.0 ], [ 107.557436, -6.866719, 0.0 ], [ 107.557528, -6.866529, 0.0 ], [ 107.557627, -6.866402, 0.0 ], [ 107.557669, -6.866374, 0.0 ], [ 107.557792, -6.866355, 0.0 ], [ 107.557936, -6.866389, 0.0 ], [ 107.558103, -6.866525, 0.0 ], [ 107.55824, -6.866514, 0.0 ], [ 107.558269, -6.866492, 0.0 ], [ 107.558323, -6.866368, 0.0 ], [ 107.558353, -6.866229, 0.0 ], [ 107.55829, -6.865965, 0.0 ], [ 107.558319, -6.865748, 0.0 ], [ 107.558375, -6.865609, 0.0 ], [ 107.558532, -6.86544, 0.0 ], [ 107.55869, -6.865382, 0.0 ], [ 107.558924, -6.865261, 0.0 ], [ 107.559011, -6.865195, 0.0 ], [ 107.559064, -6.865073, 0.0 ], [ 107.559058, -6.864837, 0.0 ], [ 107.559111, -6.864635, 0.0 ], [ 107.559247, -6.864352, 0.0 ], [ 107.559358, -6.864243, 0.0 ], [ 107.559504, -6.864184, 0.0 ], [ 107.559791, -6.864189, 0.0 ], [ 107.560091, -6.864265, 0.0 ], [ 107.560345, -6.864365, 0.0 ], [ 107.560471, -6.864385, 0.0 ], [ 107.560588, -6.864369, 0.0 ], [ 107.560885, -6.86424, 0.0 ], [ 107.560949, -6.863852, 0.0 ], [ 107.561206, -6.86342, 0.0 ], [ 107.561423, -6.863133, 0.0 ], [ 107.56142, -6.863015, 0.0 ], [ 107.561381, -6.862911, 0.0 ], [ 107.561308, -6.862847, 0.0 ], [ 107.561011, -6.862746, 0.0 ], [ 107.560858, -6.862601, 0.0 ], [ 107.560766, -6.86243, 0.0 ], [ 107.560728, -6.86222, 0.0 ], [ 107.56076, -6.861976, 0.0 ], [ 107.560928, -6.861682, 0.0 ], [ 107.56106, -6.861599, 0.0 ], [ 107.561193, -6.861573, 0.0 ], [ 107.561433, -6.861599, 0.0 ], [ 107.561714, -6.861564, 0.0 ], [ 107.561871, -6.861574, 0.0 ], [ 107.561876, -6.861541, 0.0 ], [ 107.561819, -6.861388, 0.0 ], [ 107.561613, -6.860956, 0.0 ], [ 107.561663, -6.86066, 0.0 ], [ 107.561666, -6.860443, 0.0 ], [ 107.561744, -6.860274, 0.0 ], [ 107.561849, -6.860216, 0.0 ], [ 107.561899, -6.860209, 0.0 ], [ 107.561992, -6.860235, 0.0 ], [ 107.56207, -6.860235, 0.0 ], [ 107.562497, -6.860105, 0.0 ], [ 107.562371, -6.859725, 0.0 ], [ 107.562366, -6.859493, 0.0 ], [ 107.562379, -6.859445, 0.0 ], [ 107.562474, -6.859301, 0.0 ], [ 107.562624, -6.859191, 0.0 ], [ 107.562923, -6.859044, 0.0 ], [ 107.563156, -6.858857, 0.0 ], [ 107.563117, -6.858826, 0.0 ], [ 107.562944, -6.858766, 0.0 ], [ 107.562833, -6.858646, 0.0 ], [ 107.562818, -6.858594, 0.0 ], [ 107.562631, -6.858817, 0.0 ], [ 107.562224, -6.85972, 0.0 ], [ 107.562039, -6.859913, 0.0 ], [ 107.561746, -6.860097, 0.0 ], [ 107.56165, -6.860197, 0.0 ], [ 107.561591, -6.860314, 0.0 ], [ 107.561574, -6.860423, 0.0 ], [ 107.561566, -6.860958, 0.0 ], [ 107.561403, -6.861257, 0.0 ], [ 107.561241, -6.861402, 0.0 ], [ 107.560792, -6.861504, 0.0 ], [ 107.560767, -6.861533, 0.0 ], [ 107.560773, -6.861824, 0.0 ] ], [ [ 107.559523, -6.864365, 0.0 ], [ 107.559459, -6.864395, 0.0 ], [ 107.559387, -6.864468, 0.0 ], [ 107.559283, -6.864689, 0.0 ], [ 107.559237, -6.864865, 0.0 ], [ 107.559245, -6.865065, 0.0 ], [ 107.559325, -6.864927, 0.0 ], [ 107.559394, -6.864654, 0.0 ], [ 107.559452, -6.864522, 0.0 ], [ 107.559596, -6.864413, 0.0 ], [ 107.55975, -6.864368, 0.0 ], [ 107.559523, -6.864365, 0.0 ] ], [ [ 107.556557, -6.855684, 0.0 ], [ 107.556392, -6.85587, 0.0 ], [ 107.55634, -6.855899, 0.0 ], [ 107.555956, -6.855779, 0.0 ], [ 107.555847, -6.856041, 0.0 ], [ 107.555785, -6.856084, 0.0 ], [ 107.555593, -6.85603, 0.0 ], [ 107.555483, -6.855968, 0.0 ], [ 107.555331, -6.856394, 0.0 ], [ 107.555142, -6.856731, 0.0 ], [ 107.55512, -6.857106, 0.0 ], [ 107.555106, -6.85715, 0.0 ], [ 107.554939, -6.857402, 0.0 ], [ 107.554782, -6.857478, 0.0 ], [ 107.554644, -6.857597, 0.0 ], [ 107.554512, -6.85787, 0.0 ], [ 107.554195, -6.858219, 0.0 ], [ 107.554185, -6.858272, 0.0 ], [ 107.554753, -6.858577, 0.0 ], [ 107.554781, -6.858613, 0.0 ], [ 107.554798, -6.858714, 0.0 ], [ 107.554678, -6.858912, 0.0 ], [ 107.554638, -6.858931, 0.0 ], [ 107.554481, -6.85894, 0.0 ], [ 107.554418, -6.859059, 0.0 ], [ 107.554234, -6.859308, 0.0 ], [ 107.554027, -6.859627, 0.0 ], [ 107.553914, -6.859696, 0.0 ], [ 107.553787, -6.860026, 0.0 ], [ 107.553792, -6.860233, 0.0 ], [ 107.553639, -6.860611, 0.0 ], [ 107.553645, -6.860724, 0.0 ], [ 107.553491, -6.861071, 0.0 ], [ 107.553421, -6.861315, 0.0 ], [ 107.553315, -6.861467, 0.0 ], [ 107.55307, -6.861898, 0.0 ], [ 107.553268, -6.862032, 0.0 ], [ 107.553303, -6.862092, 0.0 ], [ 107.553213, -6.862374, 0.0 ], [ 107.553188, -6.862522, 0.0 ], [ 107.552765, -6.863335, 0.0 ], [ 107.552834, -6.863379, 0.0 ], [ 107.553003, -6.863447, 0.0 ], [ 107.553075, -6.863521, 0.0 ], [ 107.553083, -6.86358, 0.0 ], [ 107.552714, -6.864212, 0.0 ], [ 107.552583, -6.864478, 0.0 ], [ 107.552729, -6.864582, 0.0 ], [ 107.553119, -6.86479, 0.0 ], [ 107.55313, -6.864784, 0.0 ], [ 107.553258, -6.864616, 0.0 ], [ 107.553857, -6.86371, 0.0 ], [ 107.554279, -6.863134, 0.0 ], [ 107.554344, -6.86308, 0.0 ], [ 107.554378, -6.862918, 0.0 ], [ 107.554796, -6.862205, 0.0 ], [ 107.555074, -6.861623, 0.0 ], [ 107.555104, -6.861587, 0.0 ], [ 107.555148, -6.861571, 0.0 ], [ 107.555194, -6.86158, 0.0 ], [ 107.55523, -6.86161, 0.0 ], [ 107.555245, -6.861654, 0.0 ], [ 107.555237, -6.8617, 0.0 ], [ 107.554956, -6.862291, 0.0 ], [ 107.554546, -6.862989, 0.0 ], [ 107.554522, -6.863116, 0.0 ], [ 107.554762, -6.863275, 0.0 ], [ 107.555808, -6.863883, 0.0 ], [ 107.555851, -6.863946, 0.0 ], [ 107.55584, -6.864006, 0.0 ], [ 107.555778, -6.86405, 0.0 ], [ 107.555717, -6.864039, 0.0 ], [ 107.554667, -6.863429, 0.0 ], [ 107.554412, -6.863259, 0.0 ], [ 107.554004, -6.863815, 0.0 ], [ 107.553404, -6.864723, 0.0 ], [ 107.553255, -6.864916, 0.0 ], [ 107.553203, -6.86495, 0.0 ], [ 107.553365, -6.865097, 0.0 ], [ 107.553453, -6.865152, 0.0 ], [ 107.553656, -6.865349, 0.0 ], [ 107.553904, -6.865512, 0.0 ], [ 107.554417, -6.865907, 0.0 ], [ 107.554443, -6.865978, 0.0 ], [ 107.554416, -6.866034, 0.0 ], [ 107.55436, -6.86606, 0.0 ], [ 107.554301, -6.866044, 0.0 ], [ 107.554072, -6.865882, 0.0 ], [ 107.553794, -6.865655, 0.0 ], [ 107.553542, -6.865489, 0.0 ], [ 107.553337, -6.865292, 0.0 ], [ 107.55325, -6.865238, 0.0 ], [ 107.553173, -6.865157, 0.0 ], [ 107.552996, -6.865022, 0.0 ], [ 107.552948, -6.864904, 0.0 ], [ 107.552639, -6.864739, 0.0 ], [ 107.55243, -6.864591, 0.0 ], [ 107.552363, -6.864604, 0.0 ], [ 107.552266, -6.864631, 0.0 ], [ 107.552167, -6.864691, 0.0 ], [ 107.551866, -6.865034, 0.0 ], [ 107.551765, -6.86518, 0.0 ], [ 107.551491, -6.86569, 0.0 ], [ 107.551249, -6.866079, 0.0 ], [ 107.551062, -6.866263, 0.0 ], [ 107.550789, -6.866286, 0.0 ], [ 107.550472, -6.866893, 0.0 ], [ 107.551459, -6.867396, 0.0 ], [ 107.551824, -6.867526, 0.0 ], [ 107.551919, -6.867356, 0.0 ], [ 107.551957, -6.867329, 0.0 ], [ 107.552016, -6.867317, 0.0 ], [ 107.55207, -6.867324, 0.0 ], [ 107.552283, -6.86745, 0.0 ], [ 107.552393, -6.867536, 0.0 ], [ 107.552676, -6.867807, 0.0 ], [ 107.552696, -6.867865, 0.0 ], [ 107.55267, -6.867928, 0.0 ], [ 107.552822, -6.868019, 0.0 ], [ 107.553104, -6.868323, 0.0 ], [ 107.553403, -6.868523, 0.0 ], [ 107.553465, -6.868588, 0.0 ], [ 107.553488, -6.868635, 0.0 ], [ 107.553489, -6.868814, 0.0 ], [ 107.553518, -6.868922, 0.0 ], [ 107.553596, -6.869069, 0.0 ], [ 107.553743, -6.869222, 0.0 ], [ 107.553978, -6.86937, 0.0 ], [ 107.554024, -6.869322, 0.0 ], [ 107.554311, -6.869191, 0.0 ], [ 107.554401, -6.869129, 0.0 ], [ 107.554507, -6.868884, 0.0 ], [ 107.554958, -6.86854, 0.0 ], [ 107.555051, -6.868421, 0.0 ], [ 107.555085, -6.868232, 0.0 ], [ 107.555122, -6.867848, 0.0 ], [ 107.555156, -6.867721, 0.0 ], [ 107.556083, -6.866299, 0.0 ], [ 107.556203, -6.866073, 0.0 ], [ 107.556411, -6.86579, 0.0 ], [ 107.556727, -6.865411, 0.0 ], [ 107.5569, -6.865069, 0.0 ], [ 107.556954, -6.865002, 0.0 ], [ 107.55699, -6.864982, 0.0 ], [ 107.557221, -6.865011, 0.0 ], [ 107.557267, -6.864966, 0.0 ], [ 107.557413, -6.864484, 0.0 ], [ 107.557633, -6.864392, 0.0 ], [ 107.557778, -6.864368, 0.0 ], [ 107.558086, -6.864186, 0.0 ], [ 107.558497, -6.864105, 0.0 ], [ 107.55878, -6.863938, 0.0 ], [ 107.559634, -6.863539, 0.0 ], [ 107.559961, -6.863402, 0.0 ], [ 107.560087, -6.863325, 0.0 ], [ 107.560216, -6.863173, 0.0 ], [ 107.560326, -6.862968, 0.0 ], [ 107.56024, -6.862973, 0.0 ], [ 107.559988, -6.863102, 0.0 ], [ 107.559942, -6.863109, 0.0 ], [ 107.559643, -6.862979, 0.0 ], [ 107.55941, -6.862956, 0.0 ], [ 107.559212, -6.862887, 0.0 ], [ 107.559108, -6.862806, 0.0 ], [ 107.55908, -6.862684, 0.0 ], [ 107.558734, -6.862523, 0.0 ], [ 107.558655, -6.862471, 0.0 ], [ 107.558635, -6.862414, 0.0 ], [ 107.558658, -6.862278, 0.0 ], [ 107.558771, -6.862075, 0.0 ], [ 107.558425, -6.86186, 0.0 ], [ 107.558361, -6.861776, 0.0 ], [ 107.558366, -6.861715, 0.0 ], [ 107.559133, -6.859938, 0.0 ], [ 107.559147, -6.859825, 0.0 ], [ 107.559369, -6.859259, 0.0 ], [ 107.559352, -6.859058, 0.0 ], [ 107.559558, -6.858523, 0.0 ], [ 107.558355, -6.857912, 0.0 ], [ 107.557806, -6.857572, 0.0 ], [ 107.557638, -6.857616, 0.0 ], [ 107.55745, -6.857561, 0.0 ], [ 107.557353, -6.857496, 0.0 ], [ 107.557326, -6.85745, 0.0 ], [ 107.557317, -6.857357, 0.0 ], [ 107.557006, -6.857006, 0.0 ], [ 107.55692, -6.856808, 0.0 ], [ 107.556874, -6.856584, 0.0 ], [ 107.557004, -6.856146, 0.0 ], [ 107.557102, -6.855946, 0.0 ], [ 107.557376, -6.855705, 0.0 ], [ 107.557204, -6.855639, 0.0 ], [ 107.557059, -6.855545, 0.0 ], [ 107.55681, -6.855684, 0.0 ], [ 107.556673, -6.855689, 0.0 ], [ 107.556576, -6.855669, 0.0 ], [ 107.556557, -6.855684, 0.0 ] ] ], [ [ [ 107.562658, -6.889415, 750.0 ], [ 107.562646, -6.889448, 0.0 ], [ 107.562639, -6.889441, 750.0 ], [ 107.562658, -6.889415, 750.0 ] ] ], [ [ [ 107.562749, -6.889088, 750.0 ], [ 107.562724, -6.889194, 750.0 ], [ 107.562637, -6.889439, 750.0 ], [ 107.562621, -6.889424, 0.0 ], [ 107.562749, -6.889088, 750.0 ] ] ], [ [ [ 107.562772, -6.889091, 0.0 ], [ 107.562768, -6.889104, 750.0 ], [ 107.562794, -6.889019, 750.0 ], [ 107.562803, -6.888896, 750.0 ], [ 107.562799, -6.888993, 0.0 ], [ 107.562788, -6.889046, 0.0 ], [ 107.562772, -6.889091, 0.0 ] ] ], [ [ [ 107.562781, -6.888956, 750.0 ], [ 107.562776, -6.888978, 750.0 ], [ 107.562781, -6.888901, 0.0 ], [ 107.562737, -6.888784, 0.0 ], [ 107.562739, -6.888751, 750.0 ], [ 107.562788, -6.888878, 750.0 ], [ 107.562781, -6.888956, 750.0 ] ] ], [ [ [ 107.564088, -6.888444, 0.0 ], [ 107.563638, -6.888361, 0.0 ], [ 107.563056, -6.88828, 0.0 ], [ 107.563003, -6.888381, 0.0 ], [ 107.562836, -6.888589, 0.0 ], [ 107.562755, -6.888751, 750.0 ], [ 107.562749, -6.888734, 750.0 ], [ 107.562761, -6.888664, 750.0 ], [ 107.563002, -6.888254, 750.0 ], [ 107.563558, -6.888348, 0.0 ], [ 107.563917, -6.888374, 0.0 ], [ 107.564061, -6.888422, 0.0 ], [ 107.564088, -6.888444, 0.0 ] ] ], [ [ [ 107.562969, -6.888284, 0.0 ], [ 107.562989, -6.888254, 750.0 ], [ 107.562861, -6.888467, 750.0 ], [ 107.56284, -6.888447, 750.0 ], [ 107.562831, -6.888394, 750.0 ], [ 107.562884, -6.888373, 0.0 ], [ 107.562945, -6.888279, 0.0 ], [ 107.562969, -6.888284, 0.0 ] ] ], [ [ [ 107.560383, -6.88813, 0.0 ], [ 107.561063, -6.888099, 0.0 ], [ 107.561723, -6.888098, 0.0 ], [ 107.561717, -6.888114, 0.0 ], [ 107.56168, -6.88811, 0.0 ], [ 107.561649, -6.888188, 0.0 ], [ 107.560549, -6.88821, 0.0 ], [ 107.559662, -6.888288, 0.0 ], [ 107.559103, -6.888365, 750.0 ], [ 107.559118, -6.888301, 750.0 ], [ 107.559185, -6.88826, 750.0 ], [ 107.559651, -6.888197, 0.0 ], [ 107.560383, -6.88813, 0.0 ] ] ], [ [ [ 107.56173, -6.888181, 0.0 ], [ 107.561745, -6.888145, 0.0 ], [ 107.561911, -6.888193, 0.0 ], [ 107.561726, -6.888189, 0.0 ], [ 107.56173, -6.888181, 0.0 ] ] ], [ [ [ 107.563077, -6.888091, 750.0 ], [ 107.563016, -6.888085, 0.0 ], [ 107.56319, -6.887797, 0.0 ], [ 107.563192, -6.887652, 750.0 ], [ 107.563263, -6.887658, 750.0 ], [ 107.563296, -6.887699, 750.0 ], [ 107.563294, -6.887769, 750.0 ], [ 107.563267, -6.887839, 750.0 ], [ 107.563157, -6.88797, 750.0 ], [ 107.563077, -6.888091, 750.0 ] ] ], [ [ [ 107.564736, -6.876135, 0.0 ], [ 107.564802, -6.875922, 0.0 ], [ 107.564827, -6.875668, 0.0 ], [ 107.564831, -6.875445, 0.0 ], [ 107.564804, -6.875321, 0.0 ], [ 107.564877, -6.875237, 0.0 ], [ 107.564996, -6.875226, 0.0 ], [ 107.565053, -6.875143, 0.0 ], [ 107.565146, -6.875065, 0.0 ], [ 107.565302, -6.875043, 0.0 ], [ 107.565587, -6.875052, 0.0 ], [ 107.565712, -6.875113, 0.0 ], [ 107.565633, -6.875272, 0.0 ], [ 107.565807, -6.87535, 0.0 ], [ 107.565751, -6.875515, 0.0 ], [ 107.565778, -6.875582, 0.0 ], [ 107.565595, -6.875932, 0.0 ], [ 107.565794, -6.876019, 0.0 ], [ 107.565667, -6.876298, 0.0 ], [ 107.565675, -6.876423, 0.0 ], [ 107.565139, -6.876278, 0.0 ], [ 107.56506, -6.876337, 0.0 ], [ 107.565035, -6.87633, 0.0 ], [ 107.564956, -6.876352, 0.0 ], [ 107.564843, -6.876243, 0.0 ], [ 107.564708, -6.876165, 0.0 ], [ 107.564736, -6.876135, 0.0 ] ] ], [ [ [ 107.544974, -6.872398, 0.0 ], [ 107.545076, -6.872569, 0.0 ], [ 107.545023, -6.872908, 0.0 ], [ 107.544731, -6.873481, 0.0 ], [ 107.544647, -6.873736, 0.0 ], [ 107.544481, -6.874108, 0.0 ], [ 107.544416, -6.874231, 0.0 ], [ 107.544136, -6.874658, 0.0 ], [ 107.544115, -6.874805, 0.0 ], [ 107.54395, -6.87471, 0.0 ], [ 107.543961, -6.874617, 0.0 ], [ 107.544319, -6.874041, 0.0 ], [ 107.54448, -6.873681, 0.0 ], [ 107.544567, -6.873419, 0.0 ], [ 107.544851, -6.872863, 0.0 ], [ 107.544891, -6.872595, 0.0 ], [ 107.544792, -6.872444, 0.0 ], [ 107.544785, -6.872383, 0.0 ], [ 107.544945, -6.8721, 0.0 ], [ 107.545126, -6.87203, 0.0 ], [ 107.545166, -6.871937, 0.0 ], [ 107.545198, -6.871907, 0.0 ], [ 107.545241, -6.871896, 0.0 ], [ 107.545297, -6.871914, 0.0 ], [ 107.545332, -6.871978, 0.0 ], [ 107.545305, -6.872081, 0.0 ], [ 107.545232, -6.872167, 0.0 ], [ 107.54507, -6.872225, 0.0 ], [ 107.544974, -6.872398, 0.0 ] ] ], [ [ [ 107.54175, -6.872558, 0.0 ], [ 107.541637, -6.87287, 0.0 ], [ 107.541637, -6.872885, 0.0 ], [ 107.541827, -6.873, 0.0 ], [ 107.541736, -6.873205, 0.0 ], [ 107.541367, -6.872969, 0.0 ], [ 107.541367, -6.87294, 0.0 ], [ 107.541526, -6.872453, 0.0 ], [ 107.54175, -6.872558, 0.0 ] ] ], [ [ [ 107.540903, -6.872604, 0.0 ], [ 107.54096, -6.872492, 0.0 ], [ 107.541139, -6.87259, 0.0 ], [ 107.541216, -6.872391, 0.0 ], [ 107.541354, -6.872452, 0.0 ], [ 107.541183, -6.872853, 0.0 ], [ 107.540868, -6.872673, 0.0 ], [ 107.540903, -6.872604, 0.0 ] ] ], [ [ [ 107.540632, -6.870684, 0.0 ], [ 107.540484, -6.870731, 0.0 ], [ 107.540315, -6.870823, 0.0 ], [ 107.539979, -6.870955, 0.0 ], [ 107.539243, -6.871306, 0.0 ], [ 107.539125, -6.871648, 0.0 ], [ 107.53896, -6.871544, 0.0 ], [ 107.538988, -6.871432, 0.0 ], [ 107.538838, -6.871415, 0.0 ], [ 107.538822, -6.871458, 0.0 ], [ 107.53858, -6.871334, 0.0 ], [ 107.538728, -6.871034, 0.0 ], [ 107.538816, -6.871073, 0.0 ], [ 107.53879, -6.871269, 0.0 ], [ 107.538926, -6.87134, 0.0 ], [ 107.539033, -6.871355, 0.0 ], [ 107.539047, -6.871351, 0.0 ], [ 107.539064, -6.87129, 0.0 ], [ 107.539092, -6.871269, 0.0 ], [ 107.539879, -6.870878, 0.0 ], [ 107.540167, -6.870787, 0.0 ], [ 107.540221, -6.870855, 0.0 ], [ 107.540412, -6.87065, 0.0 ], [ 107.540638, -6.87048, 0.0 ], [ 107.540721, -6.870396, 0.0 ], [ 107.540932, -6.870068, 0.0 ], [ 107.540978, -6.869875, 0.0 ], [ 107.541023, -6.869768, 0.0 ], [ 107.541041, -6.869659, 0.0 ], [ 107.541101, -6.869532, 0.0 ], [ 107.54114, -6.869523, 0.0 ], [ 107.541175, -6.869601, 0.0 ], [ 107.540978, -6.870222, 0.0 ], [ 107.540896, -6.870397, 0.0 ], [ 107.540632, -6.870684, 0.0 ] ] ], [ [ [ 107.534103, -6.866059, 750.0 ], [ 107.534108, -6.866057, 750.0 ], [ 107.534104, -6.866059, 750.0 ], [ 107.534103, -6.866059, 750.0 ] ] ], [ [ [ 107.533759, -6.865412, 0.0 ], [ 107.533867, -6.865514, 0.0 ], [ 107.533917, -6.865626, 0.0 ], [ 107.533955, -6.865921, 0.0 ], [ 107.53403, -6.866018, 0.0 ], [ 107.534088, -6.866059, 750.0 ], [ 107.534028, -6.866049, 750.0 ], [ 107.533959, -6.865945, 0.0 ], [ 107.533842, -6.8656, 0.0 ], [ 107.533744, -6.865405, 750.0 ], [ 107.533759, -6.865412, 0.0 ] ] ], [ [ [ 107.541057, -6.867792, 0.0 ], [ 107.540824, -6.867804, 0.0 ], [ 107.54084, -6.867818, 0.0 ], [ 107.540824, -6.867819, 0.0 ], [ 107.540698, -6.867742, 0.0 ], [ 107.540615, -6.86772, 0.0 ], [ 107.540225, -6.867667, 0.0 ], [ 107.539858, -6.867929, 0.0 ], [ 107.539564, -6.868183, 0.0 ], [ 107.539029, -6.86857, 0.0 ], [ 107.538308, -6.868839, 0.0 ], [ 107.538238, -6.868835, 0.0 ], [ 107.537757, -6.86863, 0.0 ], [ 107.537725, -6.868658, 0.0 ], [ 107.537382, -6.868522, 0.0 ], [ 107.537403, -6.868455, 0.0 ], [ 107.537461, -6.868451, 0.0 ], [ 107.537606, -6.86849, 0.0 ], [ 107.538248, -6.868736, 0.0 ], [ 107.538306, -6.868732, 0.0 ], [ 107.539125, -6.868403, 0.0 ], [ 107.539744, -6.867788, 0.0 ], [ 107.539876, -6.867693, 0.0 ], [ 107.540019, -6.867673, 0.0 ], [ 107.540143, -6.867524, 0.0 ], [ 107.5402, -6.867516, 0.0 ], [ 107.540738, -6.867641, 0.0 ], [ 107.541012, -6.86763, 0.0 ], [ 107.541091, -6.867596, 0.0 ], [ 107.541233, -6.867463, 0.0 ], [ 107.541957, -6.866582, 0.0 ], [ 107.542529, -6.866515, 0.0 ], [ 107.542561, -6.866484, 0.0 ], [ 107.542645, -6.866307, 0.0 ], [ 107.542726, -6.866233, 0.0 ], [ 107.543092, -6.866266, 0.0 ], [ 107.543592, -6.864617, 0.0 ], [ 107.544103, -6.86275, 0.0 ], [ 107.544306, -6.861802, 0.0 ], [ 107.544347, -6.861743, 0.0 ], [ 107.544319, -6.861736, 0.0 ], [ 107.544345, -6.861616, 0.0 ], [ 107.544225, -6.861617, 0.0 ], [ 107.54423, -6.861463, 0.0 ], [ 107.544537, -6.861482, 0.0 ], [ 107.544471, -6.861773, 0.0 ], [ 107.544482, -6.861839, 0.0 ], [ 107.544277, -6.862799, 0.0 ], [ 107.543766, -6.864665, 0.0 ], [ 107.543231, -6.866404, 0.0 ], [ 107.5432, -6.866439, 0.0 ], [ 107.543156, -6.866454, 0.0 ], [ 107.542793, -6.866413, 0.0 ], [ 107.542713, -6.866586, 0.0 ], [ 107.542613, -6.866679, 0.0 ], [ 107.542418, -6.86672, 0.0 ], [ 107.54205, -6.866746, 0.0 ], [ 107.541362, -6.867575, 0.0 ], [ 107.541195, -6.867732, 0.0 ], [ 107.541057, -6.867792, 0.0 ] ], [ [ 107.539858, -6.867914, 0.0 ], [ 107.539832, -6.867941, 0.0 ], [ 107.539962, -6.867847, 0.0 ], [ 107.539945, -6.867849, 0.0 ], [ 107.539858, -6.867914, 0.0 ] ] ], [ [ [ 107.536448, -6.8639, 0.0 ], [ 107.53618, -6.863907, 0.0 ], [ 107.535681, -6.864337, 0.0 ], [ 107.535678, -6.864474, 0.0 ], [ 107.535632, -6.864598, 0.0 ], [ 107.535338, -6.864767, 0.0 ], [ 107.535119, -6.864862, 0.0 ], [ 107.534787, -6.864963, 0.0 ], [ 107.534629, -6.865057, 0.0 ], [ 107.534473, -6.865073, 0.0 ], [ 107.534172, -6.865218, 0.0 ], [ 107.534055, -6.865222, 0.0 ], [ 107.533878, -6.865151, 0.0 ], [ 107.533809, -6.865151, 0.0 ], [ 107.533756, -6.865178, 0.0 ], [ 107.533729, -6.865231, 750.0 ], [ 107.533744, -6.865097, 750.0 ], [ 107.533775, -6.865054, 750.0 ], [ 107.533812, -6.865035, 750.0 ], [ 107.533854, -6.865036, 750.0 ], [ 107.533968, -6.865132, 750.0 ], [ 107.534045, -6.865172, 750.0 ], [ 107.534191, -6.865166, 750.0 ], [ 107.534261, -6.865139, 750.0 ], [ 107.5344, -6.865036, 750.0 ], [ 107.534609, -6.864995, 750.0 ], [ 107.53479, -6.864914, 750.0 ], [ 107.535287, -6.864756, 750.0 ], [ 107.535468, -6.864615, 750.0 ], [ 107.535533, -6.864534, 750.0 ], [ 107.535558, -6.864485, 750.0 ], [ 107.53557, -6.864339, 750.0 ], [ 107.535601, -6.864264, 750.0 ], [ 107.535774, -6.864076, 750.0 ], [ 107.535849, -6.863962, 750.0 ], [ 107.535991, -6.863843, 750.0 ], [ 107.536069, -6.863802, 750.0 ], [ 107.536105, -6.863792, 750.0 ], [ 107.536602, -6.863824, 750.0 ], [ 107.536847, -6.863789, 750.0 ], [ 107.536827, -6.863834, 0.0 ], [ 107.536781, -6.863864, 0.0 ], [ 107.536448, -6.8639, 0.0 ] ] ], [ [ [ 107.565761, -6.864166, 0.0 ], [ 107.565774, -6.864122, 0.0 ], [ 107.565775, -6.86423, 0.0 ], [ 107.565764, -6.864206, 0.0 ], [ 107.565761, -6.864166, 0.0 ] ] ], [ [ [ 107.565777, -6.86411, 0.0 ], [ 107.56579, -6.864066, 0.0 ], [ 107.565804, -6.86404, 0.0 ], [ 107.565774, -6.864122, 0.0 ], [ 107.565777, -6.86411, 0.0 ] ] ], [ [ [ 107.537127, -6.863213, 0.0 ], [ 107.537095, -6.863245, 0.0 ], [ 107.53682, -6.86341, 0.0 ], [ 107.536821, -6.86343, 750.0 ], [ 107.536641, -6.863437, 750.0 ], [ 107.536629, -6.863375, 0.0 ], [ 107.536655, -6.863321, 0.0 ], [ 107.536983, -6.863116, 0.0 ], [ 107.537014, -6.863062, 0.0 ], [ 107.537014, -6.862976, 0.0 ], [ 107.537045, -6.862844, 0.0 ], [ 107.537132, -6.862733, 0.0 ], [ 107.537257, -6.862645, 0.0 ], [ 107.537744, -6.862536, 0.0 ], [ 107.538064, -6.862362, 0.0 ], [ 107.538282, -6.86213, 0.0 ], [ 107.538493, -6.862049, 0.0 ], [ 107.538991, -6.861948, 0.0 ], [ 107.539259, -6.861767, 0.0 ], [ 107.539385, -6.861746, 0.0 ], [ 107.539809, -6.861949, 0.0 ], [ 107.540043, -6.861974, 0.0 ], [ 107.54026, -6.861961, 0.0 ], [ 107.540393, -6.861884, 0.0 ], [ 107.540549, -6.861831, 0.0 ], [ 107.5407, -6.861821, 0.0 ], [ 107.54084, -6.861851, 0.0 ], [ 107.540959, -6.861908, 0.0 ], [ 107.541163, -6.861763, 0.0 ], [ 107.541323, -6.861757, 0.0 ], [ 107.541378, -6.861783, 0.0 ], [ 107.541404, -6.861821, 0.0 ], [ 107.541403, -6.861883, 0.0 ], [ 107.541364, -6.86193, 0.0 ], [ 107.541214, -6.86194, 0.0 ], [ 107.541074, -6.862061, 0.0 ], [ 107.540973, -6.862091, 0.0 ], [ 107.540923, -6.86209, 0.0 ], [ 107.54078, -6.862023, 0.0 ], [ 107.540676, -6.862001, 0.0 ], [ 107.540577, -6.86201, 0.0 ], [ 107.540463, -6.862051, 0.0 ], [ 107.540307, -6.862138, 0.0 ], [ 107.540047, -6.862155, 0.0 ], [ 107.539751, -6.862122, 0.0 ], [ 107.539442, -6.861965, 0.0 ], [ 107.539357, -6.861929, 0.0 ], [ 107.539321, -6.861938, 0.0 ], [ 107.539054, -6.862119, 0.0 ], [ 107.538537, -6.862225, 0.0 ], [ 107.538376, -6.862287, 0.0 ], [ 107.538182, -6.862501, 0.0 ], [ 107.537805, -6.862707, 0.0 ], [ 107.537492, -6.862768, 0.0 ], [ 107.537288, -6.862829, 0.0 ], [ 107.537208, -6.862913, 0.0 ], [ 107.537192, -6.863094, 0.0 ], [ 107.537127, -6.863213, 0.0 ] ] ], [ [ [ 107.544745, -6.861767, 0.0 ], [ 107.544585, -6.861735, 0.0 ], [ 107.544644, -6.861488, 0.0 ], [ 107.544937, -6.86138, 0.0 ], [ 107.544984, -6.861526, 0.0 ], [ 107.544778, -6.8616, 0.0 ], [ 107.544745, -6.861767, 0.0 ] ] ], [ [ [ 107.544512, -6.861358, 0.0 ], [ 107.544536, -6.861279, 0.0 ], [ 107.544566, -6.86128, 0.0 ], [ 107.54455, -6.861349, 0.0 ], [ 107.544512, -6.861358, 0.0 ] ] ], [ [ [ 107.544915, -6.861047, 0.0 ], [ 107.544895, -6.861127, 0.0 ], [ 107.544982, -6.861093, 0.0 ], [ 107.545016, -6.861233, 0.0 ], [ 107.544676, -6.861341, 0.0 ], [ 107.544761, -6.861014, 0.0 ], [ 107.544915, -6.861047, 0.0 ] ] ], [ [ [ 107.534366, -6.860323, 0.0 ], [ 107.534341, -6.860243, 0.0 ], [ 107.534399, -6.859839, 0.0 ], [ 107.534426, -6.859753, 0.0 ], [ 107.534756, -6.859306, 0.0 ], [ 107.534913, -6.859047, 0.0 ], [ 107.53501, -6.858972, 0.0 ], [ 107.535058, -6.858961, 0.0 ], [ 107.535616, -6.858598, 0.0 ], [ 107.535807, -6.858441, 0.0 ], [ 107.535922, -6.858164, 0.0 ], [ 107.536029, -6.857783, 0.0 ], [ 107.536293, -6.856984, 0.0 ], [ 107.536372, -6.856353, 0.0 ], [ 107.536399, -6.856246, 0.0 ], [ 107.536787, -6.855541, 0.0 ], [ 107.536876, -6.855324, 0.0 ], [ 107.536628, -6.855174, 0.0 ], [ 107.536595, -6.855141, 0.0 ], [ 107.536584, -6.855095, 0.0 ], [ 107.536606, -6.855037, 0.0 ], [ 107.536645, -6.855011, 0.0 ], [ 107.536707, -6.855013, 0.0 ], [ 107.537047, -6.855217, 0.0 ], [ 107.537072, -6.855251, 0.0 ], [ 107.537077, -6.855307, 0.0 ], [ 107.536948, -6.855624, 0.0 ], [ 107.536569, -6.85631, 0.0 ], [ 107.536471, -6.857019, 0.0 ], [ 107.536201, -6.857837, 0.0 ], [ 107.536094, -6.858221, 0.0 ], [ 107.535951, -6.858556, 0.0 ], [ 107.53572, -6.858746, 0.0 ], [ 107.53527, -6.859034, 0.0 ], [ 107.535474, -6.859129, 0.0 ], [ 107.535701, -6.859071, 0.0 ], [ 107.535819, -6.858952, 0.0 ], [ 107.535987, -6.858844, 0.0 ], [ 107.536067, -6.858759, 0.0 ], [ 107.536403, -6.858289, 0.0 ], [ 107.536532, -6.858144, 0.0 ], [ 107.536779, -6.857957, 0.0 ], [ 107.537093, -6.857482, 0.0 ], [ 107.537087, -6.85745, 0.0 ], [ 107.536793, -6.857069, 0.0 ], [ 107.536762, -6.856949, 0.0 ], [ 107.536788, -6.856623, 0.0 ], [ 107.536814, -6.856578, 0.0 ], [ 107.537156, -6.856262, 0.0 ], [ 107.537262, -6.856119, 0.0 ], [ 107.53733, -6.856093, 0.0 ], [ 107.537372, -6.856107, 0.0 ], [ 107.537403, -6.856138, 0.0 ], [ 107.537416, -6.856181, 0.0 ], [ 107.537406, -6.856224, 0.0 ], [ 107.537289, -6.856385, 0.0 ], [ 107.537063, -6.856608, 0.0 ], [ 107.536963, -6.856685, 0.0 ], [ 107.536944, -6.856934, 0.0 ], [ 107.536959, -6.856994, 0.0 ], [ 107.537251, -6.85737, 0.0 ], [ 107.537278, -6.857483, 0.0 ], [ 107.537271, -6.857538, 0.0 ], [ 107.536909, -6.858087, 0.0 ], [ 107.536662, -6.85827, 0.0 ], [ 107.536548, -6.858398, 0.0 ], [ 107.536203, -6.858878, 0.0 ], [ 107.536104, -6.858983, 0.0 ], [ 107.535935, -6.859092, 0.0 ], [ 107.535803, -6.859224, 0.0 ], [ 107.535457, -6.859314, 0.0 ], [ 107.535077, -6.859146, 0.0 ], [ 107.535052, -6.859165, 0.0 ], [ 107.534904, -6.85941, 0.0 ], [ 107.534588, -6.859836, 0.0 ], [ 107.534577, -6.859872, 0.0 ], [ 107.534524, -6.860236, 0.0 ], [ 107.534626, -6.860302, 0.0 ], [ 107.534811, -6.860511, 0.0 ], [ 107.534825, -6.860566, 0.0 ], [ 107.534794, -6.860628, 0.0 ], [ 107.534543, -6.860843, 750.0 ], [ 107.534484, -6.860755, 750.0 ], [ 107.534422, -6.860709, 750.0 ], [ 107.534606, -6.860551, 0.0 ], [ 107.534501, -6.860434, 0.0 ], [ 107.534407, -6.860383, 0.0 ], [ 107.534366, -6.860323, 0.0 ] ] ], [ [ [ 107.551854, -6.845998, 0.0 ], [ 107.551828, -6.846029, 0.0 ], [ 107.551617, -6.846156, 0.0 ], [ 107.551519, -6.846695, 0.0 ], [ 107.551524, -6.846922, 0.0 ], [ 107.551454, -6.847063, 0.0 ], [ 107.551256, -6.847174, 0.0 ], [ 107.551256, -6.847357, 0.0 ], [ 107.551152, -6.847587, 0.0 ], [ 107.5511, -6.847804, 0.0 ], [ 107.550884, -6.848001, 0.0 ], [ 107.550633, -6.848378, 0.0 ], [ 107.550502, -6.848483, 0.0 ], [ 107.550355, -6.848527, 0.0 ], [ 107.550296, -6.848512, 0.0 ], [ 107.55013, -6.848404, 0.0 ], [ 107.549939, -6.848624, 0.0 ], [ 107.549774, -6.848767, 0.0 ], [ 107.549614, -6.848836, 0.0 ], [ 107.549204, -6.848858, 0.0 ], [ 107.549026, -6.849094, 0.0 ], [ 107.548737, -6.849693, 0.0 ], [ 107.548654, -6.850011, 0.0 ], [ 107.548632, -6.850292, 0.0 ], [ 107.5487, -6.850506, 0.0 ], [ 107.548649, -6.850856, 0.0 ], [ 107.548569, -6.851113, 0.0 ], [ 107.548426, -6.85127, 0.0 ], [ 107.548386, -6.851534, 0.0 ], [ 107.548455, -6.851602, 0.0 ], [ 107.548473, -6.851783, 0.0 ], [ 107.548379, -6.852105, 0.0 ], [ 107.548423, -6.852451, 0.0 ], [ 107.548379, -6.85278, 0.0 ], [ 107.548382, -6.852856, 0.0 ], [ 107.548495, -6.853067, 0.0 ], [ 107.548594, -6.853194, 0.0 ], [ 107.54865, -6.853587, 0.0 ], [ 107.548656, -6.854003, 0.0 ], [ 107.548622, -6.854167, 0.0 ], [ 107.548451, -6.854374, 0.0 ], [ 107.548424, -6.8545, 0.0 ], [ 107.548465, -6.854614, 0.0 ], [ 107.548503, -6.855475, 0.0 ], [ 107.548486, -6.855591, 0.0 ], [ 107.54841, -6.855841, 0.0 ], [ 107.548441, -6.856294, 0.0 ], [ 107.54853, -6.856318, 0.0 ], [ 107.548603, -6.856306, 0.0 ], [ 107.549041, -6.856082, 0.0 ], [ 107.549616, -6.855716, 0.0 ], [ 107.54984, -6.855595, 0.0 ], [ 107.549893, -6.855591, 0.0 ], [ 107.549998, -6.855632, 0.0 ], [ 107.55007, -6.855642, 0.0 ], [ 107.550193, -6.855592, 0.0 ], [ 107.550436, -6.855439, 0.0 ], [ 107.550933, -6.854636, 0.0 ], [ 107.550979, -6.854597, 0.0 ], [ 107.551287, -6.854593, 0.0 ], [ 107.551615, -6.854689, 0.0 ], [ 107.551776, -6.854681, 0.0 ], [ 107.551805, -6.854662, 0.0 ], [ 107.551868, -6.854397, 0.0 ], [ 107.55198, -6.854269, 0.0 ], [ 107.552315, -6.854185, 0.0 ], [ 107.55236, -6.854186, 0.0 ], [ 107.552408, -6.85422, 0.0 ], [ 107.55247, -6.854342, 0.0 ], [ 107.552539, -6.854428, 0.0 ], [ 107.552659, -6.854301, 0.0 ], [ 107.55287, -6.854225, 0.0 ], [ 107.553387, -6.853928, 0.0 ], [ 107.553544, -6.853805, 0.0 ], [ 107.553862, -6.853741, 0.0 ], [ 107.554019, -6.853645, 0.0 ], [ 107.554251, -6.853427, 0.0 ], [ 107.554525, -6.853455, 0.0 ], [ 107.554663, -6.853421, 0.0 ], [ 107.554795, -6.853414, 0.0 ], [ 107.554836, -6.853429, 0.0 ], [ 107.554896, -6.853485, 0.0 ], [ 107.55492, -6.853481, 0.0 ], [ 107.554966, -6.853415, 0.0 ], [ 107.554946, -6.853085, 0.0 ], [ 107.555184, -6.852646, 0.0 ], [ 107.5552, -6.852099, 0.0 ], [ 107.555329, -6.851561, 0.0 ], [ 107.555358, -6.851347, 0.0 ], [ 107.555417, -6.851131, 0.0 ], [ 107.555356, -6.850963, 0.0 ], [ 107.555343, -6.85078, 0.0 ], [ 107.555386, -6.850652, 0.0 ], [ 107.555509, -6.850494, 0.0 ], [ 107.555706, -6.85033, 0.0 ], [ 107.555757, -6.85027, 0.0 ], [ 107.555821, -6.850084, 0.0 ], [ 107.55581, -6.84981, 0.0 ], [ 107.55586, -6.849593, 0.0 ], [ 107.555875, -6.849358, 0.0 ], [ 107.555938, -6.849192, 0.0 ], [ 107.556153, -6.848798, 0.0 ], [ 107.556287, -6.848931, 0.0 ], [ 107.5561, -6.849273, 0.0 ], [ 107.556053, -6.849395, 0.0 ], [ 107.55604, -6.849613, 0.0 ], [ 107.555991, -6.849827, 0.0 ], [ 107.555997, -6.850127, 0.0 ], [ 107.555916, -6.850361, 0.0 ], [ 107.555828, -6.850464, 0.0 ], [ 107.555644, -6.850615, 0.0 ], [ 107.555545, -6.850741, 0.0 ], [ 107.555522, -6.850816, 0.0 ], [ 107.555534, -6.850926, 0.0 ], [ 107.555601, -6.851137, 0.0 ], [ 107.555534, -6.85139, 0.0 ], [ 107.555506, -6.851597, 0.0 ], [ 107.555378, -6.852133, 0.0 ], [ 107.555362, -6.852687, 0.0 ], [ 107.555124, -6.853137, 0.0 ], [ 107.555146, -6.853456, 0.0 ], [ 107.555046, -6.853615, 0.0 ], [ 107.554897, -6.853679, 0.0 ], [ 107.554801, -6.853639, 0.0 ], [ 107.554751, -6.853596, 0.0 ], [ 107.554528, -6.853638, 0.0 ], [ 107.554313, -6.853607, 0.0 ], [ 107.554134, -6.853786, 0.0 ], [ 107.553942, -6.853904, 0.0 ], [ 107.55363, -6.853972, 0.0 ], [ 107.553478, -6.854085, 0.0 ], [ 107.552954, -6.854386, 0.0 ], [ 107.552755, -6.854457, 0.0 ], [ 107.552658, -6.854565, 0.0 ], [ 107.552586, -6.854618, 0.0 ], [ 107.552477, -6.854606, 0.0 ], [ 107.552435, -6.854585, 0.0 ], [ 107.552323, -6.854447, 0.0 ], [ 107.552285, -6.854376, 0.0 ], [ 107.552071, -6.85443, 0.0 ], [ 107.55203, -6.854482, 0.0 ], [ 107.551965, -6.854762, 0.0 ], [ 107.551834, -6.854856, 0.0 ], [ 107.551599, -6.854869, 0.0 ], [ 107.551256, -6.854772, 0.0 ], [ 107.551063, -6.85477, 0.0 ], [ 107.550551, -6.85558, 0.0 ], [ 107.550283, -6.855749, 0.0 ], [ 107.550105, -6.855823, 0.0 ], [ 107.549962, -6.85581, 0.0 ], [ 107.549878, -6.855779, 0.0 ], [ 107.549129, -6.85624, 0.0 ], [ 107.548673, -6.856474, 0.0 ], [ 107.548527, -6.8565, 0.0 ], [ 107.548441, -6.856481, 0.0 ], [ 107.548417, -6.856805, 0.0 ], [ 107.548339, -6.856943, 0.0 ], [ 107.548173, -6.857058, 0.0 ], [ 107.548023, -6.857078, 0.0 ], [ 107.54794, -6.85707, 0.0 ], [ 107.547757, -6.85728, 0.0 ], [ 107.547668, -6.857522, 0.0 ], [ 107.54771, -6.857855, 0.0 ], [ 107.547703, -6.857979, 0.0 ], [ 107.547617, -6.858072, 0.0 ], [ 107.547433, -6.858197, 0.0 ], [ 107.547136, -6.858623, 0.0 ], [ 107.546781, -6.858908, 0.0 ], [ 107.546728, -6.859266, 0.0 ], [ 107.546628, -6.859441, 0.0 ], [ 107.546534, -6.859542, 0.0 ], [ 107.546368, -6.859589, 0.0 ], [ 107.54586, -6.860035, 0.0 ], [ 107.545594, -6.860353, 0.0 ], [ 107.545476, -6.860583, 0.0 ], [ 107.545145, -6.86079, 0.0 ], [ 107.544986, -6.860926, 0.0 ], [ 107.544948, -6.860944, 0.0 ], [ 107.544905, -6.860942, 0.0 ], [ 107.544699, -6.860827, 0.0 ], [ 107.544599, -6.860646, 0.0 ], [ 107.544467, -6.860719, 0.0 ], [ 107.544349, -6.860754, 0.0 ], [ 107.544217, -6.860713, 0.0 ], [ 107.544148, -6.860647, 0.0 ], [ 107.543374, -6.860721, 0.0 ], [ 107.543295, -6.860747, 0.0 ], [ 107.543057, -6.860883, 0.0 ], [ 107.542974, -6.860948, 0.0 ], [ 107.542909, -6.860973, 0.0 ], [ 107.542562, -6.861628, 0.0 ], [ 107.542493, -6.861726, 0.0 ], [ 107.542282, -6.861823, 0.0 ], [ 107.542158, -6.861939, 0.0 ], [ 107.54195, -6.861976, 0.0 ], [ 107.541859, -6.862017, 0.0 ], [ 107.541467, -6.862448, 0.0 ], [ 107.540795, -6.862735, 0.0 ], [ 107.540467, -6.86277, 0.0 ], [ 107.540105, -6.862764, 0.0 ], [ 107.539754, -6.862967, 0.0 ], [ 107.53949, -6.863029, 0.0 ], [ 107.539152, -6.863047, 0.0 ], [ 107.538566, -6.863492, 0.0 ], [ 107.538446, -6.863549, 0.0 ], [ 107.53834, -6.86357, 0.0 ], [ 107.538327, -6.863558, 0.0 ], [ 107.537924, -6.863965, 0.0 ], [ 107.537366, -6.864215, 0.0 ], [ 107.537108, -6.864506, 0.0 ], [ 107.537004, -6.864687, 0.0 ], [ 107.536865, -6.864832, 0.0 ], [ 107.536744, -6.864889, 0.0 ], [ 107.536613, -6.864876, 0.0 ], [ 107.536534, -6.864793, 0.0 ], [ 107.536478, -6.864695, 0.0 ], [ 107.536412, -6.864644, 0.0 ], [ 107.536298, -6.864616, 0.0 ], [ 107.53613, -6.864767, 0.0 ], [ 107.535967, -6.864836, 0.0 ], [ 107.535332, -6.865238, 0.0 ], [ 107.534943, -6.865566, 0.0 ], [ 107.534512, -6.865881, 0.0 ], [ 107.534237, -6.866182, 0.0 ], [ 107.534108, -6.866232, 0.0 ], [ 107.534108, -6.866247, 0.0 ], [ 107.534077, -6.866163, 749.99865 ], [ 107.53418, -6.866124, 750.0 ], [ 107.53432, -6.865926, 750.0 ], [ 107.534479, -6.865852, 750.0 ], [ 107.53457, -6.865712, 750.0 ], [ 107.53492, -6.865434, 750.0 ], [ 107.535042, -6.86537, 750.0 ], [ 107.535178, -6.865267, 750.0 ], [ 107.535331, -6.865121, 750.0 ], [ 107.53552, -6.865073, 750.0 ], [ 107.535608, -6.865025, 750.0 ], [ 107.535653, -6.864972, 750.0 ], [ 107.535699, -6.864861, 750.0 ], [ 107.535745, -6.86482, 750.0 ], [ 107.536083, -6.864701, 750.0 ], [ 107.536242, -6.864593, 750.0 ], [ 107.53637, -6.864574, 750.0 ], [ 107.536458, -6.864606, 750.0 ], [ 107.536661, -6.864832, 750.0 ], [ 107.536683, -6.864852, 750.0 ], [ 107.536707, -6.86485, 750.0 ], [ 107.536909, -6.864647, 750.0 ], [ 107.537024, -6.864468, 750.0 ], [ 107.537117, -6.864373, 750.0 ], [ 107.537223, -6.864186, 750.0 ], [ 107.537327, -6.864141, 750.0 ], [ 107.53744, -6.864022, 750.0 ], [ 107.537614, -6.863995, 750.0 ], [ 107.537511, -6.863997, 750.0 ], [ 107.537428, -6.86402, 750.0 ], [ 107.537333, -6.864124, 750.0 ], [ 107.537214, -6.864183, 750.0 ], [ 107.537117, -6.864352, 750.0 ], [ 107.537012, -6.864466, 750.0 ], [ 107.536903, -6.864639, 750.0 ], [ 107.5367, -6.864824, 750.0 ], [ 107.536655, -6.864802, 750.0 ], [ 107.536445, -6.864574, 750.0 ], [ 107.536354, -6.864552, 750.0 ], [ 107.536234, -6.864575, 750.0 ], [ 107.536077, -6.864684, 750.0 ], [ 107.535851, -6.864751, 750.0 ], [ 107.535718, -6.864814, 750.0 ], [ 107.535675, -6.864849, 750.0 ], [ 107.535625, -6.864961, 750.0 ], [ 107.535566, -6.865023, 750.0 ], [ 107.535447, -6.865072, 750.0 ], [ 107.535309, -6.865097, 750.0 ], [ 107.535134, -6.865271, 750.0 ], [ 107.534801, -6.86549, 750.0 ], [ 107.534541, -6.865696, 750.0 ], [ 107.534438, -6.865811, 750.0 ], [ 107.534295, -6.865886, 750.0 ], [ 107.534158, -6.866036, 750.0 ], [ 107.534123, -6.866051, 750.0 ], [ 107.5344, -6.865754, 0.0 ], [ 107.534834, -6.865436, 0.0 ], [ 107.53523, -6.865103, 0.0 ], [ 107.535877, -6.864693, 0.0 ], [ 107.536032, -6.864628, 0.0 ], [ 107.5362, -6.864475, 0.0 ], [ 107.536241, -6.864454, 0.0 ], [ 107.536359, -6.86445, 0.0 ], [ 107.5365, -6.864499, 0.0 ], [ 107.536613, -6.864587, 0.0 ], [ 107.536696, -6.864721, 0.0 ], [ 107.536761, -6.864697, 0.0 ], [ 107.536852, -6.8646, 0.0 ], [ 107.53689, -6.864516, 0.0 ], [ 107.536971, -6.864403, 0.0 ], [ 107.537257, -6.864082, 0.0 ], [ 107.537826, -6.863826, 0.0 ], [ 107.538228, -6.863417, 0.0 ], [ 107.538399, -6.863374, 0.0 ], [ 107.538472, -6.863337, 0.0 ], [ 107.539077, -6.862879, 0.0 ], [ 107.539472, -6.862849, 0.0 ], [ 107.539699, -6.862795, 0.0 ], [ 107.540064, -6.862585, 0.0 ], [ 107.540465, -6.86259, 0.0 ], [ 107.540749, -6.862559, 0.0 ], [ 107.541364, -6.862296, 0.0 ], [ 107.541467, -6.862165, 0.0 ], [ 107.541753, -6.861868, 0.0 ], [ 107.541898, -6.861802, 0.0 ], [ 107.542075, -6.861774, 0.0 ], [ 107.542175, -6.861675, 0.0 ], [ 107.542375, -6.861584, 0.0 ], [ 107.542772, -6.860846, 0.0 ], [ 107.543213, -6.860586, 0.0 ], [ 107.543347, -6.860542, 0.0 ], [ 107.544187, -6.860463, 0.0 ], [ 107.544237, -6.860481, 0.0 ], [ 107.544341, -6.860569, 0.0 ], [ 107.54464, -6.860418, 0.0 ], [ 107.544687, -6.860413, 0.0 ], [ 107.544727, -6.860431, 0.0 ], [ 107.544755, -6.860465, 0.0 ], [ 107.544773, -6.860592, 0.0 ], [ 107.544824, -6.860691, 0.0 ], [ 107.54491, -6.860742, 0.0 ], [ 107.545047, -6.860638, 0.0 ], [ 107.545342, -6.860457, 0.0 ], [ 107.545448, -6.860246, 0.0 ], [ 107.545735, -6.859903, 0.0 ], [ 107.546282, -6.859426, 0.0 ], [ 107.546435, -6.859387, 0.0 ], [ 107.546558, -6.859203, 0.0 ], [ 107.54662, -6.858811, 0.0 ], [ 107.547001, -6.8585, 0.0 ], [ 107.547307, -6.858066, 0.0 ], [ 107.547531, -6.857903, 0.0 ], [ 107.547485, -6.857509, 0.0 ], [ 107.547603, -6.857182, 0.0 ], [ 107.547857, -6.856898, 0.0 ], [ 107.547897, -6.856886, 0.0 ], [ 107.548021, -6.856897, 0.0 ], [ 107.548114, -6.856885, 0.0 ], [ 107.5482, -6.856824, 0.0 ], [ 107.548242, -6.856754, 0.0 ], [ 107.548263, -6.856362, 0.0 ], [ 107.548228, -6.855829, 0.0 ], [ 107.548322, -6.855471, 0.0 ], [ 107.548285, -6.854637, 0.0 ], [ 107.548239, -6.854503, 0.0 ], [ 107.548288, -6.854288, 0.0 ], [ 107.548453, -6.854095, 0.0 ], [ 107.548475, -6.853995, 0.0 ], [ 107.548469, -6.853595, 0.0 ], [ 107.548421, -6.853258, 0.0 ], [ 107.54834, -6.853161, 0.0 ], [ 107.548203, -6.852889, 0.0 ], [ 107.548199, -6.852761, 0.0 ], [ 107.548242, -6.852452, 0.0 ], [ 107.548196, -6.852091, 0.0 ], [ 107.548292, -6.851769, 0.0 ], [ 107.548285, -6.851684, 0.0 ], [ 107.548222, -6.851633, 0.0 ], [ 107.548199, -6.851576, 0.0 ], [ 107.548261, -6.851186, 0.0 ], [ 107.548406, -6.851031, 0.0 ], [ 107.548471, -6.850823, 0.0 ], [ 107.548517, -6.850514, 0.0 ], [ 107.54845, -6.85031, 0.0 ], [ 107.548474, -6.849989, 0.0 ], [ 107.548571, -6.849621, 0.0 ], [ 107.548869, -6.849003, 0.0 ], [ 107.549099, -6.848705, 0.0 ], [ 107.549231, -6.848666, 0.0 ], [ 107.549579, -6.848657, 0.0 ], [ 107.549687, -6.848608, 0.0 ], [ 107.549806, -6.848501, 0.0 ], [ 107.55004, -6.848233, 0.0 ], [ 107.550079, -6.848206, 0.0 ], [ 107.550154, -6.848212, 0.0 ], [ 107.550361, -6.848339, 0.0 ], [ 107.550414, -6.848324, 0.0 ], [ 107.550499, -6.848256, 0.0 ], [ 107.550747, -6.847882, 0.0 ], [ 107.550939, -6.847713, 0.0 ], [ 107.550981, -6.847528, 0.0 ], [ 107.551078, -6.847313, 0.0 ], [ 107.551074, -6.847121, 0.0 ], [ 107.551091, -6.847069, 0.0 ], [ 107.551326, -6.846929, 0.0 ], [ 107.551344, -6.846885, 0.0 ], [ 107.551339, -6.846671, 0.0 ], [ 107.55145, -6.846073, 0.0 ], [ 107.551483, -6.846029, 0.0 ], [ 107.551699, -6.845894, 0.0 ], [ 107.551736, -6.845783, 0.0 ], [ 107.551785, -6.845487, 0.0 ], [ 107.551854, -6.84535, 0.0 ], [ 107.552075, -6.845167, 0.0 ], [ 107.55245, -6.844999, 0.0 ], [ 107.552641, -6.844881, 0.0 ], [ 107.552976, -6.844729, 0.0 ], [ 107.553053, -6.844595, 0.0 ], [ 107.553229, -6.844021, 0.0 ], [ 107.553409, -6.843759, 0.0 ], [ 107.553563, -6.843632, 0.0 ], [ 107.553798, -6.843506, 0.0 ], [ 107.554069, -6.843149, 0.0 ], [ 107.554326, -6.842895, 0.0 ], [ 107.55447, -6.842723, 0.0 ], [ 107.554636, -6.841672, 0.0 ], [ 107.554781, -6.841119, 0.0 ], [ 107.55484, -6.840992, 0.0 ], [ 107.554505, -6.840786, 0.0 ], [ 107.554297, -6.840588, 0.0 ], [ 107.554201, -6.840358, 0.0 ], [ 107.554153, -6.840107, 0.0 ], [ 107.554093, -6.839907, 0.0 ], [ 107.553931, -6.839766, 0.0 ], [ 107.553898, -6.83967, 0.0 ], [ 107.553889, -6.839339, 0.0 ], [ 107.553765, -6.838892, 0.0 ], [ 107.553955, -6.838916, 0.0 ], [ 107.554068, -6.83931, 0.0 ], [ 107.554077, -6.839637, 0.0 ], [ 107.554089, -6.839671, 0.0 ], [ 107.554255, -6.83982, 0.0 ], [ 107.554327, -6.84006, 0.0 ], [ 107.554373, -6.840301, 0.0 ], [ 107.554445, -6.840481, 0.0 ], [ 107.554596, -6.840629, 0.0 ], [ 107.555004, -6.840881, 0.0 ], [ 107.555045, -6.840939, 0.0 ], [ 107.555038, -6.840997, 0.0 ], [ 107.554953, -6.841173, 0.0 ], [ 107.554813, -6.841713, 0.0 ], [ 107.554642, -6.842789, 0.0 ], [ 107.554462, -6.843015, 0.0 ], [ 107.55421, -6.843262, 0.0 ], [ 107.55392, -6.843642, 0.0 ], [ 107.553658, -6.843786, 0.0 ], [ 107.55355, -6.843873, 0.0 ], [ 107.553396, -6.844093, 0.0 ], [ 107.553221, -6.844663, 0.0 ], [ 107.553101, -6.844866, 0.0 ], [ 107.552721, -6.845043, 0.0 ], [ 107.552529, -6.845161, 0.0 ], [ 107.552169, -6.845323, 0.0 ], [ 107.552001, -6.845459, 0.0 ], [ 107.551957, -6.845545, 0.0 ], [ 107.551913, -6.845819, 0.0 ], [ 107.551854, -6.845998, 0.0 ] ] ], [ [ [ 107.535911, -6.850709, 0.0 ], [ 107.535904, -6.850741, 0.0 ], [ 107.535915, -6.850688, 0.0 ], [ 107.535911, -6.850709, 0.0 ] ] ], [ [ [ 107.535939, -6.850526, 0.0 ], [ 107.535926, -6.850627, 0.0 ], [ 107.535915, -6.850688, 0.0 ], [ 107.535942, -6.850487, 0.0 ], [ 107.535939, -6.850526, 0.0 ] ] ], [ [ [ 107.536503, -6.85011, 0.0 ], [ 107.536497, -6.85011, 0.0 ], [ 107.536515, -6.850074, 0.0 ], [ 107.536509, -6.850093, 0.0 ], [ 107.536503, -6.85011, 0.0 ] ] ], [ [ [ 107.536557, -6.849895, 0.0 ], [ 107.536529, -6.85003, 0.0 ], [ 107.536515, -6.850074, 0.0 ], [ 107.536557, -6.849895, 0.0 ] ] ], [ [ [ 107.536986, -6.849479, 0.0 ], [ 107.536954, -6.8495, 0.0 ], [ 107.537101, -6.849394, 0.0 ], [ 107.537053, -6.849431, 0.0 ], [ 107.536986, -6.849479, 0.0 ] ] ], [ [ [ 107.534545, -6.846993, 0.0 ], [ 107.534595, -6.846985, 0.0 ], [ 107.534591, -6.847014, 0.0 ], [ 107.534232, -6.847078, 0.0 ], [ 107.534545, -6.846993, 0.0 ] ] ], [ [ [ 107.550287, -6.83455, 0.0 ], [ 107.550183, -6.834727, 0.0 ], [ 107.549945, -6.835049, 0.0 ], [ 107.54968, -6.835455, 0.0 ], [ 107.549618, -6.835607, 0.0 ], [ 107.549481, -6.836152, 0.0 ], [ 107.549561, -6.836463, 0.0 ], [ 107.549664, -6.836637, 0.0 ], [ 107.549697, -6.836784, 0.0 ], [ 107.54967, -6.83695, 0.0 ], [ 107.549529, -6.837251, 0.0 ], [ 107.549496, -6.837373, 0.0 ], [ 107.549442, -6.837893, 0.0 ], [ 107.549459, -6.838384, 0.0 ], [ 107.549404, -6.838999, 0.0 ], [ 107.549449, -6.839436, 0.0 ], [ 107.549398, -6.839702, 0.0 ], [ 107.549291, -6.839905, 0.0 ], [ 107.54924, -6.84022, 0.0 ], [ 107.549403, -6.840906, 0.0 ], [ 107.549417, -6.841031, 0.0 ], [ 107.54957, -6.841391, 0.0 ], [ 107.549672, -6.841886, 0.0 ], [ 107.549706, -6.842549, 0.0 ], [ 107.549682, -6.843011, 0.0 ], [ 107.549687, -6.844148, 0.0 ], [ 107.549625, -6.844581, 0.0 ], [ 107.549577, -6.84474, 0.0 ], [ 107.549542, -6.844787, 0.0 ], [ 107.549163, -6.845049, 0.0 ], [ 107.549032, -6.845159, 0.0 ], [ 107.548956, -6.845271, 0.0 ], [ 107.548843, -6.845663, 0.0 ], [ 107.548559, -6.845997, 0.0 ], [ 107.548441, -6.846092, 0.0 ], [ 107.548497, -6.846452, 0.0 ], [ 107.54836, -6.846873, 0.0 ], [ 107.548404, -6.847145, 0.0 ], [ 107.548398, -6.847184, 0.0 ], [ 107.54822, -6.847502, 0.0 ], [ 107.547975, -6.84776, 0.0 ], [ 107.547811, -6.848044, 0.0 ], [ 107.547656, -6.848148, 0.0 ], [ 107.54731, -6.848229, 0.0 ], [ 107.547045, -6.848474, 0.0 ], [ 107.546859, -6.848484, 0.0 ], [ 107.546775, -6.84846, 0.0 ], [ 107.546733, -6.848517, 0.0 ], [ 107.546672, -6.848715, 0.0 ], [ 107.546607, -6.848824, 0.0 ], [ 107.54645, -6.848882, 0.0 ], [ 107.546302, -6.848899, 0.0 ], [ 107.545862, -6.849311, 0.0 ], [ 107.545766, -6.849428, 0.0 ], [ 107.545695, -6.849643, 0.0 ], [ 107.545616, -6.849918, 0.0 ], [ 107.54565, -6.850033, 0.0 ], [ 107.545634, -6.850091, 0.0 ], [ 107.545384, -6.850229, 0.0 ], [ 107.545101, -6.850496, 0.0 ], [ 107.544983, -6.850723, 0.0 ], [ 107.544808, -6.850912, 0.0 ], [ 107.54476, -6.851131, 0.0 ], [ 107.544695, -6.851207, 0.0 ], [ 107.544693, -6.851194, 0.0 ], [ 107.54463, -6.851234, 0.0 ], [ 107.544114, -6.851329, 0.0 ], [ 107.543943, -6.851335, 0.0 ], [ 107.543555, -6.851172, 0.0 ], [ 107.543454, -6.851178, 0.0 ], [ 107.543211, -6.851697, 0.0 ], [ 107.543151, -6.851911, 0.0 ], [ 107.543204, -6.85267, 0.0 ], [ 107.543183, -6.852819, 0.0 ], [ 107.542887, -6.853268, 0.0 ], [ 107.542689, -6.853622, 0.0 ], [ 107.542733, -6.853855, 0.0 ], [ 107.542699, -6.854044, 0.0 ], [ 107.542737, -6.854273, 0.0 ], [ 107.542875, -6.854424, 0.0 ], [ 107.543333, -6.854644, 0.0 ], [ 107.543443, -6.85475, 0.0 ], [ 107.543591, -6.855269, 0.0 ], [ 107.543711, -6.855801, 0.0 ], [ 107.543731, -6.855982, 0.0 ], [ 107.543702, -6.856219, 0.0 ], [ 107.543904, -6.85629, 0.0 ], [ 107.544048, -6.856374, 0.0 ], [ 107.544192, -6.856544, 0.0 ], [ 107.544268, -6.856691, 0.0 ], [ 107.544308, -6.856878, 0.0 ], [ 107.544208, -6.857192, 0.0 ], [ 107.544105, -6.857337, 0.0 ], [ 107.54403, -6.85739, 0.0 ], [ 107.543973, -6.857397, 0.0 ], [ 107.543862, -6.857331, 0.0 ], [ 107.543721, -6.857062, 0.0 ], [ 107.543394, -6.857001, 0.0 ], [ 107.543155, -6.857153, 0.0 ], [ 107.542872, -6.857305, 0.0 ], [ 107.542433, -6.857489, 0.0 ], [ 107.542354, -6.857557, 0.0 ], [ 107.542173, -6.857851, 0.0 ], [ 107.542074, -6.858082, 0.0 ], [ 107.541657, -6.858463, 0.0 ], [ 107.541528, -6.858544, 0.0 ], [ 107.541272, -6.85858, 0.0 ], [ 107.54085, -6.858838, 0.0 ], [ 107.540661, -6.858922, 0.0 ], [ 107.540038, -6.858944, 0.0 ], [ 107.53937, -6.859095, 0.0 ], [ 107.539352, -6.859183, 0.0 ], [ 107.539328, -6.859221, 0.0 ], [ 107.539156, -6.859311, 0.0 ], [ 107.539091, -6.859406, 0.0 ], [ 107.538977, -6.859653, 0.0 ], [ 107.538908, -6.85994, 0.0 ], [ 107.538637, -6.860108, 0.0 ], [ 107.538262, -6.860147, 0.0 ], [ 107.538007, -6.860242, 0.0 ], [ 107.537516, -6.860252, 0.0 ], [ 107.537074, -6.860343, 0.0 ], [ 107.536547, -6.860365, 0.0 ], [ 107.536534, -6.860473, 0.0 ], [ 107.536616, -6.860562, 0.0 ], [ 107.536714, -6.860562, 0.0 ], [ 107.536851, -6.860588, 0.0 ], [ 107.53718, -6.860686, 0.0 ], [ 107.537474, -6.860721, 0.0 ], [ 107.53766, -6.860605, 0.0 ], [ 107.538026, -6.860552, 0.0 ], [ 107.538069, -6.860564, 0.0 ], [ 107.538117, -6.860609, 0.0 ], [ 107.539197, -6.860748, 0.0 ], [ 107.539323, -6.8607, 0.0 ], [ 107.539509, -6.86058, 0.0 ], [ 107.539711, -6.860408, 0.0 ], [ 107.539756, -6.860396, 0.0 ], [ 107.539814, -6.860416, 0.0 ], [ 107.539846, -6.860469, 0.0 ], [ 107.539827, -6.860543, 0.0 ], [ 107.539622, -6.860721, 0.0 ], [ 107.53941, -6.860859, 0.0 ], [ 107.5392, -6.86093, 0.0 ], [ 107.538068, -6.860785, 0.0 ], [ 107.53799, -6.860739, 0.0 ], [ 107.537721, -6.860778, 0.0 ], [ 107.537602, -6.86086, 0.0 ], [ 107.537492, -6.860904, 0.0 ], [ 107.537146, -6.860864, 0.0 ], [ 107.536813, -6.860765, 0.0 ], [ 107.536515, -6.860728, 0.0 ], [ 107.536316, -6.860952, 0.0 ], [ 107.536261, -6.861168, 0.0 ], [ 107.5362, -6.861299, 0.0 ], [ 107.535577, -6.861643, 0.0 ], [ 107.535493, -6.86172, 0.0 ], [ 107.535007, -6.861859, 0.0 ], [ 107.534743, -6.862016, 0.0 ], [ 107.534553, -6.862072, 0.0 ], [ 107.534076, -6.862125, 750.0 ], [ 107.534339, -6.862009, 750.0 ], [ 107.534686, -6.862, 750.0 ], [ 107.534816, -6.861895, 750.0 ], [ 107.534914, -6.861843, 750.0 ], [ 107.535093, -6.861765, 750.0 ], [ 107.535269, -6.861735, 750.0 ], [ 107.535493, -6.86163, 750.0 ], [ 107.535555, -6.861583, 750.0 ], [ 107.535668, -6.861449, 750.0 ], [ 107.535482, -6.861604, 750.0 ], [ 107.535403, -6.861621, 750.0 ], [ 107.535255, -6.861603, 750.0 ], [ 107.535397, -6.861564, 0.0 ], [ 107.535481, -6.861489, 0.0 ], [ 107.536068, -6.861168, 0.0 ], [ 107.536156, -6.860861, 0.0 ], [ 107.536341, -6.860661, 0.0 ], [ 107.536375, -6.860281, 0.0 ], [ 107.536392, -6.860237, 0.0 ], [ 107.536429, -6.860208, 0.0 ], [ 107.536524, -6.860185, 0.0 ], [ 107.536787, -6.860165, 0.0 ], [ 107.53705, -6.860163, 0.0 ], [ 107.537504, -6.860071, 0.0 ], [ 107.537975, -6.860063, 0.0 ], [ 107.538217, -6.859971, 0.0 ], [ 107.538574, -6.859937, 0.0 ], [ 107.538755, -6.859827, 0.0 ], [ 107.538806, -6.859593, 0.0 ], [ 107.538933, -6.859316, 0.0 ], [ 107.539039, -6.859171, 0.0 ], [ 107.539183, -6.859095, 0.0 ], [ 107.539222, -6.858978, 0.0 ], [ 107.53925, -6.858947, 0.0 ], [ 107.539362, -6.858909, 0.0 ], [ 107.540011, -6.858766, 0.0 ], [ 107.540615, -6.858746, 0.0 ], [ 107.540761, -6.858681, 0.0 ], [ 107.541206, -6.85841, 0.0 ], [ 107.54146, -6.858375, 0.0 ], [ 107.541543, -6.858322, 0.0 ], [ 107.541929, -6.85797, 0.0 ], [ 107.542015, -6.857763, 0.0 ], [ 107.542206, -6.857452, 0.0 ], [ 107.542347, -6.857328, 0.0 ], [ 107.542685, -6.857197, 0.0 ], [ 107.543067, -6.856995, 0.0 ], [ 107.543368, -6.856815, 0.0 ], [ 107.543828, -6.856904, 0.0 ], [ 107.543991, -6.857188, 0.0 ], [ 107.544051, -6.857101, 0.0 ], [ 107.544125, -6.856862, 0.0 ], [ 107.544095, -6.856746, 0.0 ], [ 107.544039, -6.856641, 0.0 ], [ 107.543931, -6.856513, 0.0 ], [ 107.543836, -6.856458, 0.0 ], [ 107.543618, -6.856382, 0.0 ], [ 107.543524, -6.856274, 0.0 ], [ 107.54355, -6.855989, 0.0 ], [ 107.543534, -6.855821, 0.0 ], [ 107.543416, -6.855301, 0.0 ], [ 107.543281, -6.854823, 0.0 ], [ 107.543233, -6.854782, 0.0 ], [ 107.54277, -6.854559, 0.0 ], [ 107.542571, -6.854339, 0.0 ], [ 107.542516, -6.854035, 0.0 ], [ 107.542551, -6.85385, 0.0 ], [ 107.542504, -6.853619, 0.0 ], [ 107.542573, -6.853453, 0.0 ], [ 107.54301, -6.852775, 0.0 ], [ 107.543023, -6.852662, 0.0 ], [ 107.54297, -6.851902, 0.0 ], [ 107.543044, -6.851642, 0.0 ], [ 107.543294, -6.851108, 0.0 ], [ 107.543275, -6.850862, 0.0 ], [ 107.543363, -6.850666, 0.0 ], [ 107.543451, -6.850345, 0.0 ], [ 107.543575, -6.850085, 0.0 ], [ 107.543669, -6.849815, 0.0 ], [ 107.543594, -6.849661, 0.0 ], [ 107.543582, -6.849539, 0.0 ], [ 107.544102, -6.848541, 0.0 ], [ 107.544144, -6.84841, 0.0 ], [ 107.54413, -6.848267, 0.0 ], [ 107.544042, -6.848138, 0.0 ], [ 107.54403, -6.848082, 0.0 ], [ 107.544264, -6.847571, 0.0 ], [ 107.5446, -6.846895, 0.0 ], [ 107.544523, -6.84654, 0.0 ], [ 107.544577, -6.846352, 0.0 ], [ 107.544574, -6.846317, 0.0 ], [ 107.544461, -6.846209, 0.0 ], [ 107.544444, -6.846168, 0.0 ], [ 107.544475, -6.845993, 0.0 ], [ 107.54459, -6.8458, 0.0 ], [ 107.545126, -6.845384, 0.0 ], [ 107.545206, -6.84517, 0.0 ], [ 107.545552, -6.844631, 0.0 ], [ 107.545678, -6.844402, 0.0 ], [ 107.545903, -6.844197, 0.0 ], [ 107.545995, -6.844055, 0.0 ], [ 107.546125, -6.843662, 0.0 ], [ 107.546251, -6.843431, 0.0 ], [ 107.546364, -6.843134, 0.0 ], [ 107.546378, -6.843062, 0.0 ], [ 107.546292, -6.84285, 0.0 ], [ 107.546455, -6.842385, 0.0 ], [ 107.546495, -6.84202, 0.0 ], [ 107.54654, -6.841964, 0.0 ], [ 107.546584, -6.841954, 0.0 ], [ 107.546626, -6.841965, 0.0 ], [ 107.546658, -6.841996, 0.0 ], [ 107.546672, -6.842036, 0.0 ], [ 107.546633, -6.842406, 0.0 ], [ 107.546478, -6.842845, 0.0 ], [ 107.546557, -6.84304, 0.0 ], [ 107.54656, -6.843079, 0.0 ], [ 107.546524, -6.84322, 0.0 ], [ 107.546416, -6.843491, 0.0 ], [ 107.546293, -6.843715, 0.0 ], [ 107.54616, -6.844116, 0.0 ], [ 107.546044, -6.844297, 0.0 ], [ 107.545822, -6.8445, 0.0 ], [ 107.545706, -6.844712, 0.0 ], [ 107.545368, -6.845237, 0.0 ], [ 107.545273, -6.84548, 0.0 ], [ 107.544723, -6.845909, 0.0 ], [ 107.544646, -6.846041, 0.0 ], [ 107.544631, -6.846137, 0.0 ], [ 107.544732, -6.846233, 0.0 ], [ 107.544749, -6.846276, 0.0 ], [ 107.544758, -6.846359, 0.0 ], [ 107.544706, -6.846551, 0.0 ], [ 107.54478, -6.846874, 0.0 ], [ 107.544779, -6.846924, 0.0 ], [ 107.54422, -6.84808, 0.0 ], [ 107.544305, -6.848224, 0.0 ], [ 107.544322, -6.848433, 0.0 ], [ 107.544268, -6.848598, 0.0 ], [ 107.544163, -6.848822, 0.0 ], [ 107.543763, -6.849565, 0.0 ], [ 107.543767, -6.849618, 0.0 ], [ 107.543847, -6.849757, 0.0 ], [ 107.543858, -6.849805, 0.0 ], [ 107.543744, -6.850135, 0.0 ], [ 107.543621, -6.850393, 0.0 ], [ 107.543536, -6.850706, 0.0 ], [ 107.543454, -6.850889, 0.0 ], [ 107.543465, -6.851006, 0.0 ], [ 107.543603, -6.851009, 0.0 ], [ 107.543958, -6.851168, 0.0 ], [ 107.544089, -6.851164, 0.0 ], [ 107.54457, -6.851076, 0.0 ], [ 107.544592, -6.851054, 0.0 ], [ 107.544646, -6.850822, 0.0 ], [ 107.544834, -6.850619, 0.0 ], [ 107.544954, -6.850388, 0.0 ], [ 107.545199, -6.850144, 0.0 ], [ 107.545289, -6.850074, 0.0 ], [ 107.545446, -6.849996, 0.0 ], [ 107.545437, -6.849883, 0.0 ], [ 107.545616, -6.849326, 0.0 ], [ 107.545734, -6.849183, 0.0 ], [ 107.546213, -6.848737, 0.0 ], [ 107.546484, -6.848682, 0.0 ], [ 107.546412, -6.848675, 0.0 ], [ 107.546332, -6.848625, 0.0 ], [ 107.546291, -6.848557, 0.0 ], [ 107.546318, -6.848349, 0.0 ], [ 107.546418, -6.848189, 0.0 ], [ 107.546526, -6.848114, 0.0 ], [ 107.546727, -6.848106, 0.0 ], [ 107.546813, -6.848159, 0.0 ], [ 107.546833, -6.848289, 0.0 ], [ 107.546882, -6.848303, 0.0 ], [ 107.54698, -6.848299, 0.0 ], [ 107.547221, -6.848068, 0.0 ], [ 107.547586, -6.84798, 0.0 ], [ 107.547681, -6.847915, 0.0 ], [ 107.54783, -6.84765, 0.0 ], [ 107.54807, -6.847402, 0.0 ], [ 107.548218, -6.847137, 0.0 ], [ 107.548184, -6.84698, 0.0 ], [ 107.548179, -6.846853, 0.0 ], [ 107.548313, -6.846446, 0.0 ], [ 107.548255, -6.846067, 0.0 ], [ 107.548267, -6.846008, 0.0 ], [ 107.548428, -6.845873, 0.0 ], [ 107.548686, -6.845571, 0.0 ], [ 107.548787, -6.845204, 0.0 ], [ 107.548895, -6.84504, 0.0 ], [ 107.549056, -6.844902, 0.0 ], [ 107.549413, -6.844656, 0.0 ], [ 107.549448, -6.844544, 0.0 ], [ 107.549506, -6.844143, 0.0 ], [ 107.549502, -6.843008, 0.0 ], [ 107.549526, -6.842548, 0.0 ], [ 107.549491, -6.841902, 0.0 ], [ 107.549399, -6.841449, 0.0 ], [ 107.549241, -6.841076, 0.0 ], [ 107.549226, -6.840943, 0.0 ], [ 107.549063, -6.840278, 0.0 ], [ 107.549059, -6.840215, 0.0 ], [ 107.549119, -6.839845, 0.0 ], [ 107.549226, -6.839641, 0.0 ], [ 107.549268, -6.839428, 0.0 ], [ 107.549222, -6.838999, 0.0 ], [ 107.549279, -6.838375, 0.0 ], [ 107.549261, -6.837881, 0.0 ], [ 107.549316, -6.837347, 0.0 ], [ 107.549358, -6.837189, 0.0 ], [ 107.549497, -6.836893, 0.0 ], [ 107.549514, -6.836786, 0.0 ], [ 107.549494, -6.836703, 0.0 ], [ 107.549392, -6.836529, 0.0 ], [ 107.549297, -6.836146, 0.0 ], [ 107.549445, -6.835555, 0.0 ], [ 107.549521, -6.835368, 0.0 ], [ 107.550118, -6.834484, 0.0 ], [ 107.55014, -6.834406, 0.0 ], [ 107.550134, -6.834286, 0.0 ], [ 107.549992, -6.833975, 0.0 ], [ 107.550025, -6.833775, 0.0 ], [ 107.550477, -6.832857, 0.0 ], [ 107.550895, -6.832214, 0.0 ], [ 107.551062, -6.831868, 0.0 ], [ 107.551094, -6.83183, 0.0 ], [ 107.551226, -6.831954, 0.0 ], [ 107.551051, -6.832306, 0.0 ], [ 107.550636, -6.832942, 0.0 ], [ 107.550196, -6.833836, 0.0 ], [ 107.550175, -6.833951, 0.0 ], [ 107.550313, -6.834247, 0.0 ], [ 107.550321, -6.834427, 0.0 ], [ 107.550287, -6.83455, 0.0 ] ], [ [ 107.546475, -6.848495, 0.0 ], [ 107.546511, -6.848488, 0.0 ], [ 107.546585, -6.848414, 0.0 ], [ 107.546651, -6.848323, 0.0 ], [ 107.546652, -6.848284, 0.0 ], [ 107.546584, -6.848288, 0.0 ], [ 107.546544, -6.84832, 0.0 ], [ 107.546489, -6.84841, 0.0 ], [ 107.546475, -6.848495, 0.0 ] ] ], [ [ [ 107.546233, -6.831005, 0.0 ], [ 107.546008, -6.831094, 0.0 ], [ 107.545705, -6.831556, 0.0 ], [ 107.545465, -6.831811, 0.0 ], [ 107.545322, -6.831987, 0.0 ], [ 107.54479, -6.832488, 0.0 ], [ 107.544028, -6.832946, 0.0 ], [ 107.543791, -6.833052, 0.0 ], [ 107.543719, -6.833217, 0.0 ], [ 107.543634, -6.833339, 0.0 ], [ 107.543123, -6.833693, 0.0 ], [ 107.542941, -6.833905, 0.0 ], [ 107.542843, -6.833989, 0.0 ], [ 107.542656, -6.834021, 0.0 ], [ 107.542427, -6.833956, 0.0 ], [ 107.541949, -6.833855, 0.0 ], [ 107.541857, -6.833861, 0.0 ], [ 107.541714, -6.833912, 0.0 ], [ 107.541636, -6.833922, 0.0 ], [ 107.541596, -6.833949, 0.0 ], [ 107.541551, -6.834016, 0.0 ], [ 107.541535, -6.834078, 0.0 ], [ 107.541553, -6.834372, 0.0 ], [ 107.541487, -6.834603, 0.0 ], [ 107.541358, -6.834886, 0.0 ], [ 107.541281, -6.835105, 0.0 ], [ 107.541072, -6.835495, 0.0 ], [ 107.540851, -6.835812, 0.0 ], [ 107.540589, -6.836479, 0.0 ], [ 107.540625, -6.836835, 0.0 ], [ 107.54047, -6.837184, 0.0 ], [ 107.540346, -6.837584, 0.0 ], [ 107.54019, -6.838265, 0.0 ], [ 107.540232, -6.838652, 0.0 ], [ 107.540174, -6.838855, 0.0 ], [ 107.54012, -6.838973, 0.0 ], [ 107.540115, -6.839137, 0.0 ], [ 107.540325, -6.839698, 0.0 ], [ 107.54034, -6.839961, 0.0 ], [ 107.540158, -6.840615, 0.0 ], [ 107.539907, -6.841282, 0.0 ], [ 107.539857, -6.841851, 0.0 ], [ 107.539794, -6.841995, 0.0 ], [ 107.539941, -6.84201, 0.0 ], [ 107.54017, -6.842061, 0.0 ], [ 107.540203, -6.842041, 0.0 ], [ 107.540532, -6.841625, 0.0 ], [ 107.540739, -6.841431, 0.0 ], [ 107.540852, -6.841389, 0.0 ], [ 107.540899, -6.841389, 0.0 ], [ 107.541152, -6.841067, 0.0 ], [ 107.54137, -6.840653, 0.0 ], [ 107.541432, -6.840576, 0.0 ], [ 107.54152, -6.84052, 0.0 ], [ 107.541578, -6.840418, 0.0 ], [ 107.541799, -6.839896, 0.0 ], [ 107.541861, -6.839818, 0.0 ], [ 107.54246, -6.839224, 0.0 ], [ 107.542531, -6.839198, 0.0 ], [ 107.542627, -6.839249, 0.0 ], [ 107.542675, -6.839245, 0.0 ], [ 107.542877, -6.83907, 0.0 ], [ 107.543167, -6.838987, 0.0 ], [ 107.543492, -6.83886, 0.0 ], [ 107.543661, -6.83857, 0.0 ], [ 107.543838, -6.838354, 0.0 ], [ 107.543928, -6.838171, 0.0 ], [ 107.544176, -6.837897, 0.0 ], [ 107.544379, -6.837608, 0.0 ], [ 107.544698, -6.83704, 0.0 ], [ 107.544899, -6.836882, 0.0 ], [ 107.54514, -6.836745, 0.0 ], [ 107.54539, -6.836458, 0.0 ], [ 107.545614, -6.836105, 0.0 ], [ 107.545664, -6.835719, 0.0 ], [ 107.545818, -6.835447, 0.0 ], [ 107.545853, -6.835419, 0.0 ], [ 107.545897, -6.835411, 0.0 ], [ 107.546165, -6.835474, 0.0 ], [ 107.546235, -6.835058, 0.0 ], [ 107.546412, -6.83429, 0.0 ], [ 107.546947, -6.833372, 0.0 ], [ 107.547065, -6.833244, 0.0 ], [ 107.547172, -6.833086, 0.0 ], [ 107.547382, -6.832654, 0.0 ], [ 107.547969, -6.831271, 0.0 ], [ 107.548037, -6.830983, 0.0 ], [ 107.548043, -6.830857, 0.0 ], [ 107.548089, -6.830815, 0.0 ], [ 107.548135, -6.830809, 0.0 ], [ 107.548178, -6.830826, 0.0 ], [ 107.548207, -6.830863, 0.0 ], [ 107.548218, -6.831, 0.0 ], [ 107.548138, -6.831333, 0.0 ], [ 107.547545, -6.832731, 0.0 ], [ 107.547326, -6.833182, 0.0 ], [ 107.547211, -6.833352, 0.0 ], [ 107.547099, -6.83347, 0.0 ], [ 107.54658, -6.834359, 0.0 ], [ 107.546413, -6.835095, 0.0 ], [ 107.546335, -6.835527, 0.0 ], [ 107.546284, -6.835613, 0.0 ], [ 107.546249, -6.835644, 0.0 ], [ 107.546204, -6.835653, 0.0 ], [ 107.545939, -6.835591, 0.0 ], [ 107.545836, -6.835776, 0.0 ], [ 107.545784, -6.836159, 0.0 ], [ 107.545539, -6.836547, 0.0 ], [ 107.545256, -6.836871, 0.0 ], [ 107.544993, -6.837022, 0.0 ], [ 107.54484, -6.837141, 0.0 ], [ 107.544529, -6.837693, 0.0 ], [ 107.544319, -6.837994, 0.0 ], [ 107.544077, -6.838261, 0.0 ], [ 107.543993, -6.838433, 0.0 ], [ 107.543808, -6.83866, 0.0 ], [ 107.543622, -6.838979, 0.0 ], [ 107.543228, -6.839143, 0.0 ], [ 107.54296, -6.839218, 0.0 ], [ 107.542746, -6.839402, 0.0 ], [ 107.542603, -6.839417, 0.0 ], [ 107.542534, -6.83939, 0.0 ], [ 107.541949, -6.839983, 0.0 ], [ 107.541742, -6.840478, 0.0 ], [ 107.541667, -6.840614, 0.0 ], [ 107.541551, -6.8407, 0.0 ], [ 107.541518, -6.840743, 0.0 ], [ 107.54131, -6.84114, 0.0 ], [ 107.541232, -6.841256, 0.0 ], [ 107.54099, -6.841546, 0.0 ], [ 107.540936, -6.841568, 0.0 ], [ 107.540846, -6.841564, 0.0 ], [ 107.540667, -6.841731, 0.0 ], [ 107.540321, -6.842166, 0.0 ], [ 107.540185, -6.842231, 0.0 ], [ 107.539797, -6.842161, 0.0 ], [ 107.539685, -6.842178, 0.0 ], [ 107.539615, -6.842309, 0.0 ], [ 107.539554, -6.842634, 0.0 ], [ 107.539355, -6.842927, 0.0 ], [ 107.539238, -6.843174, 0.0 ], [ 107.539245, -6.843649, 0.0 ], [ 107.53929, -6.843989, 0.0 ], [ 107.539145, -6.844248, 0.0 ], [ 107.538971, -6.844685, 0.0 ], [ 107.538714, -6.845425, 0.0 ], [ 107.538691, -6.845567, 0.0 ], [ 107.538704, -6.845717, 0.0 ], [ 107.538794, -6.845956, 0.0 ], [ 107.538796, -6.846085, 0.0 ], [ 107.538776, -6.84613, 0.0 ], [ 107.538544, -6.846425, 0.0 ], [ 107.538504, -6.846558, 0.0 ], [ 107.538596, -6.846982, 0.0 ], [ 107.538587, -6.847097, 0.0 ], [ 107.538512, -6.847209, 0.0 ], [ 107.538319, -6.847413, 0.0 ], [ 107.538226, -6.847539, 0.0 ], [ 107.538215, -6.847632, 0.0 ], [ 107.538341, -6.847995, 0.0 ], [ 107.538307, -6.848248, 0.0 ], [ 107.538149, -6.848529, 0.0 ], [ 107.538029, -6.848681, 0.0 ], [ 107.537885, -6.848752, 0.0 ], [ 107.537569, -6.848832, 0.0 ], [ 107.537549, -6.848872, 0.0 ], [ 107.537609, -6.849095, 0.0 ], [ 107.537596, -6.849145, 0.0 ], [ 107.537346, -6.849435, 0.0 ], [ 107.537263, -6.84948, 0.0 ], [ 107.537201, -6.849479, 0.0 ], [ 107.537149, -6.849424, 0.0 ], [ 107.537157, -6.849348, 0.0 ], [ 107.537233, -6.849292, 0.0 ], [ 107.537418, -6.849088, 0.0 ], [ 107.537378, -6.848963, 0.0 ], [ 107.537365, -6.848855, 0.0 ], [ 107.537384, -6.848787, 0.0 ], [ 107.537482, -6.848683, 0.0 ], [ 107.537823, -6.848596, 0.0 ], [ 107.537918, -6.848549, 0.0 ], [ 107.537995, -6.848448, 0.0 ], [ 107.538133, -6.848208, 0.0 ], [ 107.538159, -6.84802, 0.0 ], [ 107.538034, -6.847657, 0.0 ], [ 107.53805, -6.847506, 0.0 ], [ 107.538177, -6.847315, 0.0 ], [ 107.538412, -6.847051, 0.0 ], [ 107.538415, -6.847001, 0.0 ], [ 107.538322, -6.846556, 0.0 ], [ 107.538387, -6.846349, 0.0 ], [ 107.538616, -6.846053, 0.0 ], [ 107.538616, -6.846, 0.0 ], [ 107.538557, -6.845867, 0.0 ], [ 107.538525, -6.845743, 0.0 ], [ 107.538509, -6.845582, 0.0 ], [ 107.538537, -6.845402, 0.0 ], [ 107.538802, -6.844634, 0.0 ], [ 107.53898, -6.84419, 0.0 ], [ 107.539107, -6.843968, 0.0 ], [ 107.539064, -6.843657, 0.0 ], [ 107.539061, -6.843143, 0.0 ], [ 107.539199, -6.842851, 0.0 ], [ 107.539384, -6.84258, 0.0 ], [ 107.539404, -6.842421, 0.0 ], [ 107.539445, -6.84226, 0.0 ], [ 107.539679, -6.841829, 0.0 ], [ 107.53973, -6.841255, 0.0 ], [ 107.539986, -6.840574, 0.0 ], [ 107.540159, -6.839956, 0.0 ], [ 107.540147, -6.839733, 0.0 ], [ 107.539936, -6.839173, 0.0 ], [ 107.53994, -6.838963, 0.0 ], [ 107.540051, -6.838646, 0.0 ], [ 107.540008, -6.838268, 0.0 ], [ 107.540111, -6.837801, 0.0 ], [ 107.540299, -6.83714, 0.0 ], [ 107.540446, -6.836811, 0.0 ], [ 107.540409, -6.836457, 0.0 ], [ 107.540691, -6.835742, 0.0 ], [ 107.540915, -6.835418, 0.0 ], [ 107.541118, -6.83504, 0.0 ], [ 107.541191, -6.83483, 0.0 ], [ 107.541319, -6.834549, 0.0 ], [ 107.541372, -6.83437, 0.0 ], [ 107.54136, -6.834031, 0.0 ], [ 107.541391, -6.833945, 0.0 ], [ 107.541455, -6.833848, 0.0 ], [ 107.541513, -6.833801, 0.0 ], [ 107.54153, -6.833563, 0.0 ], [ 107.541553, -6.833488, 0.0 ], [ 107.54179, -6.833101, 0.0 ], [ 107.541674, -6.832652, 0.0 ], [ 107.541679, -6.83239, 0.0 ], [ 107.541548, -6.832358, 0.0 ], [ 107.541402, -6.832282, 0.0 ], [ 107.54118, -6.832084, 0.0 ], [ 107.541162, -6.832043, 0.0 ], [ 107.541171, -6.831985, 0.0 ], [ 107.541213, -6.831945, 0.0 ], [ 107.541286, -6.831944, 0.0 ], [ 107.54151, -6.832137, 0.0 ], [ 107.541611, -6.832188, 0.0 ], [ 107.541744, -6.832219, 0.0 ], [ 107.541974, -6.831953, 0.0 ], [ 107.542063, -6.831784, 0.0 ], [ 107.542108, -6.831786, 47.712814 ], [ 107.542317, -6.831543, 47.712814 ], [ 107.542455, -6.831419, 47.712814 ], [ 107.542772, -6.831209, 0.0 ], [ 107.542787, -6.831259, 0.0 ], [ 107.542767, -6.831314, 0.0 ], [ 107.542691, -6.831408, 0.0 ], [ 107.542291, -6.831762, 0.0 ], [ 107.542118, -6.832062, 0.0 ], [ 107.541866, -6.832355, 0.0 ], [ 107.541854, -6.832625, 0.0 ], [ 107.541979, -6.833121, 0.0 ], [ 107.541716, -6.833568, 0.0 ], [ 107.541698, -6.83374, 0.0 ], [ 107.541822, -6.833697, 0.0 ], [ 107.541962, -6.833689, 0.0 ], [ 107.542471, -6.833795, 0.0 ], [ 107.542673, -6.833854, 0.0 ], [ 107.542755, -6.833841, 0.0 ], [ 107.543003, -6.833571, 0.0 ], [ 107.54351, -6.83322, 0.0 ], [ 107.543663, -6.83293, 0.0 ], [ 107.543938, -6.832803, 0.0 ], [ 107.544398, -6.832505, 0.0 ], [ 107.544677, -6.832346, 0.0 ], [ 107.545194, -6.83186, 0.0 ], [ 107.545331, -6.83169, 0.0 ], [ 107.545564, -6.831442, 0.0 ], [ 107.545892, -6.830948, 0.0 ], [ 107.546139, -6.830849, 0.0 ], [ 107.546203, -6.830801, 0.0 ], [ 107.54625, -6.830796, 0.0 ], [ 107.546304, -6.830827, 0.0 ], [ 107.546325, -6.8309, 0.0 ], [ 107.546305, -6.830943, 0.0 ], [ 107.546233, -6.831005, 0.0 ] ] ], [ [ [ 107.536149, -6.844604, 0.0 ], [ 107.536142, -6.844543, 0.0 ], [ 107.536176, -6.844491, 0.0 ], [ 107.53646, -6.844399, 0.0 ], [ 107.536627, -6.84411, 0.0 ], [ 107.536965, -6.843692, 0.0 ], [ 107.53707, -6.843532, 0.0 ], [ 107.537193, -6.843284, 0.0 ], [ 107.537113, -6.842895, 0.0 ], [ 107.537285, -6.841708, 0.0 ], [ 107.537368, -6.841296, 0.0 ], [ 107.537341, -6.84112, 0.0 ], [ 107.537279, -6.84088, 0.0 ], [ 107.537274, -6.840407, 0.0 ], [ 107.537294, -6.840253, 0.0 ], [ 107.537339, -6.840096, 0.0 ], [ 107.537574, -6.839593, 0.0 ], [ 107.537824, -6.839151, 0.0 ], [ 107.538152, -6.838469, 0.0 ], [ 107.538418, -6.838122, 0.0 ], [ 107.538476, -6.838022, 0.0 ], [ 107.53861, -6.837611, 0.0 ], [ 107.538618, -6.837213, 0.0 ], [ 107.538896, -6.836199, 0.0 ], [ 107.538862, -6.836093, 0.0 ], [ 107.538853, -6.835985, 0.0 ], [ 107.538869, -6.83501, 0.0 ], [ 107.538955, -6.834498, 0.0 ], [ 107.53899, -6.834408, 0.0 ], [ 107.539111, -6.834204, 0.0 ], [ 107.53951, -6.833747, 0.0 ], [ 107.53956, -6.833586, 0.0 ], [ 107.539557, -6.833471, 0.0 ], [ 107.53943, -6.833462, 0.0 ], [ 107.539143, -6.833336, 0.0 ], [ 107.538746, -6.833194, 0.0 ], [ 107.538521, -6.833052, 0.0 ], [ 107.538261, -6.832932, 0.0 ], [ 107.538108, -6.832839, 0.0 ], [ 107.538067, -6.832785, 0.0 ], [ 107.538056, -6.832629, 0.0 ], [ 107.53801, -6.83257, 0.0 ], [ 107.538123, -6.832444, 0.0 ], [ 107.538231, -6.832564, 0.0 ], [ 107.53824, -6.832708, 0.0 ], [ 107.538342, -6.83277, 0.0 ], [ 107.538602, -6.83289, 0.0 ], [ 107.538819, -6.833028, 0.0 ], [ 107.539206, -6.833167, 0.0 ], [ 107.539483, -6.833288, 0.0 ], [ 107.539546, -6.83329, 0.0 ], [ 107.539559, -6.833104, 0.0 ], [ 107.539551, -6.832852, 0.0 ], [ 107.539407, -6.832686, 0.0 ], [ 107.539365, -6.832558, 0.0 ], [ 107.539398, -6.832372, 0.0 ], [ 107.539485, -6.832104, 0.0 ], [ 107.539524, -6.83206, 0.0 ], [ 107.539597, -6.832054, 0.0 ], [ 107.539643, -6.83209, 0.0 ], [ 107.539658, -6.832147, 0.0 ], [ 107.539572, -6.832423, 0.0 ], [ 107.539549, -6.832553, 0.0 ], [ 107.539564, -6.832593, 0.0 ], [ 107.539688, -6.832734, 0.0 ], [ 107.539727, -6.832803, 0.0 ], [ 107.539739, -6.833613, 0.0 ], [ 107.539668, -6.833839, 0.0 ], [ 107.539254, -6.834315, 0.0 ], [ 107.539131, -6.834538, 0.0 ], [ 107.53905, -6.835017, 0.0 ], [ 107.539034, -6.835985, 0.0 ], [ 107.539078, -6.836208, 0.0 ], [ 107.539058, -6.836322, 0.0 ], [ 107.538796, -6.837247, 0.0 ], [ 107.538786, -6.837654, 0.0 ], [ 107.538637, -6.838104, 0.0 ], [ 107.538564, -6.838228, 0.0 ], [ 107.538309, -6.83856, 0.0 ], [ 107.537986, -6.839233, 0.0 ], [ 107.537736, -6.839673, 0.0 ], [ 107.537506, -6.840166, 0.0 ], [ 107.537469, -6.840297, 0.0 ], [ 107.537455, -6.84041, 0.0 ], [ 107.53746, -6.840866, 0.0 ], [ 107.537518, -6.841087, 0.0 ], [ 107.53755, -6.841305, 0.0 ], [ 107.537464, -6.841733, 0.0 ], [ 107.537294, -6.842903, 0.0 ], [ 107.537363, -6.843179, 0.0 ], [ 107.537372, -6.843329, 0.0 ], [ 107.537224, -6.843627, 0.0 ], [ 107.537108, -6.843802, 0.0 ], [ 107.536776, -6.844212, 0.0 ], [ 107.536588, -6.844538, 0.0 ], [ 107.53624, -6.844653, 0.0 ], [ 107.53618, -6.844639, 0.0 ], [ 107.536149, -6.844604, 0.0 ] ] ], [ [ [ 107.54512, -6.8319, 0.0 ], [ 107.545116, -6.831904, 0.0 ], [ 107.545516, -6.831424, 0.0 ], [ 107.545312, -6.831688, 0.0 ], [ 107.54512, -6.8319, 0.0 ] ] ], [ [ [ 107.539202, -6.831938, 0.0 ], [ 107.539164, -6.832011, 0.0 ], [ 107.538722, -6.832132, 0.0 ], [ 107.538709, -6.832105, 0.0 ], [ 107.538589, -6.832065, 0.0 ], [ 107.538661, -6.832027, 0.0 ], [ 107.5387, -6.832072, 0.0 ], [ 107.538844, -6.832071, 0.0 ], [ 107.539021, -6.831977, 0.0 ], [ 107.53908, -6.831926, 0.0 ], [ 107.53908, -6.831853, 0.0 ], [ 107.539275, -6.831784, 0.0 ], [ 107.539202, -6.831938, 0.0 ] ] ], [ [ [ 107.575356, -6.89351, 750.0 ], [ 107.575297, -6.893495, 750.0 ], [ 107.575257, -6.893476, 750.0 ], [ 107.575261, -6.893477, 0.0 ], [ 107.575356, -6.89351, 750.0 ] ] ], [ [ [ 107.575013, -6.893359, 750.0 ], [ 107.57515, -6.892953, 750.0 ], [ 107.575199, -6.892954, 750.0 ], [ 107.575046, -6.893378, 750.0 ], [ 107.575013, -6.893359, 750.0 ] ] ], [ [ [ 107.575036, -6.893001, 750.0 ], [ 107.575109, -6.892959, 750.0 ], [ 107.574964, -6.89336, 750.0 ], [ 107.574941, -6.893363, 750.0 ], [ 107.574912, -6.893351, 750.0 ], [ 107.575036, -6.893001, 750.0 ] ] ], [ [ [ 107.575542, -6.892366, 750.0 ], [ 107.575745, -6.892343, 750.0 ], [ 107.575817, -6.892325, 750.0 ], [ 107.575658, -6.892385, 0.0 ], [ 107.575518, -6.892399, 0.0 ], [ 107.575432, -6.892435, 750.0 ], [ 107.575542, -6.892366, 750.0 ] ] ], [ [ [ 107.576265, -6.891192, 0.0 ], [ 107.576186, -6.891397, 0.0 ], [ 107.576058, -6.89166, 0.0 ], [ 107.575997, -6.892156, 0.0 ], [ 107.575976, -6.892212, 0.0 ], [ 107.575942, -6.892256, 0.0 ], [ 107.57592, -6.892268, 750.0 ], [ 107.575969, -6.892191, 750.0 ], [ 107.575995, -6.892088, 750.0 ], [ 107.575985, -6.891846, 750.0 ], [ 107.576005, -6.891667, 750.0 ], [ 107.576137, -6.891405, 750.0 ], [ 107.576224, -6.891175, 750.0 ], [ 107.576265, -6.891192, 0.0 ] ] ], [ [ [ 107.575629, -6.892251, 0.0 ], [ 107.575731, -6.892217, 0.0 ], [ 107.575856, -6.892145, 0.0 ], [ 107.57593, -6.891611, 0.0 ], [ 107.576136, -6.891155, 0.0 ], [ 107.576166, -6.891162, 750.0 ], [ 107.576111, -6.891343, 750.0 ], [ 107.575938, -6.891687, 750.0 ], [ 107.575907, -6.892048, 750.0 ], [ 107.575874, -6.892149, 750.0 ], [ 107.5758, -6.892228, 750.0 ], [ 107.575641, -6.892261, 750.0 ], [ 107.575607, -6.892254, 750.0 ], [ 107.575629, -6.892251, 0.0 ] ] ], [ [ [ 107.576541, -6.890717, 0.0 ], [ 107.576444, -6.890696, 0.0 ], [ 107.576461, -6.890622, 0.0 ], [ 107.576559, -6.890643, 0.0 ], [ 107.576541, -6.890717, 0.0 ] ] ], [ [ [ 107.576444, -6.890696, 0.0 ], [ 107.576441, -6.890696, 0.0 ], [ 107.576458, -6.890621, 0.0 ], [ 107.576461, -6.890622, 0.0 ], [ 107.576444, -6.890696, 0.0 ] ] ], [ [ [ 107.566489, -6.88941, 0.0 ], [ 107.566941, -6.889478, 0.0 ], [ 107.56699, -6.889347, 0.0 ], [ 107.567078, -6.889363, 0.0 ], [ 107.566999, -6.889542, 0.0 ], [ 107.56696, -6.889561, 0.0 ], [ 107.566554, -6.889487, 0.0 ], [ 107.566287, -6.889998, 0.0 ], [ 107.566572, -6.890133, 0.0 ], [ 107.566594, -6.89019, 0.0 ], [ 107.566562, -6.890284, 0.0 ], [ 107.566106, -6.890979, 0.0 ], [ 107.566007, -6.890957, 0.0 ], [ 107.566483, -6.890193, 0.0 ], [ 107.566252, -6.890066, 0.0 ], [ 107.566191, -6.890017, 0.0 ], [ 107.566489, -6.88941, 0.0 ] ] ], [ [ [ 107.575255, -6.890962, 0.0 ], [ 107.574835, -6.890953, 0.0 ], [ 107.574464, -6.890916, 0.0 ], [ 107.572798, -6.890471, 0.0 ], [ 107.5724, -6.890278, 0.0 ], [ 107.571692, -6.89002, 0.0 ], [ 107.570749, -6.889816, 0.0 ], [ 107.569305, -6.889533, 0.0 ], [ 107.567568, -6.889362, 0.0 ], [ 107.566905, -6.889247, 0.0 ], [ 107.566835, -6.889226, 0.0 ], [ 107.566768, -6.889151, 0.0 ], [ 107.566747, -6.889075, 0.0 ], [ 107.566779, -6.888905, 0.0 ], [ 107.571618, -6.889908, 0.0 ], [ 107.572353, -6.890137, 0.0 ], [ 107.572508, -6.890207, 0.0 ], [ 107.572815, -6.890278, 0.0 ], [ 107.572834, -6.890302, 0.0 ], [ 107.572872, -6.890308, 0.0 ], [ 107.572962, -6.89027, 0.0 ], [ 107.573011, -6.890266, 0.0 ], [ 107.573298, -6.890309, 0.0 ], [ 107.573613, -6.890421, 0.0 ], [ 107.573747, -6.890488, 0.0 ], [ 107.573862, -6.890576, 0.0 ], [ 107.574121, -6.890696, 0.0 ], [ 107.574844, -6.890803, 0.0 ], [ 107.575532, -6.89086, 0.0 ], [ 107.576119, -6.890933, 750.0 ], [ 107.576119, -6.891017, 750.0 ], [ 107.576175, -6.891065, 750.0 ], [ 107.576178, -6.891088, 750.0 ], [ 107.575974, -6.891005, 0.0 ], [ 107.575902, -6.890993, 0.0 ], [ 107.575255, -6.890962, 0.0 ] ] ], [ [ [ 107.575431, -6.886911, 0.0 ], [ 107.575458, -6.886917, 0.0 ], [ 107.575674, -6.886985, 0.0 ], [ 107.57541, -6.886971, 0.0 ], [ 107.575387, -6.886938, 0.0 ], [ 107.575431, -6.886911, 0.0 ] ] ], [ [ [ 107.571922, -6.883708, 0.0 ], [ 107.572414, -6.883563, 0.0 ], [ 107.572457, -6.883566, 0.0 ], [ 107.572401, -6.883683, 0.0 ], [ 107.571861, -6.883861, 0.0 ], [ 107.571922, -6.883708, 0.0 ] ] ], [ [ [ 107.572768, -6.883566, 0.0 ], [ 107.572477, -6.883661, 0.0 ], [ 107.572569, -6.883499, 0.0 ], [ 107.573717, -6.883139, 0.0 ], [ 107.573729, -6.883185, 0.0 ], [ 107.573708, -6.883219, 0.0 ], [ 107.573573, -6.883307, 0.0 ], [ 107.572768, -6.883566, 0.0 ] ] ], [ [ [ 107.573879, -6.883182, 0.0 ], [ 107.573798, -6.883205, 0.0 ], [ 107.573784, -6.883142, 0.0 ], [ 107.573794, -6.883115, 0.0 ], [ 107.573976, -6.883045, 0.0 ], [ 107.573983, -6.88315, 0.0 ], [ 107.573879, -6.883182, 0.0 ] ] ], [ [ [ 107.572394, -6.880345, 0.0 ], [ 107.572104, -6.880324, 0.0 ], [ 107.572102, -6.880243, 0.0 ], [ 107.572075, -6.880274, 0.0 ], [ 107.572032, -6.88048, 0.0 ], [ 107.57195, -6.880597, 0.0 ], [ 107.57186, -6.880798, 0.0 ], [ 107.571817, -6.880971, 0.0 ], [ 107.571829, -6.881128, 0.0 ], [ 107.571648, -6.881663, 0.0 ], [ 107.571637, -6.881847, 0.0 ], [ 107.571708, -6.882586, 0.0 ], [ 107.571983, -6.883199, 0.0 ], [ 107.571968, -6.883363, 0.0 ], [ 107.571767, -6.884268, 0.0 ], [ 107.571771, -6.884307, 0.0 ], [ 107.571841, -6.884455, 0.0 ], [ 107.571817, -6.884589, 0.0 ], [ 107.571856, -6.884892, 0.0 ], [ 107.571877, -6.884916, 0.0 ], [ 107.572041, -6.884979, 0.0 ], [ 107.572137, -6.884987, 0.0 ], [ 107.572277, -6.885027, 0.0 ], [ 107.572336, -6.885103, 0.0 ], [ 107.572403, -6.885231, 0.0 ], [ 107.572422, -6.885451, 0.0 ], [ 107.572397, -6.885732, 0.0 ], [ 107.572348, -6.886013, 0.0 ], [ 107.572343, -6.886232, 0.0 ], [ 107.572425, -6.886289, 0.0 ], [ 107.572619, -6.886307, 0.0 ], [ 107.572694, -6.886343, 0.0 ], [ 107.572824, -6.886428, 0.0 ], [ 107.572864, -6.88648, 0.0 ], [ 107.573054, -6.886627, 0.0 ], [ 107.573441, -6.886712, 0.0 ], [ 107.573515, -6.886751, 0.0 ], [ 107.573633, -6.886909, 0.0 ], [ 107.573869, -6.887467, 0.0 ], [ 107.573947, -6.887592, 0.0 ], [ 107.573953, -6.887637, 0.0 ], [ 107.574454, -6.888216, 0.0 ], [ 107.574704, -6.888303, 0.0 ], [ 107.574805, -6.888442, 0.0 ], [ 107.574858, -6.888593, 0.0 ], [ 107.575029, -6.888936, 0.0 ], [ 107.575144, -6.889208, 0.0 ], [ 107.575213, -6.889417, 0.0 ], [ 107.575365, -6.889669, 0.0 ], [ 107.575717, -6.88993, 0.0 ], [ 107.576011, -6.890231, 0.0 ], [ 107.576124, -6.890418, 0.0 ], [ 107.576173, -6.890553, 0.0 ], [ 107.576458, -6.890621, 0.0 ], [ 107.57644, -6.890696, 0.0 ], [ 107.576203, -6.890638, 0.0 ], [ 107.576228, -6.890753, 0.0 ], [ 107.576162, -6.89074, 750.0 ], [ 107.576145, -6.890655, 750.0 ], [ 107.57605, -6.890668, 750.0 ], [ 107.57606, -6.890719, 750.0 ], [ 107.576033, -6.890713, 0.0 ], [ 107.575964, -6.890489, 0.0 ], [ 107.575874, -6.890335, 0.0 ], [ 107.575602, -6.890055, 0.0 ], [ 107.575227, -6.889774, 0.0 ], [ 107.575052, -6.889487, 0.0 ], [ 107.574866, -6.889, 0.0 ], [ 107.574586, -6.888436, 0.0 ], [ 107.574341, -6.888344, 0.0 ], [ 107.574231, -6.888234, 0.0 ], [ 107.574016, -6.887961, 0.0 ], [ 107.573814, -6.887739, 0.0 ], [ 107.573728, -6.887606, 0.0 ], [ 107.573554, -6.887155, 0.0 ], [ 107.573485, -6.887032, 0.0 ], [ 107.57329, -6.886883, 0.0 ], [ 107.572966, -6.886772, 0.0 ], [ 107.572607, -6.886491, 0.0 ], [ 107.572547, -6.886464, 0.0 ], [ 107.572372, -6.886449, 0.0 ], [ 107.57227, -6.8864, 0.0 ], [ 107.572169, -6.886285, 0.0 ], [ 107.572168, -6.886016, 0.0 ], [ 107.572217, -6.885727, 0.0 ], [ 107.572241, -6.885456, 0.0 ], [ 107.572229, -6.885273, 0.0 ], [ 107.572193, -6.885205, 0.0 ], [ 107.571774, -6.885053, 0.0 ], [ 107.571701, -6.884975, 0.0 ], [ 107.57168, -6.884927, 0.0 ], [ 107.571586, -6.884273, 0.0 ], [ 107.571609, -6.884154, 0.0 ], [ 107.571604, -6.884075, 0.0 ], [ 107.571636, -6.884025, 0.0 ], [ 107.571791, -6.883343, 0.0 ], [ 107.571801, -6.883208, 0.0 ], [ 107.571531, -6.882615, 0.0 ], [ 107.571456, -6.881858, 0.0 ], [ 107.571476, -6.881556, 0.0 ], [ 107.571528, -6.881381, 0.0 ], [ 107.571624, -6.881197, 0.0 ], [ 107.571644, -6.880761, 0.0 ], [ 107.571715, -6.880536, 0.0 ], [ 107.571894, -6.880296, 0.0 ], [ 107.571936, -6.879863, 0.0 ], [ 107.572126, -6.878861, 0.0 ], [ 107.572256, -6.878649, 0.0 ], [ 107.572369, -6.878526, 0.0 ], [ 107.572399, -6.878887, 39.296947 ], [ 107.572359, -6.879264, 39.296947 ], [ 107.572248, -6.879626, 39.296947 ], [ 107.572068, -6.879966, 39.296947 ], [ 107.572112, -6.88021, 39.296947 ], [ 107.572415, -6.880306, 0.0 ], [ 107.572394, -6.880345, 0.0 ] ], [ [ 107.572084, -6.880179, 0.0 ], [ 107.572086, -6.880168, 0.0 ], [ 107.572085, -6.880114, 0.0 ], [ 107.572082, -6.880182, 0.0 ], [ 107.572084, -6.880179, 0.0 ] ], [ [ 107.572104, -6.880234, 0.0 ], [ 107.572104, -6.880236, 0.0 ], [ 107.572104, -6.880237, 0.0 ], [ 107.572105, -6.880233, 0.0 ], [ 107.572104, -6.880234, 0.0 ] ], [ [ 107.572103, -6.88024, 0.0 ], [ 107.572103, -6.880239, 0.0 ], [ 107.572102, -6.880242, 0.0 ], [ 107.572103, -6.88024, 0.0 ] ], [ [ 107.571823, -6.880796, 0.0 ], [ 107.571914, -6.880593, 0.0 ], [ 107.571994, -6.880479, 0.0 ], [ 107.572001, -6.880435, 0.0 ], [ 107.571879, -6.880616, 0.0 ], [ 107.571823, -6.880796, 0.0 ] ], [ [ 107.571801, -6.884448, 0.0 ], [ 107.571791, -6.884415, 0.0 ], [ 107.571801, -6.88449, 0.0 ], [ 107.571801, -6.884465, 0.0 ], [ 107.571801, -6.884448, 0.0 ] ], [ [ 107.573522, -6.886813, 0.0 ], [ 107.573488, -6.886769, 0.0 ], [ 107.573383, -6.886726, 0.0 ], [ 107.573411, -6.886747, 0.0 ], [ 107.573383, -6.886741, 0.0 ], [ 107.573572, -6.886886, 0.0 ], [ 107.573522, -6.886813, 0.0 ] ], [ [ 107.572104, -6.88025, 0.0 ], [ 107.572105, -6.880247, 0.0 ], [ 107.572104, -6.880252, 0.0 ], [ 107.572104, -6.88025, 0.0 ] ], [ [ 107.572103, -6.880255, 0.0 ], [ 107.572102, -6.880256, 0.0 ], [ 107.572103, -6.880253, 0.0 ], [ 107.572103, -6.880255, 0.0 ] ] ], [ [ [ 107.565799, -6.866003, 0.0 ], [ 107.565638, -6.866122, 0.0 ], [ 107.565457, -6.866395, 0.0 ], [ 107.565289, -6.86653, 0.0 ], [ 107.564952, -6.866853, 0.0 ], [ 107.564627, -6.867095, 0.0 ], [ 107.564495, -6.867285, 0.0 ], [ 107.564308, -6.867396, 0.0 ], [ 107.564233, -6.867422, 0.0 ], [ 107.564133, -6.867674, 0.0 ], [ 107.563967, -6.867846, 0.0 ], [ 107.563792, -6.867953, 0.0 ], [ 107.563644, -6.867978, 0.0 ], [ 107.563503, -6.86798, 0.0 ], [ 107.563439, -6.868007, 0.0 ], [ 107.563378, -6.868101, 0.0 ], [ 107.563246, -6.868584, 0.0 ], [ 107.563162, -6.868714, 0.0 ], [ 107.562987, -6.868788, 0.0 ], [ 107.562937, -6.868841, 0.0 ], [ 107.562909, -6.868918, 0.0 ], [ 107.562941, -6.869061, 0.0 ], [ 107.56305, -6.869309, 0.0 ], [ 107.56304, -6.869475, 0.0 ], [ 107.562684, -6.869926, 0.0 ], [ 107.562533, -6.870088, 0.0 ], [ 107.562399, -6.870434, 0.0 ], [ 107.562239, -6.8707, 0.0 ], [ 107.562109, -6.870872, 0.0 ], [ 107.562073, -6.870983, 0.0 ], [ 107.562196, -6.87163, 0.0 ], [ 107.562197, -6.871762, 0.0 ], [ 107.562157, -6.872056, 0.0 ], [ 107.56212, -6.872097, 0.0 ], [ 107.562033, -6.872138, 0.0 ], [ 107.561768, -6.872077, 0.0 ], [ 107.561753, -6.872144, 0.0 ], [ 107.561757, -6.872299, 0.0 ], [ 107.561836, -6.872549, 0.0 ], [ 107.561926, -6.873055, 0.0 ], [ 107.561938, -6.873241, 0.0 ], [ 107.561905, -6.873377, 0.0 ], [ 107.561954, -6.874057, 0.0 ], [ 107.561881, -6.874297, 0.0 ], [ 107.56172, -6.874551, 0.0 ], [ 107.561483, -6.874833, 0.0 ], [ 107.561335, -6.874975, 0.0 ], [ 107.561031, -6.87536, 0.0 ], [ 107.560809, -6.875827, 0.0 ], [ 107.560629, -6.876037, 0.0 ], [ 107.560499, -6.876216, 0.0 ], [ 107.560459, -6.876304, 0.0 ], [ 107.560459, -6.876335, 0.0 ], [ 107.560504, -6.876379, 0.0 ], [ 107.560938, -6.876558, 0.0 ], [ 107.560982, -6.876597, 0.0 ], [ 107.561043, -6.876903, 0.0 ], [ 107.560972, -6.877128, 0.0 ], [ 107.561024, -6.87728, 0.0 ], [ 107.561055, -6.877344, 0.0 ], [ 107.561342, -6.877591, 0.0 ], [ 107.56145, -6.877791, 0.0 ], [ 107.561484, -6.878205, 0.0 ], [ 107.561545, -6.878343, 0.0 ], [ 107.561581, -6.878496, 0.0 ], [ 107.561412, -6.878796, 0.0 ], [ 107.56137, -6.878901, 0.0 ], [ 107.561349, -6.879088, 0.0 ], [ 107.561245, -6.879611, 0.0 ], [ 107.561247, -6.87982, 0.0 ], [ 107.561414, -6.87977, 0.0 ], [ 107.561459, -6.879781, 0.0 ], [ 107.561499, -6.879828, 0.0 ], [ 107.561526, -6.87996, 0.0 ], [ 107.561533, -6.880101, 0.0 ], [ 107.561572, -6.880241, 0.0 ], [ 107.561753, -6.880665, 0.0 ], [ 107.561786, -6.881044, 0.0 ], [ 107.561823, -6.881258, 0.0 ], [ 107.562038, -6.881311, 0.0 ], [ 107.562417, -6.881475, 0.0 ], [ 107.562567, -6.881339, 0.0 ], [ 107.563782, -6.879975, 0.0 ], [ 107.564171, -6.879244, 0.0 ], [ 107.564428, -6.878925, 0.0 ], [ 107.564509, -6.878621, 0.0 ], [ 107.564548, -6.878594, 0.0 ], [ 107.564609, -6.878594, 0.0 ], [ 107.564648, -6.878621, 0.0 ], [ 107.564668, -6.878671, 0.0 ], [ 107.564592, -6.878988, 0.0 ], [ 107.564514, -6.879105, 0.0 ], [ 107.564325, -6.879325, 0.0 ], [ 107.563931, -6.880063, 0.0 ], [ 107.562699, -6.881449, 0.0 ], [ 107.562483, -6.881644, 0.0 ], [ 107.562426, -6.881658, 0.0 ], [ 107.561974, -6.881466, 0.0 ], [ 107.561798, -6.881423, 0.0 ], [ 107.561776, -6.88168, 0.0 ], [ 107.561727, -6.88187, 0.0 ], [ 107.56166, -6.882015, 0.0 ], [ 107.561588, -6.882343, 0.0 ], [ 107.561455, -6.882425, 0.0 ], [ 107.561024, -6.882555, 0.0 ], [ 107.560969, -6.882617, 0.0 ], [ 107.560656, -6.883366, 0.0 ], [ 107.560625, -6.883483, 0.0 ], [ 107.560649, -6.883636, 0.0 ], [ 107.560739, -6.883801, 0.0 ], [ 107.560885, -6.884142, 0.0 ], [ 107.560942, -6.884351, 0.0 ], [ 107.560943, -6.884541, 0.0 ], [ 107.560807, -6.885305, 0.0 ], [ 107.560833, -6.885384, 0.0 ], [ 107.5609, -6.885411, 0.0 ], [ 107.560996, -6.88548, 0.0 ], [ 107.561219, -6.885725, 0.0 ], [ 107.561489, -6.885844, 0.0 ], [ 107.561716, -6.886006, 0.0 ], [ 107.561952, -6.886358, 0.0 ], [ 107.562512, -6.886598, 0.0 ], [ 107.562814, -6.886704, 0.0 ], [ 107.562985, -6.886837, 0.0 ], [ 107.563681, -6.885344, 0.0 ], [ 107.563863, -6.885083, 0.0 ], [ 107.563932, -6.884952, 0.0 ], [ 107.564009, -6.88452, 0.0 ], [ 107.564031, -6.88411, 0.0 ], [ 107.564052, -6.883995, 0.0 ], [ 107.564123, -6.8838, 0.0 ], [ 107.564158, -6.883636, 0.0 ], [ 107.564243, -6.883523, 0.0 ], [ 107.564227, -6.883463, 0.0 ], [ 107.564237, -6.883417, 0.0 ], [ 107.564263, -6.883382, 0.0 ], [ 107.564352, -6.88333, 0.0 ], [ 107.56432, -6.882881, 0.0 ], [ 107.564389, -6.882721, 0.0 ], [ 107.56452, -6.882615, 0.0 ], [ 107.564734, -6.882584, 0.0 ], [ 107.564927, -6.882624, 0.0 ], [ 107.565025, -6.882679, 0.0 ], [ 107.565056, -6.88273, 0.0 ], [ 107.565084, -6.882716, 0.0 ], [ 107.565237, -6.882352, 0.0 ], [ 107.565305, -6.881654, 0.0 ], [ 107.565496, -6.88121, 0.0 ], [ 107.56561, -6.88056, 0.0 ], [ 107.56567, -6.880407, 0.0 ], [ 107.56579, -6.880308, 0.0 ], [ 107.565977, -6.880261, 0.0 ], [ 107.56646, -6.880445, 0.0 ], [ 107.566837, -6.880411, 0.0 ], [ 107.56734, -6.880198, 0.0 ], [ 107.567622, -6.880244, 0.0 ], [ 107.568279, -6.88013, 0.0 ], [ 107.568759, -6.879913, 0.0 ], [ 107.568691, -6.879853, 0.0 ], [ 107.568611, -6.879814, 0.0 ], [ 107.568587, -6.879746, 0.0 ], [ 107.56868, -6.879528, 0.0 ], [ 107.568761, -6.879099, 0.0 ], [ 107.568832, -6.878978, 0.0 ], [ 107.568943, -6.878903, 0.0 ], [ 107.569405, -6.878812, 0.0 ], [ 107.56969, -6.878681, 0.0 ], [ 107.569458, -6.878354, 0.0 ], [ 107.569378, -6.87833, 0.0 ], [ 107.569314, -6.878338, 0.0 ], [ 107.569237, -6.87839, 0.0 ], [ 107.569113, -6.878443, 0.0 ], [ 107.569072, -6.878432, 0.0 ], [ 107.569005, -6.878385, 0.0 ], [ 107.568971, -6.878335, 0.0 ], [ 107.568946, -6.878222, 0.0 ], [ 107.568976, -6.878105, 0.0 ], [ 107.569081, -6.877985, 0.0 ], [ 107.569238, -6.877747, 0.0 ], [ 107.569272, -6.877578, 0.0 ], [ 107.56929, -6.877422, 0.0 ], [ 107.569279, -6.877412, 0.0 ], [ 107.568979, -6.877278, 0.0 ], [ 107.568949, -6.877251, 0.0 ], [ 107.567985, -6.877061, 0.0 ], [ 107.567367, -6.87683, 0.0 ], [ 107.567064, -6.876801, 0.0 ], [ 107.566005, -6.876513, 0.0 ], [ 107.566053, -6.876443, 0.0 ], [ 107.566172, -6.876383, 0.0 ], [ 107.566278, -6.876414, 0.0 ], [ 107.566341, -6.876501, 0.0 ], [ 107.566424, -6.876581, 0.0 ], [ 107.566486, -6.876574, 0.0 ], [ 107.566564, -6.876523, 0.0 ], [ 107.566645, -6.876525, 0.0 ], [ 107.5667, -6.876575, 0.0 ], [ 107.566758, -6.876587, 0.0 ], [ 107.566807, -6.876519, 0.0 ], [ 107.566713, -6.87651, 0.0 ], [ 107.566675, -6.876484, 0.0 ], [ 107.566653, -6.876426, 0.0 ], [ 107.566685, -6.876357, 0.0 ], [ 107.566743, -6.876335, 0.0 ], [ 107.566944, -6.876352, 0.0 ], [ 107.56702, -6.876287, 0.0 ], [ 107.567156, -6.876233, 0.0 ], [ 107.567313, -6.876365, 0.0 ], [ 107.567426, -6.876395, 0.0 ], [ 107.567525, -6.876362, 0.0 ], [ 107.567604, -6.876474, 0.0 ], [ 107.567784, -6.876618, 0.0 ], [ 107.567801, -6.876647, 0.0 ], [ 107.567757, -6.876777, 0.0 ], [ 107.568029, -6.876885, 0.0 ], [ 107.568969, -6.87707, 0.0 ], [ 107.569123, -6.876697, 0.0 ], [ 107.569585, -6.876133, 0.0 ], [ 107.569788, -6.875799, 0.0 ], [ 107.570057, -6.875403, 0.0 ], [ 107.570203, -6.87551, 0.0 ], [ 107.569734, -6.876235, 0.0 ], [ 107.569275, -6.876796, 0.0 ], [ 107.569135, -6.877144, 0.0 ], [ 107.569382, -6.877262, 0.0 ], [ 107.569457, -6.877334, 0.0 ], [ 107.569476, -6.877385, 0.0 ], [ 107.569409, -6.877811, 0.0 ], [ 107.569226, -6.878093, 0.0 ], [ 107.569144, -6.878175, 0.0 ], [ 107.569133, -6.87824, 0.0 ], [ 107.569243, -6.87817, 0.0 ], [ 107.569375, -6.878149, 0.0 ], [ 107.569555, -6.878195, 0.0 ], [ 107.569821, -6.878541, 0.0 ], [ 107.570109, -6.878335, 0.0 ], [ 107.57062, -6.877761, 0.0 ], [ 107.570567, -6.877551, 0.0 ], [ 107.570632, -6.877389, 0.0 ], [ 107.57079, -6.876876, 0.0 ], [ 107.570781, -6.876825, 0.0 ], [ 107.570796, -6.87678, 0.0 ], [ 107.570845, -6.876743, 0.0 ], [ 107.570921, -6.876754, 0.0 ], [ 107.570956, -6.876799, 0.0 ], [ 107.570974, -6.87689, 0.0 ], [ 107.570752, -6.877574, 0.0 ], [ 107.570808, -6.877761, 0.0 ], [ 107.570804, -6.877822, 0.0 ], [ 107.57024, -6.87846, 0.0 ], [ 107.569864, -6.87873, 0.0 ], [ 107.569842, -6.87879, 0.0 ], [ 107.569801, -6.878829, 0.0 ], [ 107.569465, -6.878983, 0.0 ], [ 107.569007, -6.879074, 0.0 ], [ 107.568964, -6.879105, 0.0 ], [ 107.568934, -6.879159, 0.0 ], [ 107.568855, -6.879573, 0.0 ], [ 107.568803, -6.87971, 0.0 ], [ 107.568898, -6.879786, 0.0 ], [ 107.568959, -6.879919, 0.0 ], [ 107.568954, -6.87998, 0.0 ], [ 107.568893, -6.880048, 0.0 ], [ 107.568331, -6.880304, 0.0 ], [ 107.567622, -6.880426, 0.0 ], [ 107.567361, -6.880382, 0.0 ], [ 107.566867, -6.880589, 0.0 ], [ 107.566438, -6.880626, 0.0 ], [ 107.56629, -6.880584, 0.0 ], [ 107.565965, -6.880447, 0.0 ], [ 107.56587, -6.880473, 0.0 ], [ 107.565814, -6.88052, 0.0 ], [ 107.565787, -6.880598, 0.0 ], [ 107.565668, -6.881267, 0.0 ], [ 107.565482, -6.881684, 0.0 ], [ 107.565409, -6.882394, 0.0 ], [ 107.565222, -6.882827, 0.0 ], [ 107.565013, -6.882942, 0.0 ], [ 107.564857, -6.882929, 0.0 ], [ 107.564809, -6.882956, 0.0 ], [ 107.564711, -6.883088, 0.0 ], [ 107.564687, -6.883431, 0.0 ], [ 107.564647, -6.883566, 0.0 ], [ 107.564553, -6.883648, 0.0 ], [ 107.564438, -6.883664, 0.0 ], [ 107.564372, -6.883637, 0.0 ], [ 107.564327, -6.883694, 0.0 ], [ 107.564211, -6.884111, 0.0 ], [ 107.564188, -6.88453, 0.0 ], [ 107.564104, -6.884999, 0.0 ], [ 107.564014, -6.885168, 0.0 ], [ 107.563841, -6.885413, 0.0 ], [ 107.563142, -6.886913, 0.0 ], [ 107.563142, -6.886927, 0.0 ], [ 107.563375, -6.887018, 0.0 ], [ 107.563402, -6.887055, 0.0 ], [ 107.56342, -6.887145, 0.0 ], [ 107.563374, -6.887577, 0.0 ], [ 107.563367, -6.887828, 0.0 ], [ 107.563317, -6.887941, 0.0 ], [ 107.563217, -6.888104, 0.0 ], [ 107.563086, -6.888092, 750.0 ], [ 107.563165, -6.887973, 750.0 ], [ 107.563263, -6.88787, 750.0 ], [ 107.563308, -6.887783, 750.0 ], [ 107.56332, -6.887703, 750.0 ], [ 107.563304, -6.887581, 750.0 ], [ 107.563328, -6.887375, 750.0 ], [ 107.563261, -6.887365, 750.0 ], [ 107.563247, -6.8875, 750.0 ], [ 107.563228, -6.887539, 750.0 ], [ 107.563196, -6.887557, 750.0 ], [ 107.563239, -6.887141, 0.0 ], [ 107.562974, -6.887042, 0.0 ], [ 107.562725, -6.886849, 0.0 ], [ 107.562245, -6.88667, 0.0 ], [ 107.56184, -6.886489, 0.0 ], [ 107.561589, -6.886122, 0.0 ], [ 107.561399, -6.885987, 0.0 ], [ 107.561109, -6.885856, 0.0 ], [ 107.560878, -6.885603, 0.0 ], [ 107.560694, -6.885498, 0.0 ], [ 107.560626, -6.885336, 0.0 ], [ 107.560651, -6.885114, 0.0 ], [ 107.560764, -6.884534, 0.0 ], [ 107.560763, -6.884365, 0.0 ], [ 107.560717, -6.884196, 0.0 ], [ 107.560572, -6.883859, 0.0 ], [ 107.560478, -6.883683, 0.0 ], [ 107.560445, -6.883471, 0.0 ], [ 107.560487, -6.883314, 0.0 ], [ 107.560824, -6.882521, 0.0 ], [ 107.560936, -6.882408, 0.0 ], [ 107.561435, -6.882245, 0.0 ], [ 107.561488, -6.881971, 0.0 ], [ 107.561556, -6.881824, 0.0 ], [ 107.561599, -6.881655, 0.0 ], [ 107.56162, -6.881379, 0.0 ], [ 107.56165, -6.881302, 0.0 ], [ 107.561607, -6.881051, 0.0 ], [ 107.561575, -6.880693, 0.0 ], [ 107.561399, -6.880281, 0.0 ], [ 107.561354, -6.880117, 0.0 ], [ 107.561346, -6.879966, 0.0 ], [ 107.561157, -6.88, 0.0 ], [ 107.561108, -6.879964, 0.0 ], [ 107.561068, -6.879872, 0.0 ], [ 107.561066, -6.879602, 0.0 ], [ 107.561171, -6.879071, 0.0 ], [ 107.561194, -6.878871, 0.0 ], [ 107.561253, -6.878724, 0.0 ], [ 107.561394, -6.878489, 0.0 ], [ 107.561374, -6.878389, 0.0 ], [ 107.561307, -6.878235, 0.0 ], [ 107.561273, -6.877823, 0.0 ], [ 107.561199, -6.87769, 0.0 ], [ 107.560991, -6.877501, 0.0 ], [ 107.560919, -6.877455, 0.0 ], [ 107.560854, -6.877329, 0.0 ], [ 107.560786, -6.87712, 0.0 ], [ 107.56086, -6.876903, 0.0 ], [ 107.560823, -6.876692, 0.0 ], [ 107.560398, -6.876514, 0.0 ], [ 107.560286, -6.876398, 0.0 ], [ 107.560281, -6.876282, 0.0 ], [ 107.560347, -6.876132, 0.0 ], [ 107.560489, -6.875936, 0.0 ], [ 107.560654, -6.875746, 0.0 ], [ 107.560883, -6.875271, 0.0 ], [ 107.561197, -6.874872, 0.0 ], [ 107.561347, -6.874727, 0.0 ], [ 107.561577, -6.874454, 0.0 ], [ 107.561711, -6.874232, 0.0 ], [ 107.561774, -6.874033, 0.0 ], [ 107.561723, -6.873363, 0.0 ], [ 107.561756, -6.873237, 0.0 ], [ 107.561747, -6.873067, 0.0 ], [ 107.561659, -6.872572, 0.0 ], [ 107.561578, -6.872316, 0.0 ], [ 107.561574, -6.87212, 0.0 ], [ 107.561616, -6.871932, 0.0 ], [ 107.561666, -6.871882, 0.0 ], [ 107.561723, -6.871878, 0.0 ], [ 107.561991, -6.871946, 0.0 ], [ 107.562017, -6.871745, 0.0 ], [ 107.562015, -6.871627, 0.0 ], [ 107.561893, -6.870949, 0.0 ], [ 107.561947, -6.870788, 0.0 ], [ 107.562086, -6.870603, 0.0 ], [ 107.562239, -6.87035, 0.0 ], [ 107.562381, -6.869986, 0.0 ], [ 107.562545, -6.86981, 0.0 ], [ 107.562867, -6.869409, 0.0 ], [ 107.562871, -6.869332, 0.0 ], [ 107.56277, -6.869108, 0.0 ], [ 107.562725, -6.868905, 0.0 ], [ 107.562778, -6.868751, 0.0 ], [ 107.562892, -6.868629, 0.0 ], [ 107.563038, -6.868577, 0.0 ], [ 107.563085, -6.8685, 0.0 ], [ 107.563211, -6.868027, 0.0 ], [ 107.563312, -6.867874, 0.0 ], [ 107.56346, -6.867803, 0.0 ], [ 107.563734, -6.86778, 0.0 ], [ 107.563851, -6.867707, 0.0 ], [ 107.563982, -6.867571, 0.0 ], [ 107.564096, -6.867286, 0.0 ], [ 107.564226, -6.867235, 0.0 ], [ 107.564374, -6.867148, 0.0 ], [ 107.564495, -6.86697, 0.0 ], [ 107.564834, -6.866716, 0.0 ], [ 107.565164, -6.866399, 0.0 ], [ 107.565332, -6.866264, 0.0 ], [ 107.565501, -6.866001, 0.0 ], [ 107.565674, -6.86587, 0.0 ], [ 107.565727, -6.865769, 0.0 ], [ 107.565733, -6.865661, 0.0 ], [ 107.565683, -6.86525, 0.0 ], [ 107.565729, -6.865082, 0.0 ], [ 107.56594, -6.865217, 0.0 ], [ 107.565887, -6.865186, 0.0 ], [ 107.565865, -6.865263, 0.0 ], [ 107.565913, -6.865661, 0.0 ], [ 107.565905, -6.865812, 0.0 ], [ 107.565799, -6.866003, 0.0 ] ], [ [ 107.561768, -6.872064, 0.0 ], [ 107.561772, -6.872064, 0.0 ], [ 107.561768, -6.872063, 0.0 ], [ 107.561768, -6.872064, 0.0 ] ], [ [ 107.564494, -6.883464, 0.0 ], [ 107.5645, -6.883446, 0.0 ], [ 107.564448, -6.883471, 0.0 ], [ 107.564462, -6.883479, 0.0 ], [ 107.564448, -6.883485, 0.0 ], [ 107.564482, -6.88349, 0.0 ], [ 107.564494, -6.883464, 0.0 ] ], [ [ 107.564538, -6.883038, 0.0 ], [ 107.564683, -6.882837, 0.0 ], [ 107.564783, -6.882778, 0.0 ], [ 107.564764, -6.882774, 0.0 ], [ 107.564783, -6.882763, 0.0 ], [ 107.564727, -6.882752, 0.0 ], [ 107.564594, -6.882769, 0.0 ], [ 107.564541, -6.882807, 0.0 ], [ 107.564501, -6.882888, 0.0 ], [ 107.564522, -6.883218, 0.0 ], [ 107.564538, -6.883038, 0.0 ] ] ], [ [ [ 107.570853, -6.876542, 0.0 ], [ 107.57083, -6.876654, 0.0 ], [ 107.570805, -6.876691, 0.0 ], [ 107.570735, -6.876712, 0.0 ], [ 107.570672, -6.876676, 0.0 ], [ 107.570655, -6.87662, 0.0 ], [ 107.570687, -6.876458, 0.0 ], [ 107.57081, -6.876334, 0.0 ], [ 107.570875, -6.876526, 0.0 ], [ 107.570853, -6.876542, 0.0 ] ] ], [ [ [ 107.565828, -6.864674, 0.0 ], [ 107.565891, -6.864537, 0.0 ], [ 107.565729, -6.865082, 0.0 ], [ 107.565766, -6.864873, 0.0 ], [ 107.565828, -6.864674, 0.0 ] ] ], [ [ [ 107.565813, -6.864029, 0.0 ], [ 107.565908, -6.863936, 0.0 ], [ 107.565804, -6.86404, 0.0 ], [ 107.565813, -6.864029, 0.0 ] ] ], [ [ [ 107.567136, -6.86367, 0.0 ], [ 107.567143, -6.863675, 0.0 ], [ 107.567461, -6.863943, 0.0 ], [ 107.56745, -6.863948, 0.0 ], [ 107.567136, -6.86367, 0.0 ] ] ], [ [ [ 107.56601, -6.863144, 0.0 ], [ 107.566004, -6.863118, 0.0 ], [ 107.566091, -6.863281, 0.0 ], [ 107.566016, -6.863156, 0.0 ], [ 107.56601, -6.863144, 0.0 ] ] ], [ [ [ 107.567534, -6.863126, 0.0 ], [ 107.567228, -6.862855, 0.0 ], [ 107.567541, -6.863117, 0.0 ], [ 107.567534, -6.863126, 0.0 ] ] ], [ [ [ 107.567249, -6.862598, 0.0 ], [ 107.567243, -6.862688, 0.0 ], [ 107.567228, -6.862855, 0.0 ], [ 107.56725, -6.862584, 0.0 ], [ 107.567249, -6.862598, 0.0 ] ] ], [ [ [ 107.565967, -6.86277, 0.0 ], [ 107.565956, -6.862693, 0.0 ], [ 107.565956, -6.862669, 0.0 ], [ 107.565967, -6.86277, 0.0 ] ] ], [ [ [ 107.565956, -6.862669, 0.0 ], [ 107.565982, -6.86246, 0.0 ], [ 107.565985, -6.862444, 0.0 ], [ 107.565956, -6.862669, 0.0 ] ] ], [ [ [ 107.567742, -6.862483, 0.0 ], [ 107.567824, -6.862388, 0.0 ], [ 107.567828, -6.862382, 0.0 ], [ 107.56775, -6.862488, 0.0 ], [ 107.567742, -6.862483, 0.0 ] ] ], [ [ [ 107.566039, -6.862279, 0.0 ], [ 107.566078, -6.862161, 0.0 ], [ 107.566092, -6.862134, 0.0 ], [ 107.566039, -6.862279, 0.0 ] ] ], [ [ [ 107.567828, -6.862382, 0.0 ], [ 107.567601, -6.861983, 0.0 ], [ 107.567582, -6.861933, 0.0 ], [ 107.567828, -6.862382, 0.0 ] ] ], [ [ [ 107.567288, -6.861838, 0.0 ], [ 107.567283, -6.861864, 0.0 ], [ 107.56727, -6.861901, 0.0 ], [ 107.567288, -6.861824, 0.0 ], [ 107.567288, -6.861838, 0.0 ] ] ], [ [ [ 107.566443, -6.861666, 0.0 ], [ 107.566501, -6.86157, 0.0 ], [ 107.566528, -6.861541, 0.0 ], [ 107.566443, -6.861666, 0.0 ] ] ], [ [ [ 107.566565, -6.861527, 0.0 ], [ 107.566578, -6.861525, 0.0 ], [ 107.566528, -6.861541, 0.0 ], [ 107.56654, -6.861535, 0.0 ], [ 107.566565, -6.861527, 0.0 ] ] ], [ [ [ 107.566658, -6.861513, 0.0 ], [ 107.566658, -6.861498, 0.0 ], [ 107.566667, -6.861471, 0.0 ], [ 107.566658, -6.861513, 0.0 ] ] ], [ [ [ 107.566695, -6.861438, 0.0 ], [ 107.56672, -6.861425, 0.0 ], [ 107.566763, -6.861422, 0.0 ], [ 107.566667, -6.861471, 0.0 ], [ 107.566695, -6.861438, 0.0 ] ] ], [ [ [ 107.566995, -6.861162, 0.0 ], [ 107.567033, -6.861143, 0.0 ], [ 107.566969, -6.8612, 0.0 ], [ 107.566977, -6.861184, 0.0 ], [ 107.566995, -6.861162, 0.0 ] ] ], [ [ [ 107.577175, -6.891102, 0.0 ], [ 107.576954, -6.891082, 0.0 ], [ 107.576653, -6.891105, 0.0 ], [ 107.576603, -6.891096, 0.0 ], [ 107.57657, -6.891041, 0.0 ], [ 107.576563, -6.890987, 0.0 ], [ 107.576507, -6.890983, 0.0 ], [ 107.576444, -6.891121, 0.0 ], [ 107.576276, -6.891133, 0.0 ], [ 107.576241, -6.891118, 750.0 ], [ 107.576245, -6.891064, 750.0 ], [ 107.576207, -6.89094, 750.0 ], [ 107.576958, -6.891011, 0.0 ], [ 107.578041, -6.891227, 0.0 ], [ 107.578022, -6.891299, 0.0 ], [ 107.577175, -6.891102, 0.0 ] ] ], [ [ [ 107.578058, -6.891034, 0.0 ], [ 107.576942, -6.890806, 0.0 ], [ 107.576648, -6.890741, 0.0 ], [ 107.576678, -6.89069, 0.0 ], [ 107.57675, -6.890678, 0.0 ], [ 107.576897, -6.890734, 0.0 ], [ 107.577948, -6.890923, 0.0 ], [ 107.57809, -6.890954, 0.0 ], [ 107.578079, -6.891037, 0.0 ], [ 107.578058, -6.891034, 0.0 ] ] ] ] } },
{ "type": "Feature", "properties": { "Zona": "Zona B3", "Zona_1": "Zona B3" }, "geometry": { "type": "MultiPolygon", "coordinates": [ [ [ [ 107.565688, -6.865156, 0.0 ], [ 107.565429, -6.864966, 0.0 ], [ 107.564926, -6.864637, 0.0 ], [ 107.564819, -6.864579, 0.0 ], [ 107.564744, -6.864563, 0.0 ], [ 107.564705, -6.864575, 0.0 ], [ 107.56465, -6.864625, 0.0 ], [ 107.564378, -6.865009, 0.0 ], [ 107.564205, -6.865228, 0.0 ], [ 107.564074, -6.865366, 0.0 ], [ 107.56394, -6.86547, 0.0 ], [ 107.563875, -6.865502, 0.0 ], [ 107.563752, -6.865516, 0.0 ], [ 107.563635, -6.865475, 0.0 ], [ 107.563477, -6.865357, 0.0 ], [ 107.563483, -6.865348, 0.0 ], [ 107.563635, -6.86546, 0.0 ], [ 107.563752, -6.865502, 0.0 ], [ 107.563875, -6.865488, 0.0 ], [ 107.56394, -6.865456, 0.0 ], [ 107.564074, -6.865352, 0.0 ], [ 107.564205, -6.865214, 0.0 ], [ 107.56465, -6.864611, 0.0 ], [ 107.564705, -6.864561, 0.0 ], [ 107.564744, -6.864549, 0.0 ], [ 107.564819, -6.864565, 0.0 ], [ 107.56497, -6.864651, 0.0 ], [ 107.565501, -6.865001, 0.0 ], [ 107.565704, -6.865155, 0.0 ], [ 107.565688, -6.865156, 0.0 ] ] ], [ [ [ 107.5657, -6.865167, 0.0 ], [ 107.565688, -6.865156, 0.0 ], [ 107.565701, -6.865164, 0.0 ], [ 107.5657, -6.865167, 0.0 ] ] ], [ [ [ 107.567132, -6.876855, 0.0 ], [ 107.565232, -6.876338, 0.0 ], [ 107.565133, -6.876328, 0.0 ], [ 107.565025, -6.876381, 0.0 ], [ 107.564951, -6.876384, 0.0 ], [ 107.564694, -6.876217, 0.0 ], [ 107.564489, -6.876121, 0.0 ], [ 107.564084, -6.875976, 0.0 ], [ 107.563705, -6.875862, 0.0 ], [ 107.56352, -6.875829, 0.0 ], [ 107.563244, -6.875847, 0.0 ], [ 107.563112, -6.87581, 0.0 ], [ 107.562962, -6.87572, 0.0 ], [ 107.562813, -6.875603, 0.0 ], [ 107.562743, -6.875509, 0.0 ], [ 107.562651, -6.875313, 0.0 ], [ 107.56258, -6.875245, 0.0 ], [ 107.562093, -6.874991, 0.0 ], [ 107.561945, -6.874879, 0.0 ], [ 107.56188, -6.874801, 0.0 ], [ 107.561817, -6.874689, 0.0 ], [ 107.561779, -6.874574, 0.0 ], [ 107.561771, -6.874514, 0.0 ], [ 107.56177, -6.874484, 0.0 ], [ 107.561817, -6.874674, 0.0 ], [ 107.56188, -6.874787, 0.0 ], [ 107.561945, -6.874865, 0.0 ], [ 107.562093, -6.874977, 0.0 ], [ 107.56258, -6.87523, 0.0 ], [ 107.562651, -6.875299, 0.0 ], [ 107.562743, -6.875495, 0.0 ], [ 107.562813, -6.875589, 0.0 ], [ 107.562962, -6.875706, 0.0 ], [ 107.563112, -6.875796, 0.0 ], [ 107.563244, -6.875833, 0.0 ], [ 107.56352, -6.875815, 0.0 ], [ 107.563705, -6.875848, 0.0 ], [ 107.564084, -6.875962, 0.0 ], [ 107.564489, -6.876107, 0.0 ], [ 107.564694, -6.876203, 0.0 ], [ 107.564951, -6.87637, 0.0 ], [ 107.565025, -6.876367, 0.0 ], [ 107.565133, -6.876313, 0.0 ], [ 107.565231, -6.876323, 0.0 ], [ 107.567164, -6.876847, 0.0 ], [ 107.567132, -6.876855, 0.0 ] ] ], [ [ [ 107.571971, -6.880506, 0.0 ], [ 107.571928, -6.880546, 0.0 ], [ 107.571852, -6.880702, 0.0 ], [ 107.571904, -6.880579, 0.0 ], [ 107.571955, -6.880507, 0.0 ], [ 107.571973, -6.880489, 0.0 ], [ 107.571989, -6.880463, 0.0 ], [ 107.571971, -6.880506, 0.0 ] ] ], [ [ [ 107.571479, -6.882107, 0.0 ], [ 107.571444, -6.882179, 0.0 ], [ 107.571347, -6.882272, 0.0 ], [ 107.57126, -6.882325, 0.0 ], [ 107.571138, -6.882362, 0.0 ], [ 107.570928, -6.882393, 0.0 ], [ 107.570682, -6.882407, 0.0 ], [ 107.570462, -6.882395, 0.0 ], [ 107.570274, -6.882362, 0.0 ], [ 107.570156, -6.882298, 0.0 ], [ 107.570012, -6.882123, 0.0 ], [ 107.56974, -6.88173, 0.0 ], [ 107.569706, -6.881655, 0.0 ], [ 107.569701, -6.881623, 0.0 ], [ 107.5697, -6.881595, 0.0 ], [ 107.569711, -6.881656, 0.0 ], [ 107.569756, -6.881741, 0.0 ], [ 107.570048, -6.882156, 0.0 ], [ 107.570177, -6.882303, 0.0 ], [ 107.570274, -6.882348, 0.0 ], [ 107.570462, -6.88238, 0.0 ], [ 107.570682, -6.882393, 0.0 ], [ 107.570928, -6.882379, 0.0 ], [ 107.571138, -6.882348, 0.0 ], [ 107.571239, -6.882319, 0.0 ], [ 107.57133, -6.88227, 0.0 ], [ 107.57143, -6.882182, 0.0 ], [ 107.571478, -6.882096, 0.0 ], [ 107.571479, -6.882107, 0.0 ] ] ] ] } },
{ "type": "Feature", "properties": { "Zona": "Zona B4", "Zona_1": "Zona B4" }, "geometry": { "type": "MultiPolygon", "coordinates": [ [ [ [ 107.565688, -6.865156, 0.0 ], [ 107.565429, -6.864966, 0.0 ], [ 107.564926, -6.864637, 0.0 ], [ 107.564819, -6.864579, 0.0 ], [ 107.564744, -6.864563, 0.0 ], [ 107.564705, -6.864575, 0.0 ], [ 107.56465, -6.864625, 0.0 ], [ 107.564378, -6.865009, 0.0 ], [ 107.564205, -6.865228, 0.0 ], [ 107.564074, -6.865366, 0.0 ], [ 107.56394, -6.86547, 0.0 ], [ 107.563875, -6.865502, 0.0 ], [ 107.563752, -6.865516, 0.0 ], [ 107.563635, -6.865475, 0.0 ], [ 107.563477, -6.865357, 0.0 ], [ 107.563483, -6.865348, 0.0 ], [ 107.563635, -6.86546, 0.0 ], [ 107.563752, -6.865502, 0.0 ], [ 107.563875, -6.865488, 0.0 ], [ 107.56394, -6.865456, 0.0 ], [ 107.564074, -6.865352, 0.0 ], [ 107.564205, -6.865214, 0.0 ], [ 107.56465, -6.864611, 0.0 ], [ 107.564705, -6.864561, 0.0 ], [ 107.564744, -6.864549, 0.0 ], [ 107.564819, -6.864565, 0.0 ], [ 107.56497, -6.864651, 0.0 ], [ 107.565501, -6.865001, 0.0 ], [ 107.565704, -6.865155, 0.0 ], [ 107.565688, -6.865156, 0.0 ] ] ], [ [ [ 107.5657, -6.865167, 0.0 ], [ 107.565688, -6.865156, 0.0 ], [ 107.565701, -6.865164, 0.0 ], [ 107.5657, -6.865167, 0.0 ] ] ], [ [ [ 107.567132, -6.876855, 0.0 ], [ 107.565232, -6.876338, 0.0 ], [ 107.565133, -6.876328, 0.0 ], [ 107.565025, -6.876381, 0.0 ], [ 107.564951, -6.876384, 0.0 ], [ 107.564694, -6.876217, 0.0 ], [ 107.564489, -6.876121, 0.0 ], [ 107.564084, -6.875976, 0.0 ], [ 107.563705, -6.875862, 0.0 ], [ 107.56352, -6.875829, 0.0 ], [ 107.563244, -6.875847, 0.0 ], [ 107.563112, -6.87581, 0.0 ], [ 107.562962, -6.87572, 0.0 ], [ 107.562813, -6.875603, 0.0 ], [ 107.562743, -6.875509, 0.0 ], [ 107.562651, -6.875313, 0.0 ], [ 107.56258, -6.875245, 0.0 ], [ 107.562093, -6.874991, 0.0 ], [ 107.561945, -6.874879, 0.0 ], [ 107.56188, -6.874801, 0.0 ], [ 107.561817, -6.874689, 0.0 ], [ 107.561779, -6.874574, 0.0 ], [ 107.561771, -6.874514, 0.0 ], [ 107.56177, -6.874484, 0.0 ], [ 107.561817, -6.874674, 0.0 ], [ 107.56188, -6.874787, 0.0 ], [ 107.561945, -6.874865, 0.0 ], [ 107.562093, -6.874977, 0.0 ], [ 107.56258, -6.87523, 0.0 ], [ 107.562651, -6.875299, 0.0 ], [ 107.562743, -6.875495, 0.0 ], [ 107.562813, -6.875589, 0.0 ], [ 107.562962, -6.875706, 0.0 ], [ 107.563112, -6.875796, 0.0 ], [ 107.563244, -6.875833, 0.0 ], [ 107.56352, -6.875815, 0.0 ], [ 107.563705, -6.875848, 0.0 ], [ 107.564084, -6.875962, 0.0 ], [ 107.564489, -6.876107, 0.0 ], [ 107.564694, -6.876203, 0.0 ], [ 107.564951, -6.87637, 0.0 ], [ 107.565025, -6.876367, 0.0 ], [ 107.565133, -6.876313, 0.0 ], [ 107.565231, -6.876323, 0.0 ], [ 107.567164, -6.876847, 0.0 ], [ 107.567132, -6.876855, 0.0 ] ] ], [ [ [ 107.571971, -6.880506, 0.0 ], [ 107.571928, -6.880546, 0.0 ], [ 107.571852, -6.880702, 0.0 ], [ 107.571904, -6.880579, 0.0 ], [ 107.571955, -6.880507, 0.0 ], [ 107.571973, -6.880489, 0.0 ], [ 107.571989, -6.880463, 0.0 ], [ 107.571971, -6.880506, 0.0 ] ] ], [ [ [ 107.571479, -6.882107, 0.0 ], [ 107.571444, -6.882179, 0.0 ], [ 107.571347, -6.882272, 0.0 ], [ 107.57126, -6.882325, 0.0 ], [ 107.571138, -6.882362, 0.0 ], [ 107.570928, -6.882393, 0.0 ], [ 107.570682, -6.882407, 0.0 ], [ 107.570462, -6.882395, 0.0 ], [ 107.570274, -6.882362, 0.0 ], [ 107.570156, -6.882298, 0.0 ], [ 107.570012, -6.882123, 0.0 ], [ 107.56974, -6.88173, 0.0 ], [ 107.569706, -6.881655, 0.0 ], [ 107.569701, -6.881623, 0.0 ], [ 107.5697, -6.881595, 0.0 ], [ 107.569711, -6.881656, 0.0 ], [ 107.569756, -6.881741, 0.0 ], [ 107.570048, -6.882156, 0.0 ], [ 107.570177, -6.882303, 0.0 ], [ 107.570274, -6.882348, 0.0 ], [ 107.570462, -6.88238, 0.0 ], [ 107.570682, -6.882393, 0.0 ], [ 107.570928, -6.882379, 0.0 ], [ 107.571138, -6.882348, 0.0 ], [ 107.571239, -6.882319, 0.0 ], [ 107.57133, -6.88227, 0.0 ], [ 107.57143, -6.882182, 0.0 ], [ 107.571478, -6.882096, 0.0 ], [ 107.571479, -6.882107, 0.0 ] ] ] ] } },
{ "type": "Feature", "properties": { "Zona": "Zona B4", "Zona_1": "Zona B4" }, "geometry": { "type": "MultiPolygon", "coordinates": [ [ [ [ 107.545282, -6.834601, 0.0 ], [ 107.544346, -6.833706, 0.0 ], [ 107.544346, -6.833691, 0.0 ], [ 107.545282, -6.834587, 0.0 ], [ 107.546207, -6.835225, 0.0 ], [ 107.546205, -6.835238, 0.0 ], [ 107.545282, -6.834601, 0.0 ] ] ], [ [ [ 107.547805, -6.837125, 0.0 ], [ 107.546992, -6.835781, 0.0 ], [ 107.546373, -6.835354, 0.0 ], [ 107.546375, -6.835341, 0.0 ], [ 107.546992, -6.835767, 0.0 ], [ 107.547805, -6.837111, 0.0 ], [ 107.548127, -6.839278, 0.0 ], [ 107.547805, -6.837125, 0.0 ] ] ], [ [ [ 107.544447, -6.849751, 0.0 ], [ 107.544287, -6.849011, 0.0 ], [ 107.544447, -6.849737, 0.0 ], [ 107.544633, -6.850853, 0.0 ], [ 107.544447, -6.849751, 0.0 ] ] ], [ [ [ 107.540817, -6.852311, 0.0 ], [ 107.54086, -6.85081, 0.0 ], [ 107.540818, -6.852315, 0.0 ], [ 107.540817, -6.852311, 0.0 ] ] ], [ [ [ 107.544811, -6.851911, 0.0 ], [ 107.544695, -6.851207, 0.0 ], [ 107.545093, -6.853695, 0.0 ], [ 107.544811, -6.851911, 0.0 ] ] ], [ [ [ 107.536998, -6.862654, 0.0 ], [ 107.536311, -6.862612, 0.0 ], [ 107.53558, -6.863001, 0.0 ], [ 107.533818, -6.863089, 0.0 ], [ 107.532946, -6.862873, 0.0 ], [ 107.53247, -6.863113, 0.0 ], [ 107.531219, -6.864105, 0.0 ], [ 107.530832, -6.864745, 0.0 ], [ 107.53067, -6.865376, 750.0 ], [ 107.530832, -6.864731, 0.0 ], [ 107.531219, -6.86409, 0.0 ], [ 107.53247, -6.863099, 0.0 ], [ 107.532946, -6.862858, 0.0 ], [ 107.533818, -6.863075, 0.0 ], [ 107.53558, -6.862986, 0.0 ], [ 107.536311, -6.862598, 0.0 ], [ 107.536998, -6.86264, 0.0 ], [ 107.537127, -6.862724, 0.0 ], [ 107.537119, -6.862733, 0.0 ], [ 107.536998, -6.862654, 0.0 ] ] ], [ [ [ 107.538114, -6.863383, 0.0 ], [ 107.537288, -6.862844, 0.0 ], [ 107.537299, -6.862836, 0.0 ], [ 107.538114, -6.863369, 0.0 ], [ 107.538192, -6.863438, 0.0 ], [ 107.538184, -6.863446, 0.0 ], [ 107.538114, -6.863383, 0.0 ] ] ], [ [ [ 107.540388, -6.8654, 0.0 ], [ 107.538327, -6.863573, 0.0 ], [ 107.53834, -6.86357, 0.0 ], [ 107.540388, -6.865386, 0.0 ], [ 107.541735, -6.866829, 0.0 ], [ 107.540388, -6.8654, 0.0 ] ] ], [ [ [ 107.562727, -6.866417, 0.0 ], [ 107.561608, -6.868525, 0.0 ], [ 107.55609, -6.872569, 0.0 ], [ 107.55609, -6.872554, 0.0 ], [ 107.561607, -6.868511, 0.0 ], [ 107.562727, -6.866402, 0.0 ], [ 107.563471, -6.865351, 0.0 ], [ 107.562727, -6.866417, 0.0 ] ] ], [ [ [ 107.541886, -6.866944, 0.0 ], [ 107.541894, -6.866934, 0.0 ], [ 107.543284, -6.867643, 0.0 ], [ 107.543276, -6.867654, 0.0 ], [ 107.541886, -6.866944, 0.0 ] ] ], [ [ [ 107.549576, -6.870308, 0.0 ], [ 107.548547, -6.868332, 0.0 ], [ 107.547947, -6.867731, 0.0 ], [ 107.547002, -6.867732, 0.0 ], [ 107.544636, -6.867845, 0.0 ], [ 107.544638, -6.867831, 0.0 ], [ 107.547002, -6.867718, 0.0 ], [ 107.547947, -6.867717, 0.0 ], [ 107.548547, -6.868317, 0.0 ], [ 107.549576, -6.870293, 0.0 ], [ 107.550194, -6.871684, 0.0 ], [ 107.549576, -6.870308, 0.0 ] ] ], [ [ [ 107.543957, -6.867878, 0.0 ], [ 107.543938, -6.867864, 0.0 ], [ 107.544451, -6.86784, 0.0 ], [ 107.544449, -6.867854, 0.0 ], [ 107.543957, -6.867878, 0.0 ] ] ], [ [ [ 107.550388, -6.872053, 0.0 ], [ 107.55039, -6.87204, 0.0 ], [ 107.551314, -6.872656, 0.0 ], [ 107.551304, -6.872663, 0.0 ], [ 107.550388, -6.872053, 0.0 ] ] ], [ [ [ 107.555845, -6.872748, 0.0 ], [ 107.553224, -6.873182, 0.0 ], [ 107.551635, -6.872884, 0.0 ], [ 107.551472, -6.872775, 0.0 ], [ 107.551482, -6.872768, 0.0 ], [ 107.551635, -6.872869, 0.0 ], [ 107.553224, -6.873168, 0.0 ], [ 107.555845, -6.872733, 0.0 ], [ 107.555958, -6.872651, 0.0 ], [ 107.55597, -6.872657, 0.0 ], [ 107.555845, -6.872748, 0.0 ] ] ], [ [ [ 107.5649, -6.880976, 0.0 ], [ 107.564901, -6.880962, 0.0 ], [ 107.565352, -6.881523, 0.0 ], [ 107.5649, -6.880976, 0.0 ] ] ], [ [ [ 107.567692, -6.881745, 0.0 ], [ 107.565715, -6.881963, 0.0 ], [ 107.565486, -6.881686, 0.0 ], [ 107.56549, -6.881677, 0.0 ], [ 107.565715, -6.881949, 0.0 ], [ 107.567692, -6.881731, 0.0 ], [ 107.569921, -6.881012, 0.0 ], [ 107.569915, -6.881028, 0.0 ], [ 107.567692, -6.881745, 0.0 ] ] ] ] } },
{ "type": "Feature", "properties": { "Zona": "Zona B5", "Zona_1": "Zona B5" }, "geometry": { "type": "MultiPolygon", "coordinates": [ [ [ [ 107.551635, -6.872869, 0.0 ], [ 107.553224, -6.873168, 0.0 ], [ 107.555845, -6.872733, 0.0 ], [ 107.555958, -6.872651, 0.0 ], [ 107.55597, -6.872657, 0.0 ], [ 107.555845, -6.872748, 0.0 ], [ 107.553224, -6.873182, 0.0 ], [ 107.551635, -6.872884, 0.0 ], [ 107.551472, -6.872775, 0.0 ], [ 107.551482, -6.872768, 0.0 ], [ 107.551635, -6.872869, 0.0 ] ] ], [ [ [ 107.551304, -6.872663, 0.0 ], [ 107.550388, -6.872053, 0.0 ], [ 107.55039, -6.87204, 0.0 ], [ 107.551314, -6.872656, 0.0 ], [ 107.551304, -6.872663, 0.0 ] ] ], [ [ [ 107.547947, -6.867717, 0.0 ], [ 107.548547, -6.868317, 0.0 ], [ 107.549576, -6.870293, 0.0 ], [ 107.550194, -6.871684, 0.0 ], [ 107.549576, -6.870308, 0.0 ], [ 107.548547, -6.868332, 0.0 ], [ 107.547947, -6.867731, 0.0 ], [ 107.547002, -6.867732, 0.0 ], [ 107.544636, -6.867845, 0.0 ], [ 107.544638, -6.867831, 0.0 ], [ 107.547002, -6.867718, 0.0 ], [ 107.547947, -6.867717, 0.0 ] ] ], [ [ [ 107.544449, -6.867854, 0.0 ], [ 107.543957, -6.867878, 0.0 ], [ 107.543938, -6.867864, 0.0 ], [ 107.544451, -6.86784, 0.0 ], [ 107.544449, -6.867854, 0.0 ] ] ], [ [ [ 107.543276, -6.867654, 0.0 ], [ 107.541886, -6.866944, 0.0 ], [ 107.541894, -6.866934, 0.0 ], [ 107.543284, -6.867643, 0.0 ], [ 107.543276, -6.867654, 0.0 ] ] ], [ [ [ 107.538327, -6.863573, 0.0 ], [ 107.53834, -6.86357, 0.0 ], [ 107.540388, -6.865386, 0.0 ], [ 107.541735, -6.866829, 0.0 ], [ 107.540388, -6.8654, 0.0 ], [ 107.538327, -6.863573, 0.0 ] ] ], [ [ [ 107.53121, -6.86412, 0.0 ], [ 107.530832, -6.864745, 0.0 ], [ 107.53067, -6.865376, 750.0 ], [ 107.530832, -6.864731, 0.0 ], [ 107.531219, -6.86409, 0.0 ], [ 107.53247, -6.863099, 0.0 ], [ 107.532946, -6.862858, 0.0 ], [ 107.533818, -6.863075, 0.0 ], [ 107.53558, -6.862986, 0.0 ], [ 107.536311, -6.862598, 0.0 ], [ 107.536998, -6.86264, 0.0 ], [ 107.537127, -6.862724, 0.0 ], [ 107.537119, -6.862733, 0.0 ], [ 107.536998, -6.862654, 0.0 ], [ 107.536311, -6.862612, 0.0 ], [ 107.53558, -6.863001, 0.0 ], [ 107.533818, -6.863089, 0.0 ], [ 107.532946, -6.862873, 0.0 ], [ 107.53247, -6.863113, 0.0 ], [ 107.53121, -6.86412, 0.0 ] ] ], [ [ [ 107.538114, -6.863383, 0.0 ], [ 107.537288, -6.862844, 0.0 ], [ 107.537299, -6.862836, 0.0 ], [ 107.538114, -6.863369, 0.0 ], [ 107.538192, -6.863438, 0.0 ], [ 107.538184, -6.863446, 0.0 ], [ 107.538114, -6.863383, 0.0 ] ] ], [ [ [ 107.544693, -6.851209, 0.0 ], [ 107.544811, -6.851897, 0.0 ], [ 107.545093, -6.853695, 0.0 ], [ 107.544811, -6.851911, 0.0 ], [ 107.544693, -6.851209, 0.0 ] ] ], [ [ [ 107.540818, -6.852315, 0.0 ], [ 107.540817, -6.852311, 0.0 ], [ 107.54086, -6.85081, 0.0 ], [ 107.54086, -6.850817, 0.0 ], [ 107.540818, -6.852315, 0.0 ] ] ], [ [ [ 107.544285, -6.849017, 0.0 ], [ 107.544447, -6.849737, 0.0 ], [ 107.544633, -6.850853, 0.0 ], [ 107.544447, -6.849751, 0.0 ], [ 107.544285, -6.849017, 0.0 ] ] ], [ [ [ 107.548128, -6.839271, 0.0 ], [ 107.547805, -6.837125, 0.0 ], [ 107.546992, -6.835781, 0.0 ], [ 107.546373, -6.835354, 0.0 ], [ 107.546375, -6.835341, 0.0 ], [ 107.546992, -6.835767, 0.0 ], [ 107.547805, -6.837111, 0.0 ], [ 107.548128, -6.839271, 0.0 ] ] ], [ [ [ 107.544346, -6.833706, 0.0 ], [ 107.544346, -6.833691, 0.0 ], [ 107.545282, -6.834587, 0.0 ], [ 107.546207, -6.835225, 0.0 ], [ 107.546205, -6.835238, 0.0 ], [ 107.545282, -6.834601, 0.0 ], [ 107.544346, -6.833706, 0.0 ] ] ], [ [ [ 107.567692, -6.881745, 0.0 ], [ 107.565715, -6.881963, 0.0 ], [ 107.565486, -6.881686, 0.0 ], [ 107.56549, -6.881677, 0.0 ], [ 107.565715, -6.881949, 0.0 ], [ 107.567692, -6.881731, 0.0 ], [ 107.568769, -6.88138, 0.0 ], [ 107.567692, -6.881745, 0.0 ] ] ], [ [ [ 107.56879, -6.881373, 0.0 ], [ 107.568769, -6.88138, 0.0 ], [ 107.568781, -6.881376, 0.0 ], [ 107.56879, -6.881373, 0.0 ] ] ], [ [ [ 107.565352, -6.881523, 0.0 ], [ 107.5649, -6.880976, 0.0 ], [ 107.564901, -6.880962, 0.0 ], [ 107.565356, -6.881514, 0.0 ], [ 107.565352, -6.881523, 0.0 ] ] ], [ [ [ 107.569915, -6.881028, 0.0 ], [ 107.56879, -6.881373, 0.0 ], [ 107.569921, -6.881012, 0.0 ], [ 107.569915, -6.881028, 0.0 ] ] ], [ [ [ 107.562727, -6.866402, 0.0 ], [ 107.563471, -6.865351, 0.0 ], [ 107.562727, -6.866417, 0.0 ], [ 107.561608, -6.868525, 0.0 ], [ 107.55609, -6.872569, 0.0 ], [ 107.55609, -6.872554, 0.0 ], [ 107.561607, -6.868511, 0.0 ], [ 107.562727, -6.866402, 0.0 ] ] ] ] } },
{ "type": "Feature", "properties": { "Zona": "Zona B4", "Zona_1": "Zona B4" }, "geometry": { "type": "MultiPolygon", "coordinates": [ [ [ [ 107.544298, -6.832794, 0.0 ], [ 107.544028, -6.83296, 0.0 ], [ 107.543791, -6.833067, 0.0 ], [ 107.543719, -6.833231, 0.0 ], [ 107.543634, -6.833353, 0.0 ], [ 107.543124, -6.833707, 0.0 ], [ 107.542941, -6.83392, 0.0 ], [ 107.542832, -6.834009, 0.0 ], [ 107.542657, -6.834036, 0.0 ], [ 107.542427, -6.83397, 0.0 ], [ 107.541949, -6.83387, 0.0 ], [ 107.541857, -6.833875, 0.0 ], [ 107.541714, -6.833927, 0.0 ], [ 107.541636, -6.833937, 0.0 ], [ 107.541596, -6.833963, 0.0 ], [ 107.541535, -6.834076, 0.0 ], [ 107.541551, -6.834016, 0.0 ], [ 107.541596, -6.833949, 0.0 ], [ 107.541636, -6.833922, 0.0 ], [ 107.541714, -6.833912, 0.0 ], [ 107.541857, -6.833861, 0.0 ], [ 107.541949, -6.833855, 0.0 ], [ 107.542127, -6.833891, 0.0 ], [ 107.542656, -6.834021, 0.0 ], [ 107.542832, -6.833995, 0.0 ], [ 107.542941, -6.833905, 0.0 ], [ 107.543123, -6.833693, 0.0 ], [ 107.543634, -6.833339, 0.0 ], [ 107.543719, -6.833217, 0.0 ], [ 107.543791, -6.833052, 0.0 ], [ 107.544028, -6.832946, 0.0 ], [ 107.544347, -6.832745, 0.0 ], [ 107.544347, -6.832759, 0.0 ], [ 107.544298, -6.832794, 0.0 ] ] ], [ [ [ 107.540589, -6.836479, 0.0 ], [ 107.540851, -6.835812, 0.0 ], [ 107.541072, -6.835495, 0.0 ], [ 107.541281, -6.835105, 0.0 ], [ 107.541358, -6.834886, 0.0 ], [ 107.541491, -6.834591, 0.0 ], [ 107.541553, -6.834372, 0.0 ], [ 107.541491, -6.834606, 0.0 ], [ 107.541358, -6.834901, 0.0 ], [ 107.541281, -6.835119, 0.0 ], [ 107.541072, -6.835509, 0.0 ], [ 107.540851, -6.835827, 0.0 ], [ 107.540684, -6.836275, 0.0 ], [ 107.54059, -6.83649, 0.0 ], [ 107.540589, -6.836479, 0.0 ] ] ], [ [ [ 107.546373, -6.835354, 0.0 ], [ 107.546332, -6.835553, 0.0 ], [ 107.546249, -6.835658, 0.0 ], [ 107.546189, -6.835665, 0.0 ], [ 107.54594, -6.835606, 0.0 ], [ 107.545836, -6.83579, 0.0 ], [ 107.545791, -6.836148, 0.0 ], [ 107.545784, -6.836173, 0.0 ], [ 107.545539, -6.836561, 0.0 ], [ 107.545256, -6.836885, 0.0 ], [ 107.544993, -6.837037, 0.0 ], [ 107.54484, -6.837155, 0.0 ], [ 107.544529, -6.837708, 0.0 ], [ 107.544319, -6.838009, 0.0 ], [ 107.544077, -6.838276, 0.0 ], [ 107.543993, -6.838448, 0.0 ], [ 107.543808, -6.838675, 0.0 ], [ 107.543622, -6.838994, 0.0 ], [ 107.543228, -6.839157, 0.0 ], [ 107.54296, -6.839233, 0.0 ], [ 107.542746, -6.839417, 0.0 ], [ 107.542603, -6.839431, 0.0 ], [ 107.542534, -6.839405, 0.0 ], [ 107.541949, -6.839998, 0.0 ], [ 107.541743, -6.840492, 0.0 ], [ 107.541667, -6.840629, 0.0 ], [ 107.541551, -6.840715, 0.0 ], [ 107.541518, -6.840757, 0.0 ], [ 107.541304, -6.841165, 0.0 ], [ 107.540991, -6.841561, 0.0 ], [ 107.540936, -6.841582, 0.0 ], [ 107.540846, -6.841578, 0.0 ], [ 107.540667, -6.841745, 0.0 ], [ 107.54033, -6.842172, 0.0 ], [ 107.540237, -6.842232, 0.0 ], [ 107.540171, -6.842244, 0.0 ], [ 107.539797, -6.842176, 0.0 ], [ 107.539685, -6.842192, 0.0 ], [ 107.539615, -6.842323, 0.0 ], [ 107.539554, -6.842648, 0.0 ], [ 107.539356, -6.842942, 0.0 ], [ 107.539238, -6.843188, 0.0 ], [ 107.539355, -6.842927, 0.0 ], [ 107.539554, -6.842634, 0.0 ], [ 107.539615, -6.842309, 0.0 ], [ 107.539685, -6.842178, 0.0 ], [ 107.539797, -6.842161, 0.0 ], [ 107.540171, -6.84223, 0.0 ], [ 107.540237, -6.842217, 0.0 ], [ 107.54033, -6.842158, 0.0 ], [ 107.540667, -6.841731, 0.0 ], [ 107.540846, -6.841564, 0.0 ], [ 107.540936, -6.841568, 0.0 ], [ 107.54099, -6.841546, 0.0 ], [ 107.541304, -6.84115, 0.0 ], [ 107.541518, -6.840743, 0.0 ], [ 107.541551, -6.8407, 0.0 ], [ 107.541667, -6.840614, 0.0 ], [ 107.541742, -6.840478, 0.0 ], [ 107.541949, -6.839983, 0.0 ], [ 107.542534, -6.83939, 0.0 ], [ 107.542603, -6.839417, 0.0 ], [ 107.542746, -6.839402, 0.0 ], [ 107.54296, -6.839218, 0.0 ], [ 107.543228, -6.839143, 0.0 ], [ 107.543622, -6.838979, 0.0 ], [ 107.543808, -6.83866, 0.0 ], [ 107.543993, -6.838433, 0.0 ], [ 107.544077, -6.838261, 0.0 ], [ 107.544319, -6.837994, 0.0 ], [ 107.544529, -6.837693, 0.0 ], [ 107.54484, -6.837141, 0.0 ], [ 107.544993, -6.837022, 0.0 ], [ 107.545256, -6.836871, 0.0 ], [ 107.545539, -6.836547, 0.0 ], [ 107.545784, -6.836159, 0.0 ], [ 107.545836, -6.835776, 0.0 ], [ 107.545939, -6.835591, 0.0 ], [ 107.546188, -6.835651, 0.0 ], [ 107.546249, -6.835644, 0.0 ], [ 107.546332, -6.835538, 0.0 ], [ 107.546373, -6.835339, 0.0 ], [ 107.546373, -6.835354, 0.0 ] ] ], [ [ [ 107.54019, -6.838265, 0.0 ], [ 107.540346, -6.837584, 0.0 ], [ 107.54047, -6.837184, 0.0 ], [ 107.540629, -6.836816, 0.0 ], [ 107.540621, -6.836861, 0.0 ], [ 107.54047, -6.837199, 0.0 ], [ 107.540346, -6.837599, 0.0 ], [ 107.54019, -6.838265, 0.0 ] ] ], [ [ [ 107.540115, -6.839123, 0.0 ], [ 107.54012, -6.838973, 0.0 ], [ 107.540174, -6.838855, 0.0 ], [ 107.540232, -6.838645, 0.0 ], [ 107.540174, -6.838869, 0.0 ], [ 107.54012, -6.838988, 0.0 ], [ 107.540115, -6.839123, 0.0 ] ] ], [ [ [ 107.539796, -6.84198, 0.0 ], [ 107.539857, -6.841851, 0.0 ], [ 107.539907, -6.841282, 0.0 ], [ 107.540158, -6.840615, 0.0 ], [ 107.54034, -6.839956, 0.0 ], [ 107.540158, -6.840629, 0.0 ], [ 107.539907, -6.841296, 0.0 ], [ 107.539857, -6.841865, 0.0 ], [ 107.539796, -6.84198, 0.0 ] ] ], [ [ [ 107.546478, -6.842845, 0.0 ], [ 107.546633, -6.842406, 0.0 ], [ 107.546672, -6.842036, 0.0 ], [ 107.546633, -6.84242, 0.0 ], [ 107.546478, -6.842845, 0.0 ] ] ], [ [ [ 107.54636, -6.843027, 0.0 ], [ 107.5463, -6.842905, 0.0 ], [ 107.546291, -6.842878, 0.0 ], [ 107.546291, -6.842859, 0.0 ], [ 107.54636, -6.843013, 0.0 ], [ 107.546376, -6.843071, 0.0 ], [ 107.54636, -6.843027, 0.0 ] ] ], [ [ [ 107.544631, -6.846122, 0.0 ], [ 107.544646, -6.846041, 0.0 ], [ 107.544723, -6.845909, 0.0 ], [ 107.545273, -6.84548, 0.0 ], [ 107.545368, -6.845237, 0.0 ], [ 107.545706, -6.844712, 0.0 ], [ 107.545822, -6.8445, 0.0 ], [ 107.546044, -6.844297, 0.0 ], [ 107.546154, -6.844127, 0.0 ], [ 107.546293, -6.843715, 0.0 ], [ 107.546416, -6.843491, 0.0 ], [ 107.546524, -6.84322, 0.0 ], [ 107.546562, -6.843064, 0.0 ], [ 107.546525, -6.843234, 0.0 ], [ 107.546416, -6.843505, 0.0 ], [ 107.546293, -6.843729, 0.0 ], [ 107.546154, -6.844142, 0.0 ], [ 107.546044, -6.844311, 0.0 ], [ 107.545822, -6.844515, 0.0 ], [ 107.545706, -6.844727, 0.0 ], [ 107.545368, -6.845251, 0.0 ], [ 107.545273, -6.845495, 0.0 ], [ 107.544724, -6.845923, 0.0 ], [ 107.544646, -6.846056, 0.0 ], [ 107.544631, -6.846122, 0.0 ] ] ], [ [ [ 107.538691, -6.845574, 0.0 ], [ 107.538714, -6.845425, 0.0 ], [ 107.538971, -6.844685, 0.0 ], [ 107.539145, -6.844248, 0.0 ], [ 107.539291, -6.843979, 0.0 ], [ 107.53928, -6.844032, 0.0 ], [ 107.539145, -6.844263, 0.0 ], [ 107.538971, -6.844699, 0.0 ], [ 107.538714, -6.845439, 0.0 ], [ 107.538691, -6.845574, 0.0 ] ] ], [ [ [ 107.538504, -6.846558, 0.0 ], [ 107.538544, -6.846425, 0.0 ], [ 107.538789, -6.846109, 0.0 ], [ 107.538797, -6.845979, 0.0 ], [ 107.538789, -6.846123, 0.0 ], [ 107.538544, -6.846439, 0.0 ], [ 107.538504, -6.846558, 0.0 ] ] ], [ [ [ 107.544574, -6.846331, 0.0 ], [ 107.544461, -6.846223, 0.0 ], [ 107.544448, -6.846197, 0.0 ], [ 107.544444, -6.846182, 0.0 ], [ 107.544444, -6.846162, 0.0 ], [ 107.544461, -6.846209, 0.0 ], [ 107.544574, -6.846317, 0.0 ], [ 107.544575, -6.846342, 0.0 ], [ 107.544574, -6.846331, 0.0 ] ] ], [ [ [ 107.544706, -6.846537, 0.0 ], [ 107.544755, -6.846371, 0.0 ], [ 107.544759, -6.846351, 0.0 ], [ 107.544755, -6.846385, 0.0 ], [ 107.544707, -6.846545, 0.0 ], [ 107.544706, -6.846537, 0.0 ] ] ], [ [ [ 107.544562, -6.846746, 0.0 ], [ 107.544524, -6.846565, 0.0 ], [ 107.544523, -6.84654, 0.0 ], [ 107.544597, -6.846886, 0.0 ], [ 107.544562, -6.846746, 0.0 ] ] ], [ [ [ 107.54422, -6.84808, 0.0 ], [ 107.544427, -6.847635, 0.0 ], [ 107.544773, -6.846938, 0.0 ], [ 107.544782, -6.846899, 0.0 ], [ 107.544773, -6.846952, 0.0 ], [ 107.54422, -6.84808, 0.0 ] ] ], [ [ [ 107.538215, -6.847618, 0.0 ], [ 107.538226, -6.847539, 0.0 ], [ 107.538319, -6.847413, 0.0 ], [ 107.538512, -6.847209, 0.0 ], [ 107.538575, -6.847119, 0.0 ], [ 107.538596, -6.846986, 0.0 ], [ 107.538575, -6.847133, 0.0 ], [ 107.538512, -6.847223, 0.0 ], [ 107.538319, -6.847427, 0.0 ], [ 107.538226, -6.847554, 0.0 ], [ 107.538215, -6.847618, 0.0 ] ] ], [ [ [ 107.537549, -6.848857, 0.0 ], [ 107.537569, -6.848832, 0.0 ], [ 107.537885, -6.848752, 0.0 ], [ 107.53804, -6.848672, 0.0 ], [ 107.538149, -6.848529, 0.0 ], [ 107.538303, -6.848258, 0.0 ], [ 107.538342, -6.848004, 0.0 ], [ 107.538303, -6.848273, 0.0 ], [ 107.538149, -6.848543, 0.0 ], [ 107.53804, -6.848686, 0.0 ], [ 107.537885, -6.848766, 0.0 ], [ 107.537569, -6.848847, 0.0 ], [ 107.53755, -6.84887, 0.0 ], [ 107.537549, -6.848857, 0.0 ] ] ], [ [ [ 107.544131, -6.848281, 0.0 ], [ 107.544042, -6.848153, 0.0 ], [ 107.544031, -6.848126, 0.0 ], [ 107.544028, -6.848097, 0.0 ], [ 107.54413, -6.848267, 0.0 ], [ 107.544143, -6.848399, 0.0 ], [ 107.544131, -6.848281, 0.0 ] ] ], [ [ [ 107.543763, -6.849565, 0.0 ], [ 107.544163, -6.848822, 0.0 ], [ 107.544268, -6.848598, 0.0 ], [ 107.544326, -6.848411, 0.0 ], [ 107.544272, -6.848602, 0.0 ], [ 107.544163, -6.848837, 0.0 ], [ 107.543764, -6.849577, 0.0 ], [ 107.543763, -6.849565, 0.0 ] ] ], [ [ [ 107.537384, -6.849381, 0.0 ], [ 107.537587, -6.849156, 0.0 ], [ 107.53761, -6.849102, 0.0 ], [ 107.537587, -6.84917, 0.0 ], [ 107.537384, -6.849381, 0.0 ] ] ], [ [ [ 107.543658, -6.849797, 0.0 ], [ 107.543594, -6.849676, 0.0 ], [ 107.543588, -6.849651, 0.0 ], [ 107.54358, -6.849567, 0.0 ], [ 107.54358, -6.849552, 0.0 ], [ 107.543594, -6.849661, 0.0 ], [ 107.543666, -6.84981, 0.0 ], [ 107.543658, -6.849797, 0.0 ] ] ], [ [ [ 107.543454, -6.850889, 0.0 ], [ 107.543536, -6.850706, 0.0 ], [ 107.543621, -6.850393, 0.0 ], [ 107.543744, -6.850135, 0.0 ], [ 107.543859, -6.849796, 0.0 ], [ 107.543744, -6.850149, 0.0 ], [ 107.543621, -6.850407, 0.0 ], [ 107.543531, -6.850734, 0.0 ], [ 107.543455, -6.850901, 0.0 ], [ 107.543454, -6.850889, 0.0 ] ] ], [ [ [ 107.543272, -6.850898, 0.0 ], [ 107.543272, -6.850882, 0.0 ], [ 107.543293, -6.851096, 0.0 ], [ 107.543272, -6.850898, 0.0 ] ] ], [ [ [ 107.544693, -6.851209, 0.0 ], [ 107.54463, -6.851249, 0.0 ], [ 107.544115, -6.851343, 0.0 ], [ 107.543943, -6.851349, 0.0 ], [ 107.543555, -6.851186, 0.0 ], [ 107.543466, -6.851187, 0.0 ], [ 107.543211, -6.851712, 0.0 ], [ 107.543152, -6.851922, 0.0 ], [ 107.543211, -6.851697, 0.0 ], [ 107.543466, -6.851172, 0.0 ], [ 107.543555, -6.851172, 0.0 ], [ 107.543943, -6.851335, 0.0 ], [ 107.544114, -6.851329, 0.0 ], [ 107.54463, -6.851234, 0.0 ], [ 107.544693, -6.851194, 0.0 ], [ 107.544693, -6.851209, 0.0 ] ] ], [ [ [ 107.54299, -6.852158, 0.0 ], [ 107.542969, -6.85191, 0.0 ], [ 107.543022, -6.852666, 0.0 ], [ 107.54299, -6.852158, 0.0 ] ] ], [ [ [ 107.542689, -6.853622, 0.0 ], [ 107.542731, -6.853527, 0.0 ], [ 107.542887, -6.853268, 0.0 ], [ 107.543178, -6.852832, 0.0 ], [ 107.543204, -6.85267, 0.0 ], [ 107.543178, -6.852846, 0.0 ], [ 107.542887, -6.853282, 0.0 ], [ 107.542689, -6.853622, 0.0 ] ] ], [ [ [ 107.542543, -6.853806, 0.0 ], [ 107.542506, -6.853648, 0.0 ], [ 107.542504, -6.853621, 0.0 ], [ 107.542543, -6.853792, 0.0 ], [ 107.54255, -6.853856, 0.0 ], [ 107.542543, -6.853806, 0.0 ] ] ], [ [ [ 107.542699, -6.85403, 0.0 ], [ 107.542732, -6.853872, 0.0 ], [ 107.542733, -6.85386, 0.0 ], [ 107.542732, -6.853886, 0.0 ], [ 107.5427, -6.854038, 0.0 ], [ 107.542699, -6.85403, 0.0 ] ] ], [ [ [ 107.543534, -6.855835, 0.0 ], [ 107.543416, -6.855316, 0.0 ], [ 107.543281, -6.854838, 0.0 ], [ 107.543233, -6.854796, 0.0 ], [ 107.542752, -6.854559, 0.0 ], [ 107.542572, -6.854354, 0.0 ], [ 107.542564, -6.854329, 0.0 ], [ 107.542517, -6.854057, 0.0 ], [ 107.542516, -6.854035, 0.0 ], [ 107.542571, -6.854339, 0.0 ], [ 107.542752, -6.854544, 0.0 ], [ 107.543233, -6.854782, 0.0 ], [ 107.543281, -6.854823, 0.0 ], [ 107.543416, -6.855301, 0.0 ], [ 107.543534, -6.855821, 0.0 ], [ 107.543549, -6.855981, 0.0 ], [ 107.543534, -6.855835, 0.0 ] ] ], [ [ [ 107.543702, -6.856205, 0.0 ], [ 107.543707, -6.856151, 0.0 ], [ 107.543731, -6.855982, 0.0 ], [ 107.543731, -6.856004, 0.0 ], [ 107.543702, -6.856205, 0.0 ] ] ], [ [ [ 107.543548, -6.856323, 0.0 ], [ 107.543524, -6.856289, 0.0 ], [ 107.54352, -6.856275, 0.0 ], [ 107.543518, -6.856249, 0.0 ], [ 107.543538, -6.856299, 0.0 ], [ 107.543604, -6.856359, 0.0 ], [ 107.543596, -6.856367, 0.0 ], [ 107.543548, -6.856323, 0.0 ] ] ], [ [ [ 107.537288, -6.862844, 0.0 ], [ 107.537208, -6.862927, 0.0 ], [ 107.537194, -6.862998, 0.0 ], [ 107.537208, -6.862913, 0.0 ], [ 107.537256, -6.862851, 0.0 ], [ 107.537288, -6.862829, 0.0 ], [ 107.537299, -6.862836, 0.0 ], [ 107.537288, -6.862844, 0.0 ] ] ], [ [ [ 107.537013, -6.862992, 0.0 ], [ 107.537013, -6.86299, 0.0 ], [ 107.537014, -6.863048, 0.0 ], [ 107.537013, -6.862992, 0.0 ] ] ], [ [ [ 107.53682, -6.86341, 0.0 ], [ 107.537108, -6.863236, 0.0 ], [ 107.537195, -6.863072, 0.0 ], [ 107.537183, -6.86313, 0.0 ], [ 107.537108, -6.863251, 0.0 ], [ 107.536823, -6.863422, 0.0 ], [ 107.53682, -6.86341, 0.0 ] ] ], [ [ [ 107.536638, -6.863437, 750.0 ], [ 107.536631, -6.863405, 0.0 ], [ 107.536629, -6.863379, 0.0 ], [ 107.536641, -6.863437, 750.0 ], [ 107.536638, -6.863437, 750.0 ] ] ], [ [ [ 107.538327, -6.863573, 0.0 ], [ 107.537924, -6.863979, 0.0 ], [ 107.537366, -6.86423, 0.0 ], [ 107.537108, -6.86452, 0.0 ], [ 107.537004, -6.864701, 0.0 ], [ 107.536865, -6.864846, 0.0 ], [ 107.536744, -6.864903, 0.0 ], [ 107.536613, -6.86489, 0.0 ], [ 107.536534, -6.864808, 0.0 ], [ 107.536478, -6.86471, 0.0 ], [ 107.536412, -6.864658, 0.0 ], [ 107.536298, -6.864631, 0.0 ], [ 107.53613, -6.864781, 0.0 ], [ 107.535967, -6.86485, 0.0 ], [ 107.535332, -6.865253, 0.0 ], [ 107.534943, -6.86558, 0.0 ], [ 107.534513, -6.865895, 0.0 ], [ 107.534237, -6.866196, 0.0 ], [ 107.534113, -6.866245, 0.0 ], [ 107.534108, -6.866232, 0.0 ], [ 107.534237, -6.866182, 0.0 ], [ 107.534512, -6.865881, 0.0 ], [ 107.534943, -6.865566, 0.0 ], [ 107.535332, -6.865238, 0.0 ], [ 107.535967, -6.864836, 0.0 ], [ 107.53613, -6.864767, 0.0 ], [ 107.536298, -6.864616, 0.0 ], [ 107.536412, -6.864644, 0.0 ], [ 107.536478, -6.864695, 0.0 ], [ 107.536534, -6.864793, 0.0 ], [ 107.536613, -6.864876, 0.0 ], [ 107.536744, -6.864889, 0.0 ], [ 107.536865, -6.864832, 0.0 ], [ 107.537004, -6.864687, 0.0 ], [ 107.537108, -6.864506, 0.0 ], [ 107.537366, -6.864215, 0.0 ], [ 107.537924, -6.863965, 0.0 ], [ 107.538327, -6.863558, 0.0 ], [ 107.53834, -6.86357, 0.0 ], [ 107.538327, -6.863573, 0.0 ] ] ], [ [ [ 107.533729, -6.865231, 750.0 ], [ 107.533756, -6.865178, 0.0 ], [ 107.533809, -6.865151, 0.0 ], [ 107.533878, -6.865151, 0.0 ], [ 107.534055, -6.865222, 0.0 ], [ 107.534172, -6.865218, 0.0 ], [ 107.534473, -6.865073, 0.0 ], [ 107.534629, -6.865057, 0.0 ], [ 107.534787, -6.864963, 0.0 ], [ 107.535119, -6.864862, 0.0 ], [ 107.53533, -6.864771, 0.0 ], [ 107.535632, -6.864598, 0.0 ], [ 107.535678, -6.864474, 0.0 ], [ 107.535681, -6.864337, 0.0 ], [ 107.53618, -6.863907, 0.0 ], [ 107.536455, -6.863899, 0.0 ], [ 107.536767, -6.863867, 0.0 ], [ 107.536818, -6.863844, 0.0 ], [ 107.53685, -6.863789, 750.0 ], [ 107.536828, -6.863848, 0.0 ], [ 107.536781, -6.863879, 0.0 ], [ 107.536455, -6.863914, 0.0 ], [ 107.53618, -6.863921, 0.0 ], [ 107.535681, -6.864351, 0.0 ], [ 107.535678, -6.864489, 0.0 ], [ 107.535632, -6.864612, 0.0 ], [ 107.53533, -6.864786, 0.0 ], [ 107.535119, -6.864876, 0.0 ], [ 107.534787, -6.864977, 0.0 ], [ 107.534629, -6.865072, 0.0 ], [ 107.534473, -6.865088, 0.0 ], [ 107.534172, -6.865232, 0.0 ], [ 107.534043, -6.865234, 0.0 ], [ 107.533878, -6.865165, 0.0 ], [ 107.533809, -6.865165, 0.0 ], [ 107.533756, -6.865193, 0.0 ], [ 107.533729, -6.865245, 750.0 ], [ 107.533729, -6.865231, 750.0 ] ] ], [ [ [ 107.565701, -6.865164, 0.0 ], [ 107.565688, -6.865156, 0.0 ], [ 107.565703, -6.865159, 0.0 ], [ 107.565701, -6.865164, 0.0 ] ] ], [ [ [ 107.565683, -6.865267, 0.0 ], [ 107.565683, -6.86525, 0.0 ], [ 107.565732, -6.86567, 0.0 ], [ 107.565683, -6.865267, 0.0 ] ] ], [ [ [ 107.533828, -6.865587, 750.0 ], [ 107.533842, -6.8656, 0.0 ], [ 107.53385, -6.86563, 750.0 ], [ 107.533828, -6.865587, 750.0 ] ] ], [ [ [ 107.533889, -6.865772, 750.0 ], [ 107.533875, -6.865707, 750.0 ], [ 107.533924, -6.865858, 188.47585 ], [ 107.533889, -6.865772, 750.0 ] ] ], [ [ [ 107.534086, -6.866189, 0.0 ], [ 107.534092, -6.866206, 0.0 ], [ 107.534075, -6.866163, 750.0 ], [ 107.534077, -6.866163, 749.99865 ], [ 107.534086, -6.866189, 0.0 ] ] ], [ [ [ 107.541886, -6.866944, 0.0 ], [ 107.541372, -6.867579, 0.0 ], [ 107.541195, -6.867746, 0.0 ], [ 107.541046, -6.867809, 0.0 ], [ 107.54084, -6.867818, 0.0 ], [ 107.540824, -6.867804, 0.0 ], [ 107.541046, -6.867794, 0.0 ], [ 107.541195, -6.867732, 0.0 ], [ 107.541372, -6.867564, 0.0 ], [ 107.541886, -6.86693, 0.0 ], [ 107.541886, -6.866944, 0.0 ] ] ], [ [ [ 107.544636, -6.867845, 0.0 ], [ 107.544612, -6.867973, 0.0 ], [ 107.544463, -6.86821, 0.0 ], [ 107.544379, -6.868287, 0.0 ], [ 107.544339, -6.8683, 0.0 ], [ 107.544204, -6.868284, 0.0 ], [ 107.543829, -6.868023, 0.0 ], [ 107.543599, -6.867982, 0.0 ], [ 107.543382, -6.867833, 0.0 ], [ 107.543218, -6.868079, 0.0 ], [ 107.543174, -6.868115, 0.0 ], [ 107.543027, -6.868104, 0.0 ], [ 107.542787, -6.867988, 0.0 ], [ 107.542755, -6.867954, 0.0 ], [ 107.542745, -6.867925, 0.0 ], [ 107.542741, -6.867888, 0.0 ], [ 107.542652, -6.867881, 0.0 ], [ 107.542532, -6.868107, 0.0 ], [ 107.542652, -6.867866, 0.0 ], [ 107.54274, -6.867874, 0.0 ], [ 107.542755, -6.86794, 0.0 ], [ 107.542787, -6.867974, 0.0 ], [ 107.543027, -6.868089, 0.0 ], [ 107.543174, -6.868101, 0.0 ], [ 107.543218, -6.868065, 0.0 ], [ 107.543382, -6.867819, 0.0 ], [ 107.543599, -6.867968, 0.0 ], [ 107.543829, -6.868008, 0.0 ], [ 107.544204, -6.86827, 0.0 ], [ 107.544339, -6.868286, 0.0 ], [ 107.544379, -6.868273, 0.0 ], [ 107.544463, -6.868196, 0.0 ], [ 107.544612, -6.867958, 0.0 ], [ 107.544638, -6.867831, 0.0 ], [ 107.544636, -6.867845, 0.0 ] ] ], [ [ [ 107.539832, -6.867941, 0.0 ], [ 107.539945, -6.867849, 0.0 ], [ 107.539962, -6.867847, 0.0 ], [ 107.539844, -6.867932, 0.0 ], [ 107.539832, -6.867941, 0.0 ] ] ], [ [ [ 107.542091, -6.868419, 0.0 ], [ 107.542269, -6.868278, 0.0 ], [ 107.542393, -6.868272, 0.0 ], [ 107.542606, -6.868293, 0.0 ], [ 107.542656, -6.868263, 0.0 ], [ 107.542677, -6.868211, 0.0 ], [ 107.542665, -6.868265, 0.0 ], [ 107.54262, -6.868303, 0.0 ], [ 107.542393, -6.868286, 0.0 ], [ 107.542269, -6.868292, 0.0 ], [ 107.542119, -6.868422, 0.0 ], [ 107.542034, -6.868446, 0.0 ], [ 107.542037, -6.868431, 0.0 ], [ 107.542091, -6.868419, 0.0 ] ] ], [ [ [ 107.562825, -6.869239, 0.0 ], [ 107.56277, -6.869123, 0.0 ], [ 107.562726, -6.868931, 0.0 ], [ 107.562725, -6.868905, 0.0 ], [ 107.56277, -6.869108, 0.0 ], [ 107.562825, -6.869224, 0.0 ], [ 107.56287, -6.869344, 0.0 ], [ 107.562825, -6.869239, 0.0 ] ] ], [ [ [ 107.539193, -6.871451, 0.0 ], [ 107.539243, -6.871306, 0.0 ], [ 107.539311, -6.871263, 0.0 ], [ 107.539979, -6.870955, 0.0 ], [ 107.540315, -6.870823, 0.0 ], [ 107.540484, -6.870731, 0.0 ], [ 107.540632, -6.870684, 0.0 ], [ 107.540903, -6.870385, 0.0 ], [ 107.540982, -6.870211, 0.0 ], [ 107.541176, -6.869594, 0.0 ], [ 107.540982, -6.870226, 0.0 ], [ 107.540903, -6.870399, 0.0 ], [ 107.540633, -6.870699, 0.0 ], [ 107.540484, -6.870745, 0.0 ], [ 107.540316, -6.870837, 0.0 ], [ 107.539979, -6.870969, 0.0 ], [ 107.539311, -6.871277, 0.0 ], [ 107.539243, -6.87132, 0.0 ], [ 107.539193, -6.871451, 0.0 ] ] ], [ [ [ 107.540321, -6.870715, 0.0 ], [ 107.540412, -6.87065, 0.0 ], [ 107.540221, -6.870855, 0.0 ], [ 107.540167, -6.870787, 0.0 ], [ 107.540321, -6.870715, 0.0 ] ] ], [ [ [ 107.562015, -6.871642, 0.0 ], [ 107.56189, -6.870993, 0.0 ], [ 107.561889, -6.87097, 0.0 ], [ 107.562015, -6.871627, 0.0 ], [ 107.562017, -6.871732, 0.0 ], [ 107.562015, -6.871642, 0.0 ] ] ], [ [ [ 107.538916, -6.871446, 0.0 ], [ 107.538838, -6.87143, 0.0 ], [ 107.538822, -6.871472, 0.0 ], [ 107.538574, -6.871345, 0.0 ], [ 107.53858, -6.871334, 0.0 ], [ 107.538822, -6.871458, 0.0 ], [ 107.538838, -6.871415, 0.0 ], [ 107.538988, -6.871432, 0.0 ], [ 107.538984, -6.871447, 0.0 ], [ 107.538916, -6.871446, 0.0 ] ] ], [ [ [ 107.539048, -6.871593, 0.0 ], [ 107.539125, -6.871648, 0.0 ], [ 107.539178, -6.871508, 0.0 ], [ 107.539125, -6.871662, 0.0 ], [ 107.539037, -6.8716, 0.0 ], [ 107.539048, -6.871593, 0.0 ] ] ], [ [ [ 107.550204, -6.871948, 0.0 ], [ 107.550183, -6.871768, 0.0 ], [ 107.550182, -6.87175, 0.0 ], [ 107.550211, -6.872003, 0.0 ], [ 107.550204, -6.871948, 0.0 ] ] ], [ [ [ 107.544974, -6.872398, 0.0 ], [ 107.54507, -6.872225, 0.0 ], [ 107.545221, -6.872174, 0.0 ], [ 107.54525, -6.87215, 0.0 ], [ 107.545311, -6.872069, 0.0 ], [ 107.545332, -6.871979, 0.0 ], [ 107.545311, -6.872083, 0.0 ], [ 107.54525, -6.872164, 0.0 ], [ 107.545221, -6.872188, 0.0 ], [ 107.54507, -6.87224, 0.0 ], [ 107.544974, -6.872398, 0.0 ] ] ], [ [ [ 107.550388, -6.872053, 0.0 ], [ 107.550379, -6.872106, 0.0 ], [ 107.550369, -6.872136, 0.0 ], [ 107.550271, -6.872293, 0.0 ], [ 107.550369, -6.872121, 0.0 ], [ 107.550388, -6.872039, 0.0 ], [ 107.550388, -6.872053, 0.0 ] ] ], [ [ [ 107.561772, -6.872064, 0.0 ], [ 107.561768, -6.872064, 0.0 ], [ 107.561768, -6.872063, 0.0 ], [ 107.561772, -6.872064, 0.0 ] ] ], [ [ [ 107.561747, -6.873082, 0.0 ], [ 107.561659, -6.872587, 0.0 ], [ 107.561578, -6.87233, 0.0 ], [ 107.561576, -6.872315, 0.0 ], [ 107.561573, -6.872134, 0.0 ], [ 107.561578, -6.872316, 0.0 ], [ 107.561659, -6.872572, 0.0 ], [ 107.561747, -6.873067, 0.0 ], [ 107.561756, -6.873225, 0.0 ], [ 107.561747, -6.873082, 0.0 ] ] ], [ [ [ 107.544849, -6.872556, 0.0 ], [ 107.544785, -6.872444, 0.0 ], [ 107.544781, -6.872429, 0.0 ], [ 107.54478, -6.872406, 0.0 ], [ 107.544889, -6.872606, 0.0 ], [ 107.544849, -6.872556, 0.0 ] ] ], [ [ [ 107.541183, -6.872853, 0.0 ], [ 107.541214, -6.87278, 0.0 ], [ 107.541354, -6.872452, 0.0 ], [ 107.541183, -6.872868, 0.0 ], [ 107.540862, -6.872684, 0.0 ], [ 107.540868, -6.872673, 0.0 ], [ 107.541183, -6.872853, 0.0 ] ] ], [ [ [ 107.551472, -6.872775, 0.0 ], [ 107.551338, -6.872869, 0.0 ], [ 107.551001, -6.872886, 0.0 ], [ 107.550453, -6.872678, 0.0 ], [ 107.550265, -6.872498, 0.0 ], [ 107.550074, -6.872427, 0.0 ], [ 107.550015, -6.872421, 0.0 ], [ 107.549981, -6.872437, 0.0 ], [ 107.549934, -6.87251, 0.0 ], [ 107.549914, -6.872595, 0.0 ], [ 107.549934, -6.872495, 0.0 ], [ 107.549981, -6.872423, 0.0 ], [ 107.550015, -6.872406, 0.0 ], [ 107.550073, -6.872413, 0.0 ], [ 107.550265, -6.872483, 0.0 ], [ 107.550453, -6.872664, 0.0 ], [ 107.551001, -6.872872, 0.0 ], [ 107.551338, -6.872855, 0.0 ], [ 107.551472, -6.872761, 0.0 ], [ 107.551472, -6.872775, 0.0 ] ] ], [ [ [ 107.541637, -6.87287, 0.0 ], [ 107.541732, -6.872606, 0.0 ], [ 107.54175, -6.872558, 0.0 ], [ 107.541641, -6.872873, 0.0 ], [ 107.541637, -6.87287, 0.0 ] ] ], [ [ [ 107.544115, -6.874791, 0.0 ], [ 107.544136, -6.874658, 0.0 ], [ 107.544416, -6.874231, 0.0 ], [ 107.544481, -6.874108, 0.0 ], [ 107.544647, -6.873736, 0.0 ], [ 107.544731, -6.873481, 0.0 ], [ 107.545018, -6.872918, 0.0 ], [ 107.545076, -6.872576, 0.0 ], [ 107.545019, -6.872933, 0.0 ], [ 107.544731, -6.873495, 0.0 ], [ 107.544647, -6.873751, 0.0 ], [ 107.544481, -6.874122, 0.0 ], [ 107.544416, -6.874245, 0.0 ], [ 107.544136, -6.874672, 0.0 ], [ 107.544115, -6.874791, 0.0 ] ] ], [ [ [ 107.55609, -6.872571, 0.0 ], [ 107.556078, -6.872617, 0.0 ], [ 107.556045, -6.87265, 0.0 ], [ 107.556, -6.872662, 0.0 ], [ 107.555958, -6.872651, 0.0 ], [ 107.556045, -6.872635, 0.0 ], [ 107.556078, -6.872602, 0.0 ], [ 107.55609, -6.872554, 0.0 ], [ 107.55609, -6.872571, 0.0 ] ] ], [ [ [ 107.549733, -6.872627, 0.0 ], [ 107.549732, -6.872602, 0.0 ], [ 107.549752, -6.872718, 0.0 ], [ 107.549733, -6.872627, 0.0 ] ] ], [ [ [ 107.547384, -6.875031, 0.0 ], [ 107.547326, -6.875153, 0.0 ], [ 107.547306, -6.875255, 0.0 ], [ 107.547326, -6.875139, 0.0 ], [ 107.547457, -6.87486, 0.0 ], [ 107.547626, -6.874722, 0.0 ], [ 107.547829, -6.874686, 0.0 ], [ 107.547934, -6.874707, 0.0 ], [ 107.548289, -6.874968, 0.0 ], [ 107.548347, -6.874969, 0.0 ], [ 107.548456, -6.874924, 0.0 ], [ 107.548522, -6.874828, 0.0 ], [ 107.548617, -6.874537, 0.0 ], [ 107.548732, -6.874497, 0.0 ], [ 107.548772, -6.87445, 0.0 ], [ 107.548805, -6.874358, 0.0 ], [ 107.548815, -6.874165, 0.0 ], [ 107.549389, -6.873616, 0.0 ], [ 107.549582, -6.87338, 0.0 ], [ 107.549875, -6.872958, 0.0 ], [ 107.549936, -6.872721, 0.0 ], [ 107.549875, -6.872972, 0.0 ], [ 107.549582, -6.873394, 0.0 ], [ 107.549389, -6.873631, 0.0 ], [ 107.548815, -6.874179, 0.0 ], [ 107.548805, -6.874372, 0.0 ], [ 107.548772, -6.874464, 0.0 ], [ 107.548733, -6.874511, 0.0 ], [ 107.548617, -6.874551, 0.0 ], [ 107.548522, -6.874843, 0.0 ], [ 107.548456, -6.874938, 0.0 ], [ 107.548347, -6.874983, 0.0 ], [ 107.548289, -6.874982, 0.0 ], [ 107.547934, -6.874721, 0.0 ], [ 107.547829, -6.874701, 0.0 ], [ 107.547626, -6.874736, 0.0 ], [ 107.547458, -6.874874, 0.0 ], [ 107.547384, -6.875031, 0.0 ] ] ], [ [ [ 107.541832, -6.873003, 0.0 ], [ 107.541736, -6.873219, 0.0 ], [ 107.541367, -6.872983, 0.0 ], [ 107.541367, -6.872969, 0.0 ], [ 107.541736, -6.873205, 0.0 ], [ 107.541832, -6.873003, 0.0 ] ] ], [ [ [ 107.561769, -6.873917, 0.0 ], [ 107.561723, -6.873377, 0.0 ], [ 107.561723, -6.873363, 0.0 ], [ 107.561768, -6.873887, 0.0 ], [ 107.561769, -6.873902, 0.0 ], [ 107.561773, -6.87402, 0.0 ], [ 107.561769, -6.873917, 0.0 ] ] ], [ [ [ 107.56177, -6.874484, 0.0 ], [ 107.56172, -6.874565, 0.0 ], [ 107.561483, -6.874847, 0.0 ], [ 107.561335, -6.874989, 0.0 ], [ 107.561031, -6.875374, 0.0 ], [ 107.560809, -6.875841, 0.0 ], [ 107.560629, -6.876051, 0.0 ], [ 107.560499, -6.87623, 0.0 ], [ 107.560459, -6.876322, 0.0 ], [ 107.560499, -6.876216, 0.0 ], [ 107.560629, -6.876037, 0.0 ], [ 107.560809, -6.875827, 0.0 ], [ 107.561031, -6.87536, 0.0 ], [ 107.561335, -6.874975, 0.0 ], [ 107.561483, -6.874833, 0.0 ], [ 107.56172, -6.874551, 0.0 ], [ 107.56177, -6.874469, 0.0 ], [ 107.56177, -6.874484, 0.0 ] ] ], [ [ [ 107.547366, -6.875541, 0.0 ], [ 107.547153, -6.87538, 0.0 ], [ 107.547136, -6.875341, 0.0 ], [ 107.547124, -6.875278, 0.0 ], [ 107.547123, -6.875254, 0.0 ], [ 107.547153, -6.875365, 0.0 ], [ 107.547365, -6.875527, 0.0 ], [ 107.547373, -6.875655, 0.0 ], [ 107.547366, -6.875541, 0.0 ] ] ], [ [ [ 107.547134, -6.876627, 0.0 ], [ 107.547294, -6.876263, 0.0 ], [ 107.547451, -6.876008, 0.0 ], [ 107.547555, -6.87567, 0.0 ], [ 107.547451, -6.876023, 0.0 ], [ 107.547294, -6.876277, 0.0 ], [ 107.547134, -6.876627, 0.0 ] ] ], [ [ [ 107.560829, -6.876737, 0.0 ], [ 107.560823, -6.876707, 0.0 ], [ 107.560399, -6.876528, 0.0 ], [ 107.560294, -6.876425, 0.0 ], [ 107.56028, -6.876398, 0.0 ], [ 107.560277, -6.876384, 0.0 ], [ 107.560277, -6.876362, 0.0 ], [ 107.560294, -6.876411, 0.0 ], [ 107.560408, -6.87652, 0.0 ], [ 107.560823, -6.876692, 0.0 ], [ 107.560858, -6.876894, 0.0 ], [ 107.560829, -6.876737, 0.0 ] ] ], [ [ [ 107.560972, -6.877114, 0.0 ], [ 107.561038, -6.876926, 0.0 ], [ 107.561043, -6.876903, 0.0 ], [ 107.561038, -6.876941, 0.0 ], [ 107.560974, -6.877121, 0.0 ], [ 107.560972, -6.877114, 0.0 ] ] ], [ [ [ 107.561374, -6.878403, 0.0 ], [ 107.561307, -6.87825, 0.0 ], [ 107.561305, -6.878235, 0.0 ], [ 107.561273, -6.877837, 0.0 ], [ 107.561199, -6.877705, 0.0 ], [ 107.560911, -6.877459, 0.0 ], [ 107.560854, -6.877343, 0.0 ], [ 107.56079, -6.877156, 0.0 ], [ 107.560787, -6.877142, 0.0 ], [ 107.560786, -6.87712, 0.0 ], [ 107.560854, -6.877329, 0.0 ], [ 107.560911, -6.877444, 0.0 ], [ 107.561199, -6.87769, 0.0 ], [ 107.561273, -6.877823, 0.0 ], [ 107.561307, -6.878235, 0.0 ], [ 107.561374, -6.878389, 0.0 ], [ 107.561392, -6.878478, 0.0 ], [ 107.561374, -6.878403, 0.0 ] ] ], [ [ [ 107.561245, -6.879611, 0.0 ], [ 107.561349, -6.879088, 0.0 ], [ 107.56137, -6.878901, 0.0 ], [ 107.561412, -6.878796, 0.0 ], [ 107.561581, -6.878496, 0.0 ], [ 107.561568, -6.87855, 0.0 ], [ 107.561412, -6.878811, 0.0 ], [ 107.56137, -6.878915, 0.0 ], [ 107.561349, -6.879102, 0.0 ], [ 107.561245, -6.879625, 0.0 ], [ 107.561245, -6.879611, 0.0 ] ] ], [ [ [ 107.560625, -6.883483, 0.0 ], [ 107.560656, -6.883366, 0.0 ], [ 107.560969, -6.882617, 0.0 ], [ 107.561024, -6.882555, 0.0 ], [ 107.561455, -6.882425, 0.0 ], [ 107.56157, -6.882362, 0.0 ], [ 107.561595, -6.882332, 0.0 ], [ 107.56166, -6.882015, 0.0 ], [ 107.561727, -6.88187, 0.0 ], [ 107.561776, -6.88168, 0.0 ], [ 107.561798, -6.881423, 0.0 ], [ 107.561974, -6.881466, 0.0 ], [ 107.562426, -6.881658, 0.0 ], [ 107.562483, -6.881644, 0.0 ], [ 107.562692, -6.881455, 0.0 ], [ 107.563931, -6.880063, 0.0 ], [ 107.564325, -6.879325, 0.0 ], [ 107.564514, -6.879105, 0.0 ], [ 107.564592, -6.878988, 0.0 ], [ 107.564668, -6.878671, 0.0 ], [ 107.564645, -6.878822, 0.0 ], [ 107.564592, -6.879002, 0.0 ], [ 107.564514, -6.879119, 0.0 ], [ 107.564325, -6.87934, 0.0 ], [ 107.563932, -6.880078, 0.0 ], [ 107.562692, -6.88147, 0.0 ], [ 107.562483, -6.881658, 0.0 ], [ 107.562426, -6.881672, 0.0 ], [ 107.561974, -6.88148, 0.0 ], [ 107.561798, -6.881438, 0.0 ], [ 107.561776, -6.881694, 0.0 ], [ 107.561727, -6.881884, 0.0 ], [ 107.56166, -6.882029, 0.0 ], [ 107.561595, -6.882346, 0.0 ], [ 107.56157, -6.882377, 0.0 ], [ 107.561455, -6.882439, 0.0 ], [ 107.561024, -6.882569, 0.0 ], [ 107.560969, -6.882631, 0.0 ], [ 107.560625, -6.883483, 0.0 ] ] ], [ [ [ 107.561607, -6.881071, 0.0 ], [ 107.561585, -6.880863, 0.0 ], [ 107.561575, -6.880707, 0.0 ], [ 107.561399, -6.880296, 0.0 ], [ 107.561354, -6.880131, 0.0 ], [ 107.561346, -6.87998, 0.0 ], [ 107.561187, -6.880017, 0.0 ], [ 107.561143, -6.880008, 0.0 ], [ 107.561108, -6.879979, 0.0 ], [ 107.561068, -6.879887, 0.0 ], [ 107.561067, -6.879874, 0.0 ], [ 107.561065, -6.879617, 0.0 ], [ 107.561068, -6.879872, 0.0 ], [ 107.561108, -6.879964, 0.0 ], [ 107.561143, -6.879994, 0.0 ], [ 107.561187, -6.880003, 0.0 ], [ 107.561346, -6.879966, 0.0 ], [ 107.561354, -6.880117, 0.0 ], [ 107.561399, -6.880281, 0.0 ], [ 107.561575, -6.880693, 0.0 ], [ 107.561607, -6.881051, 0.0 ], [ 107.561648, -6.881305, 0.0 ], [ 107.561607, -6.881071, 0.0 ] ] ], [ [ [ 107.571817, -6.880971, 0.0 ], [ 107.57186, -6.880798, 0.0 ], [ 107.57195, -6.880597, 0.0 ], [ 107.572032, -6.88048, 0.0 ], [ 107.57205, -6.880376, 0.0 ], [ 107.57207, -6.880337, 0.0 ], [ 107.572075, -6.880274, 0.0 ], [ 107.572102, -6.880243, 0.0 ], [ 107.572104, -6.880324, 0.0 ], [ 107.572394, -6.880345, 0.0 ], [ 107.572421, -6.880309, 0.0 ], [ 107.572394, -6.88036, 0.0 ], [ 107.572104, -6.880339, 0.0 ], [ 107.572102, -6.880258, 0.0 ], [ 107.572075, -6.880288, 0.0 ], [ 107.57207, -6.880351, 0.0 ], [ 107.572032, -6.880494, 0.0 ], [ 107.57195, -6.880611, 0.0 ], [ 107.57186, -6.880813, 0.0 ], [ 107.571817, -6.880971, 0.0 ] ] ], [ [ [ 107.572086, -6.880129, 0.0 ], [ 107.572083, -6.880166, 0.0 ], [ 107.572082, -6.880168, 0.0 ], [ 107.572085, -6.880114, 0.0 ], [ 107.572086, -6.880156, 0.0 ], [ 107.572086, -6.880129, 0.0 ] ] ], [ [ [ 107.572104, -6.880237, 0.0 ], [ 107.572104, -6.880236, 0.0 ], [ 107.572105, -6.880233, 0.0 ], [ 107.572104, -6.880235, 0.0 ], [ 107.572104, -6.880237, 0.0 ] ] ], [ [ [ 107.572102, -6.880242, 0.0 ], [ 107.572103, -6.88024, 0.0 ], [ 107.572103, -6.880239, 0.0 ], [ 107.572103, -6.88024, 0.0 ], [ 107.572102, -6.880242, 0.0 ] ] ], [ [ [ 107.571989, -6.880463, 0.0 ], [ 107.571979, -6.880475, 0.0 ], [ 107.572001, -6.880435, 0.0 ], [ 107.571996, -6.880455, 0.0 ], [ 107.571989, -6.880463, 0.0 ] ] ], [ [ [ 107.571928, -6.880532, 0.0 ], [ 107.571955, -6.880507, 0.0 ], [ 107.571904, -6.880579, 0.0 ], [ 107.571928, -6.880532, 0.0 ] ] ], [ [ [ 107.571836, -6.880753, 0.0 ], [ 107.571822, -6.880782, 0.0 ], [ 107.571865, -6.880658, 0.0 ], [ 107.571852, -6.880702, 0.0 ], [ 107.571836, -6.880753, 0.0 ] ] ], [ [ [ 107.571637, -6.881847, 0.0 ], [ 107.571648, -6.881663, 0.0 ], [ 107.571758, -6.881316, 0.0 ], [ 107.5718, -6.881235, 0.0 ], [ 107.571805, -6.881182, 0.0 ], [ 107.57183, -6.881121, 0.0 ], [ 107.5718, -6.881249, 0.0 ], [ 107.571758, -6.881331, 0.0 ], [ 107.571648, -6.881677, 0.0 ], [ 107.571637, -6.881847, 0.0 ] ] ], [ [ [ 107.565486, -6.881686, 0.0 ], [ 107.565413, -6.882396, 0.0 ], [ 107.565239, -6.882815, 0.0 ], [ 107.565198, -6.88286, 0.0 ], [ 107.565013, -6.882957, 0.0 ], [ 107.564857, -6.882943, 0.0 ], [ 107.564809, -6.88297, 0.0 ], [ 107.564711, -6.883102, 0.0 ], [ 107.564689, -6.883435, 0.0 ], [ 107.56467, -6.883535, 0.0 ], [ 107.564655, -6.88357, 0.0 ], [ 107.564567, -6.883656, 0.0 ], [ 107.564438, -6.883678, 0.0 ], [ 107.564372, -6.883652, 0.0 ], [ 107.564327, -6.883708, 0.0 ], [ 107.564299, -6.883844, 0.0 ], [ 107.564228, -6.884036, 0.0 ], [ 107.564211, -6.884126, 0.0 ], [ 107.564188, -6.884545, 0.0 ], [ 107.564145, -6.884804, 0.0 ], [ 107.564104, -6.885013, 0.0 ], [ 107.564014, -6.885182, 0.0 ], [ 107.563842, -6.885427, 0.0 ], [ 107.563142, -6.886913, 0.0 ], [ 107.563841, -6.885413, 0.0 ], [ 107.564014, -6.885168, 0.0 ], [ 107.564104, -6.884999, 0.0 ], [ 107.564188, -6.88453, 0.0 ], [ 107.564211, -6.884111, 0.0 ], [ 107.564228, -6.884021, 0.0 ], [ 107.564299, -6.88383, 0.0 ], [ 107.564327, -6.883694, 0.0 ], [ 107.564372, -6.883637, 0.0 ], [ 107.564438, -6.883664, 0.0 ], [ 107.564567, -6.883642, 0.0 ], [ 107.564655, -6.883556, 0.0 ], [ 107.564689, -6.88342, 0.0 ], [ 107.564711, -6.883088, 0.0 ], [ 107.564809, -6.882956, 0.0 ], [ 107.564857, -6.882929, 0.0 ], [ 107.565013, -6.882942, 0.0 ], [ 107.565231, -6.882815, 0.0 ], [ 107.565413, -6.882381, 0.0 ], [ 107.565486, -6.881672, 0.0 ], [ 107.565486, -6.881686, 0.0 ] ] ], [ [ [ 107.571746, -6.883097, 0.0 ], [ 107.571531, -6.88263, 0.0 ], [ 107.571479, -6.882093, 0.0 ], [ 107.571534, -6.882625, 0.0 ], [ 107.571662, -6.882894, 0.0 ], [ 107.5718, -6.88322, 0.0 ], [ 107.571746, -6.883097, 0.0 ] ] ], [ [ [ 107.564755, -6.882772, 0.0 ], [ 107.564594, -6.882783, 0.0 ], [ 107.564541, -6.882822, 0.0 ], [ 107.564501, -6.882902, 0.0 ], [ 107.564501, -6.882993, 0.0 ], [ 107.564501, -6.882888, 0.0 ], [ 107.564541, -6.882807, 0.0 ], [ 107.564594, -6.882769, 0.0 ], [ 107.564727, -6.882752, 0.0 ], [ 107.564783, -6.882763, 0.0 ], [ 107.564755, -6.882772, 0.0 ] ] ], [ [ [ 107.56432, -6.88302, 0.0 ], [ 107.56432, -6.882998, 0.0 ], [ 107.56435, -6.883316, 0.0 ], [ 107.56432, -6.88302, 0.0 ] ] ], [ [ [ 107.573785, -6.883147, 0.0 ], [ 107.573798, -6.883205, 0.0 ], [ 107.573983, -6.88315, 0.0 ], [ 107.573983, -6.883164, 0.0 ], [ 107.573798, -6.88322, 0.0 ], [ 107.573785, -6.883147, 0.0 ] ] ], [ [ [ 107.572768, -6.883566, 0.0 ], [ 107.573573, -6.883307, 0.0 ], [ 107.573708, -6.883219, 0.0 ], [ 107.573729, -6.883185, 0.0 ], [ 107.573708, -6.883234, 0.0 ], [ 107.573573, -6.883321, 0.0 ], [ 107.572467, -6.883679, 0.0 ], [ 107.572477, -6.883661, 0.0 ], [ 107.572768, -6.883566, 0.0 ] ] ], [ [ [ 107.57198, -6.883235, 0.0 ], [ 107.571983, -6.8832, 0.0 ], [ 107.571983, -6.883199, 0.0 ], [ 107.571983, -6.883215, 0.0 ], [ 107.571982, -6.883238, 0.0 ], [ 107.57198, -6.883235, 0.0 ] ] ], [ [ [ 107.571767, -6.884268, 0.0 ], [ 107.571851, -6.883862, 0.0 ], [ 107.571968, -6.883363, 0.0 ], [ 107.571974, -6.88331, 0.0 ], [ 107.571985, -6.883265, 0.0 ], [ 107.571968, -6.883377, 0.0 ], [ 107.571851, -6.883877, 0.0 ], [ 107.571769, -6.884277, 0.0 ], [ 107.571767, -6.884268, 0.0 ] ] ], [ [ [ 107.564485, -6.883469, 0.0 ], [ 107.564461, -6.883479, 0.0 ], [ 107.564448, -6.883471, 0.0 ], [ 107.5645, -6.883446, 0.0 ], [ 107.564485, -6.883469, 0.0 ] ] ], [ [ [ 107.564233, -6.883505, 0.0 ], [ 107.564227, -6.883477, 0.0 ], [ 107.564227, -6.883463, 0.0 ], [ 107.564239, -6.883515, 0.0 ], [ 107.564233, -6.883505, 0.0 ] ] ], [ [ [ 107.560718, -6.88421, 0.0 ], [ 107.560573, -6.883873, 0.0 ], [ 107.560478, -6.883698, 0.0 ], [ 107.560444, -6.883509, 0.0 ], [ 107.560443, -6.883487, 0.0 ], [ 107.560478, -6.883683, 0.0 ], [ 107.560572, -6.883859, 0.0 ], [ 107.560717, -6.884196, 0.0 ], [ 107.560763, -6.884379, 0.0 ], [ 107.560718, -6.88421, 0.0 ] ] ], [ [ [ 107.572401, -6.883683, 0.0 ], [ 107.572457, -6.883566, 0.0 ], [ 107.572401, -6.883698, 0.0 ], [ 107.571856, -6.883877, 0.0 ], [ 107.571861, -6.883861, 0.0 ], [ 107.572401, -6.883683, 0.0 ] ] ], [ [ [ 107.571604, -6.884129, 0.0 ], [ 107.5716, -6.8841, 0.0 ], [ 107.571601, -6.884095, 0.0 ], [ 107.571608, -6.884147, 0.0 ], [ 107.571604, -6.884129, 0.0 ] ] ], [ [ [ 107.572229, -6.885287, 0.0 ], [ 107.572193, -6.88522, 0.0 ], [ 107.571786, -6.885074, 0.0 ], [ 107.571693, -6.884979, 0.0 ], [ 107.57168, -6.884942, 0.0 ], [ 107.571648, -6.884681, 0.0 ], [ 107.571586, -6.884295, 0.0 ], [ 107.571586, -6.884273, 0.0 ], [ 107.571693, -6.884965, 0.0 ], [ 107.571786, -6.885059, 0.0 ], [ 107.572193, -6.885205, 0.0 ], [ 107.572229, -6.885273, 0.0 ], [ 107.57224, -6.885448, 0.0 ], [ 107.572229, -6.885287, 0.0 ] ] ], [ [ [ 107.571801, -6.884461, 0.0 ], [ 107.571795, -6.884443, 0.0 ], [ 107.571791, -6.884415, 0.0 ], [ 107.5718, -6.884445, 0.0 ], [ 107.571801, -6.884461, 0.0 ] ] ], [ [ [ 107.571817, -6.884574, 0.0 ], [ 107.57184, -6.884489, 0.0 ], [ 107.571842, -6.884461, 0.0 ], [ 107.571841, -6.8845, 0.0 ], [ 107.571818, -6.884585, 0.0 ], [ 107.571817, -6.884574, 0.0 ] ] ], [ [ [ 107.560807, -6.885305, 0.0 ], [ 107.560828, -6.885133, 0.0 ], [ 107.560944, -6.884526, 0.0 ], [ 107.560828, -6.885148, 0.0 ], [ 107.560807, -6.885305, 0.0 ] ] ], [ [ [ 107.563086, -6.887099, 0.0 ], [ 107.562974, -6.887056, 0.0 ], [ 107.562725, -6.886863, 0.0 ], [ 107.562245, -6.886684, 0.0 ], [ 107.56184, -6.886503, 0.0 ], [ 107.561589, -6.886136, 0.0 ], [ 107.561399, -6.886001, 0.0 ], [ 107.561109, -6.88587, 0.0 ], [ 107.560878, -6.885618, 0.0 ], [ 107.560694, -6.885513, 0.0 ], [ 107.56063, -6.885365, 0.0 ], [ 107.560626, -6.885351, 0.0 ], [ 107.560624, -6.885325, 0.0 ], [ 107.560694, -6.885498, 0.0 ], [ 107.560878, -6.885603, 0.0 ], [ 107.561109, -6.885856, 0.0 ], [ 107.561399, -6.885987, 0.0 ], [ 107.561589, -6.886122, 0.0 ], [ 107.56184, -6.886489, 0.0 ], [ 107.562245, -6.88667, 0.0 ], [ 107.562725, -6.886849, 0.0 ], [ 107.562974, -6.887042, 0.0 ], [ 107.563239, -6.887141, 0.0 ], [ 107.563237, -6.887154, 0.0 ], [ 107.563086, -6.887099, 0.0 ] ] ], [ [ [ 107.572343, -6.886217, 0.0 ], [ 107.572348, -6.886013, 0.0 ], [ 107.572397, -6.885732, 0.0 ], [ 107.572422, -6.885448, 0.0 ], [ 107.572397, -6.885746, 0.0 ], [ 107.572348, -6.886028, 0.0 ], [ 107.572343, -6.886217, 0.0 ] ] ], [ [ [ 107.57599, -6.890574, 0.0 ], [ 107.575874, -6.890349, 0.0 ], [ 107.575602, -6.89007, 0.0 ], [ 107.575227, -6.889788, 0.0 ], [ 107.575052, -6.889501, 0.0 ], [ 107.574866, -6.889014, 0.0 ], [ 107.574587, -6.88845, 0.0 ], [ 107.574341, -6.888359, 0.0 ], [ 107.574231, -6.888248, 0.0 ], [ 107.574016, -6.887975, 0.0 ], [ 107.573814, -6.887753, 0.0 ], [ 107.573728, -6.88762, 0.0 ], [ 107.573554, -6.887169, 0.0 ], [ 107.573485, -6.887047, 0.0 ], [ 107.57329, -6.886897, 0.0 ], [ 107.572966, -6.886787, 0.0 ], [ 107.572607, -6.886506, 0.0 ], [ 107.572547, -6.886479, 0.0 ], [ 107.572372, -6.886464, 0.0 ], [ 107.572259, -6.886408, 0.0 ], [ 107.572175, -6.886311, 0.0 ], [ 107.572164, -6.886287, 0.0 ], [ 107.572162, -6.886274, 0.0 ], [ 107.572161, -6.886253, 0.0 ], [ 107.572175, -6.886296, 0.0 ], [ 107.572259, -6.886393, 0.0 ], [ 107.572372, -6.886449, 0.0 ], [ 107.572547, -6.886464, 0.0 ], [ 107.572607, -6.886491, 0.0 ], [ 107.572966, -6.886772, 0.0 ], [ 107.57329, -6.886883, 0.0 ], [ 107.573485, -6.887032, 0.0 ], [ 107.573554, -6.887155, 0.0 ], [ 107.573728, -6.887606, 0.0 ], [ 107.573814, -6.887739, 0.0 ], [ 107.574016, -6.887961, 0.0 ], [ 107.574231, -6.888234, 0.0 ], [ 107.574341, -6.888344, 0.0 ], [ 107.574586, -6.888436, 0.0 ], [ 107.574866, -6.889, 0.0 ], [ 107.575052, -6.889487, 0.0 ], [ 107.575227, -6.889774, 0.0 ], [ 107.575602, -6.890055, 0.0 ], [ 107.575874, -6.890335, 0.0 ], [ 107.575964, -6.890489, 0.0 ], [ 107.576033, -6.890699, 0.0 ], [ 107.57599, -6.890574, 0.0 ] ] ], [ [ [ 107.573522, -6.886827, 0.0 ], [ 107.573488, -6.886783, 0.0 ], [ 107.573383, -6.886726, 0.0 ], [ 107.573488, -6.886769, 0.0 ], [ 107.573572, -6.886871, 0.0 ], [ 107.573522, -6.886827, 0.0 ] ] ], [ [ [ 107.575684, -6.886988, 0.0 ], [ 107.57569, -6.887, 0.0 ], [ 107.57541, -6.886985, 0.0 ], [ 107.575389, -6.886965, 0.0 ], [ 107.575387, -6.886939, 0.0 ], [ 107.57541, -6.886971, 0.0 ], [ 107.575684, -6.886988, 0.0 ] ] ], [ [ [ 107.563286, -6.887977, 0.0 ], [ 107.563323, -6.887929, 0.0 ], [ 107.56337, -6.887816, 0.0 ], [ 107.563374, -6.887577, 0.0 ], [ 107.56342, -6.887142, 0.0 ], [ 107.563374, -6.887591, 0.0 ], [ 107.56337, -6.88783, 0.0 ], [ 107.563317, -6.887956, 0.0 ], [ 107.563286, -6.887992, 0.0 ], [ 107.563286, -6.887977, 0.0 ] ] ], [ [ [ 107.573948, -6.887615, 0.0 ], [ 107.573948, -6.887611, 0.0 ], [ 107.573949, -6.887616, 0.0 ], [ 107.573948, -6.887615, 0.0 ] ] ], [ [ [ 107.563037, -6.888051, 0.0 ], [ 107.563137, -6.88789, 0.0 ], [ 107.563016, -6.888085, 0.0 ], [ 107.563037, -6.888051, 0.0 ] ] ], [ [ [ 107.576441, -6.890696, 0.0 ], [ 107.57644, -6.89071, 0.0 ], [ 107.576208, -6.890654, 0.0 ], [ 107.576203, -6.890638, 0.0 ], [ 107.57644, -6.890696, 0.0 ], [ 107.576458, -6.890621, 0.0 ], [ 107.576441, -6.890696, 0.0 ] ] ], [ [ [ 107.57654, -6.890707, 0.0 ], [ 107.576559, -6.890644, 0.0 ], [ 107.576566, -6.890645, 0.0 ], [ 107.576543, -6.890708, 0.0 ], [ 107.57654, -6.890707, 0.0 ] ] ], [ [ [ 107.57654, -6.890722, 0.0 ], [ 107.578079, -6.891037, 0.0 ], [ 107.578077, -6.891051, 0.0 ], [ 107.576441, -6.89071, 0.0 ], [ 107.576444, -6.890696, 0.0 ], [ 107.57654, -6.890722, 0.0 ] ] ] ] } },
{ "type": "Feature", "properties": { "Zona": "Zona L1", "Zona_1": "Zona L1" }, "geometry": { "type": "MultiPolygon", "coordinates": [ [ [ [ 107.544298, -6.832794, 0.0 ], [ 107.544028, -6.83296, 0.0 ], [ 107.543791, -6.833067, 0.0 ], [ 107.543719, -6.833231, 0.0 ], [ 107.543634, -6.833353, 0.0 ], [ 107.543124, -6.833707, 0.0 ], [ 107.542941, -6.83392, 0.0 ], [ 107.542832, -6.834009, 0.0 ], [ 107.542657, -6.834036, 0.0 ], [ 107.542427, -6.83397, 0.0 ], [ 107.541949, -6.83387, 0.0 ], [ 107.541857, -6.833875, 0.0 ], [ 107.541714, -6.833927, 0.0 ], [ 107.541636, -6.833937, 0.0 ], [ 107.541596, -6.833963, 0.0 ], [ 107.541535, -6.834076, 0.0 ], [ 107.541551, -6.834016, 0.0 ], [ 107.541596, -6.833949, 0.0 ], [ 107.541636, -6.833922, 0.0 ], [ 107.541714, -6.833912, 0.0 ], [ 107.541857, -6.833861, 0.0 ], [ 107.541949, -6.833855, 0.0 ], [ 107.542127, -6.833891, 0.0 ], [ 107.542656, -6.834021, 0.0 ], [ 107.542832, -6.833995, 0.0 ], [ 107.542941, -6.833905, 0.0 ], [ 107.543123, -6.833693, 0.0 ], [ 107.543634, -6.833339, 0.0 ], [ 107.543719, -6.833217, 0.0 ], [ 107.543791, -6.833052, 0.0 ], [ 107.544028, -6.832946, 0.0 ], [ 107.544347, -6.832745, 0.0 ], [ 107.544347, -6.832759, 0.0 ], [ 107.544298, -6.832794, 0.0 ] ] ], [ [ [ 107.540589, -6.836479, 0.0 ], [ 107.540851, -6.835812, 0.0 ], [ 107.541072, -6.835495, 0.0 ], [ 107.541281, -6.835105, 0.0 ], [ 107.541358, -6.834886, 0.0 ], [ 107.541491, -6.834591, 0.0 ], [ 107.541553, -6.834372, 0.0 ], [ 107.541491, -6.834606, 0.0 ], [ 107.541358, -6.834901, 0.0 ], [ 107.541281, -6.835119, 0.0 ], [ 107.541072, -6.835509, 0.0 ], [ 107.540851, -6.835827, 0.0 ], [ 107.540684, -6.836275, 0.0 ], [ 107.54059, -6.83649, 0.0 ], [ 107.540589, -6.836479, 0.0 ] ] ], [ [ [ 107.546373, -6.835354, 0.0 ], [ 107.546332, -6.835553, 0.0 ], [ 107.546249, -6.835658, 0.0 ], [ 107.546189, -6.835665, 0.0 ], [ 107.54594, -6.835606, 0.0 ], [ 107.545836, -6.83579, 0.0 ], [ 107.545791, -6.836148, 0.0 ], [ 107.545784, -6.836173, 0.0 ], [ 107.545539, -6.836561, 0.0 ], [ 107.545256, -6.836885, 0.0 ], [ 107.544993, -6.837037, 0.0 ], [ 107.54484, -6.837155, 0.0 ], [ 107.544529, -6.837708, 0.0 ], [ 107.544319, -6.838009, 0.0 ], [ 107.544077, -6.838276, 0.0 ], [ 107.543993, -6.838448, 0.0 ], [ 107.543808, -6.838675, 0.0 ], [ 107.543622, -6.838994, 0.0 ], [ 107.543228, -6.839157, 0.0 ], [ 107.54296, -6.839233, 0.0 ], [ 107.542746, -6.839417, 0.0 ], [ 107.542603, -6.839431, 0.0 ], [ 107.542534, -6.839405, 0.0 ], [ 107.541949, -6.839998, 0.0 ], [ 107.541743, -6.840492, 0.0 ], [ 107.541667, -6.840629, 0.0 ], [ 107.541551, -6.840715, 0.0 ], [ 107.541518, -6.840757, 0.0 ], [ 107.541304, -6.841165, 0.0 ], [ 107.540991, -6.841561, 0.0 ], [ 107.540936, -6.841582, 0.0 ], [ 107.540846, -6.841578, 0.0 ], [ 107.540667, -6.841745, 0.0 ], [ 107.54033, -6.842172, 0.0 ], [ 107.540237, -6.842232, 0.0 ], [ 107.540171, -6.842244, 0.0 ], [ 107.539797, -6.842176, 0.0 ], [ 107.539685, -6.842192, 0.0 ], [ 107.539615, -6.842323, 0.0 ], [ 107.539554, -6.842648, 0.0 ], [ 107.539356, -6.842942, 0.0 ], [ 107.539238, -6.843188, 0.0 ], [ 107.539355, -6.842927, 0.0 ], [ 107.539554, -6.842634, 0.0 ], [ 107.539615, -6.842309, 0.0 ], [ 107.539685, -6.842178, 0.0 ], [ 107.539797, -6.842161, 0.0 ], [ 107.540171, -6.84223, 0.0 ], [ 107.540237, -6.842217, 0.0 ], [ 107.54033, -6.842158, 0.0 ], [ 107.540667, -6.841731, 0.0 ], [ 107.540846, -6.841564, 0.0 ], [ 107.540936, -6.841568, 0.0 ], [ 107.54099, -6.841546, 0.0 ], [ 107.541304, -6.84115, 0.0 ], [ 107.541518, -6.840743, 0.0 ], [ 107.541551, -6.8407, 0.0 ], [ 107.541667, -6.840614, 0.0 ], [ 107.541742, -6.840478, 0.0 ], [ 107.541949, -6.839983, 0.0 ], [ 107.542534, -6.83939, 0.0 ], [ 107.542603, -6.839417, 0.0 ], [ 107.542746, -6.839402, 0.0 ], [ 107.54296, -6.839218, 0.0 ], [ 107.543228, -6.839143, 0.0 ], [ 107.543622, -6.838979, 0.0 ], [ 107.543808, -6.83866, 0.0 ], [ 107.543993, -6.838433, 0.0 ], [ 107.544077, -6.838261, 0.0 ], [ 107.544319, -6.837994, 0.0 ], [ 107.544529, -6.837693, 0.0 ], [ 107.54484, -6.837141, 0.0 ], [ 107.544993, -6.837022, 0.0 ], [ 107.545256, -6.836871, 0.0 ], [ 107.545539, -6.836547, 0.0 ], [ 107.545784, -6.836159, 0.0 ], [ 107.545836, -6.835776, 0.0 ], [ 107.545939, -6.835591, 0.0 ], [ 107.546188, -6.835651, 0.0 ], [ 107.546249, -6.835644, 0.0 ], [ 107.546332, -6.835538, 0.0 ], [ 107.546373, -6.835339, 0.0 ], [ 107.546373, -6.835354, 0.0 ] ] ], [ [ [ 107.54019, -6.838265, 0.0 ], [ 107.540346, -6.837584, 0.0 ], [ 107.54047, -6.837184, 0.0 ], [ 107.540629, -6.836816, 0.0 ], [ 107.540621, -6.836861, 0.0 ], [ 107.54047, -6.837199, 0.0 ], [ 107.540346, -6.837599, 0.0 ], [ 107.54019, -6.838265, 0.0 ] ] ], [ [ [ 107.540115, -6.839123, 0.0 ], [ 107.54012, -6.838973, 0.0 ], [ 107.540174, -6.838855, 0.0 ], [ 107.540232, -6.838645, 0.0 ], [ 107.540174, -6.838869, 0.0 ], [ 107.54012, -6.838988, 0.0 ], [ 107.540115, -6.839123, 0.0 ] ] ], [ [ [ 107.539796, -6.84198, 0.0 ], [ 107.539857, -6.841851, 0.0 ], [ 107.539907, -6.841282, 0.0 ], [ 107.540158, -6.840615, 0.0 ], [ 107.54034, -6.839956, 0.0 ], [ 107.540158, -6.840629, 0.0 ], [ 107.539907, -6.841296, 0.0 ], [ 107.539857, -6.841865, 0.0 ], [ 107.539796, -6.84198, 0.0 ] ] ], [ [ [ 107.546478, -6.842845, 0.0 ], [ 107.546633, -6.842406, 0.0 ], [ 107.546672, -6.842036, 0.0 ], [ 107.546633, -6.84242, 0.0 ], [ 107.546478, -6.842845, 0.0 ] ] ], [ [ [ 107.54636, -6.843027, 0.0 ], [ 107.5463, -6.842905, 0.0 ], [ 107.546291, -6.842878, 0.0 ], [ 107.546291, -6.842859, 0.0 ], [ 107.54636, -6.843013, 0.0 ], [ 107.546376, -6.843071, 0.0 ], [ 107.54636, -6.843027, 0.0 ] ] ], [ [ [ 107.544631, -6.846122, 0.0 ], [ 107.544646, -6.846041, 0.0 ], [ 107.544723, -6.845909, 0.0 ], [ 107.545273, -6.84548, 0.0 ], [ 107.545368, -6.845237, 0.0 ], [ 107.545706, -6.844712, 0.0 ], [ 107.545822, -6.8445, 0.0 ], [ 107.546044, -6.844297, 0.0 ], [ 107.546154, -6.844127, 0.0 ], [ 107.546293, -6.843715, 0.0 ], [ 107.546416, -6.843491, 0.0 ], [ 107.546524, -6.84322, 0.0 ], [ 107.546562, -6.843064, 0.0 ], [ 107.546525, -6.843234, 0.0 ], [ 107.546416, -6.843505, 0.0 ], [ 107.546293, -6.843729, 0.0 ], [ 107.546154, -6.844142, 0.0 ], [ 107.546044, -6.844311, 0.0 ], [ 107.545822, -6.844515, 0.0 ], [ 107.545706, -6.844727, 0.0 ], [ 107.545368, -6.845251, 0.0 ], [ 107.545273, -6.845495, 0.0 ], [ 107.544724, -6.845923, 0.0 ], [ 107.544646, -6.846056, 0.0 ], [ 107.544631, -6.846122, 0.0 ] ] ], [ [ [ 107.538691, -6.845574, 0.0 ], [ 107.538714, -6.845425, 0.0 ], [ 107.538971, -6.844685, 0.0 ], [ 107.539145, -6.844248, 0.0 ], [ 107.539291, -6.843979, 0.0 ], [ 107.53928, -6.844032, 0.0 ], [ 107.539145, -6.844263, 0.0 ], [ 107.538971, -6.844699, 0.0 ], [ 107.538714, -6.845439, 0.0 ], [ 107.538691, -6.845574, 0.0 ] ] ], [ [ [ 107.538504, -6.846558, 0.0 ], [ 107.538544, -6.846425, 0.0 ], [ 107.538789, -6.846109, 0.0 ], [ 107.538797, -6.845979, 0.0 ], [ 107.538789, -6.846123, 0.0 ], [ 107.538544, -6.846439, 0.0 ], [ 107.538504, -6.846558, 0.0 ] ] ], [ [ [ 107.544574, -6.846331, 0.0 ], [ 107.544461, -6.846223, 0.0 ], [ 107.544448, -6.846197, 0.0 ], [ 107.544444, -6.846182, 0.0 ], [ 107.544444, -6.846162, 0.0 ], [ 107.544461, -6.846209, 0.0 ], [ 107.544574, -6.846317, 0.0 ], [ 107.544575, -6.846342, 0.0 ], [ 107.544574, -6.846331, 0.0 ] ] ], [ [ [ 107.544706, -6.846537, 0.0 ], [ 107.544755, -6.846371, 0.0 ], [ 107.544759, -6.846351, 0.0 ], [ 107.544755, -6.846385, 0.0 ], [ 107.544707, -6.846545, 0.0 ], [ 107.544706, -6.846537, 0.0 ] ] ], [ [ [ 107.544562, -6.846746, 0.0 ], [ 107.544524, -6.846565, 0.0 ], [ 107.544523, -6.84654, 0.0 ], [ 107.544597, -6.846886, 0.0 ], [ 107.544562, -6.846746, 0.0 ] ] ], [ [ [ 107.54422, -6.84808, 0.0 ], [ 107.544427, -6.847635, 0.0 ], [ 107.544773, -6.846938, 0.0 ], [ 107.544782, -6.846899, 0.0 ], [ 107.544773, -6.846952, 0.0 ], [ 107.54422, -6.84808, 0.0 ] ] ], [ [ [ 107.538215, -6.847618, 0.0 ], [ 107.538226, -6.847539, 0.0 ], [ 107.538319, -6.847413, 0.0 ], [ 107.538512, -6.847209, 0.0 ], [ 107.538575, -6.847119, 0.0 ], [ 107.538596, -6.846986, 0.0 ], [ 107.538575, -6.847133, 0.0 ], [ 107.538512, -6.847223, 0.0 ], [ 107.538319, -6.847427, 0.0 ], [ 107.538226, -6.847554, 0.0 ], [ 107.538215, -6.847618, 0.0 ] ] ], [ [ [ 107.537549, -6.848857, 0.0 ], [ 107.537569, -6.848832, 0.0 ], [ 107.537885, -6.848752, 0.0 ], [ 107.53804, -6.848672, 0.0 ], [ 107.538149, -6.848529, 0.0 ], [ 107.538303, -6.848258, 0.0 ], [ 107.538342, -6.848004, 0.0 ], [ 107.538303, -6.848273, 0.0 ], [ 107.538149, -6.848543, 0.0 ], [ 107.53804, -6.848686, 0.0 ], [ 107.537885, -6.848766, 0.0 ], [ 107.537569, -6.848847, 0.0 ], [ 107.53755, -6.84887, 0.0 ], [ 107.537549, -6.848857, 0.0 ] ] ], [ [ [ 107.544131, -6.848281, 0.0 ], [ 107.544042, -6.848153, 0.0 ], [ 107.544031, -6.848126, 0.0 ], [ 107.544028, -6.848097, 0.0 ], [ 107.54413, -6.848267, 0.0 ], [ 107.544143, -6.848399, 0.0 ], [ 107.544131, -6.848281, 0.0 ] ] ], [ [ [ 107.543763, -6.849565, 0.0 ], [ 107.544163, -6.848822, 0.0 ], [ 107.544268, -6.848598, 0.0 ], [ 107.544326, -6.848411, 0.0 ], [ 107.544272, -6.848602, 0.0 ], [ 107.544163, -6.848837, 0.0 ], [ 107.543764, -6.849577, 0.0 ], [ 107.543763, -6.849565, 0.0 ] ] ], [ [ [ 107.537384, -6.849381, 0.0 ], [ 107.537587, -6.849156, 0.0 ], [ 107.53761, -6.849102, 0.0 ], [ 107.537587, -6.84917, 0.0 ], [ 107.537384, -6.849381, 0.0 ] ] ], [ [ [ 107.543658, -6.849797, 0.0 ], [ 107.543594, -6.849676, 0.0 ], [ 107.543588, -6.849651, 0.0 ], [ 107.54358, -6.849567, 0.0 ], [ 107.54358, -6.849552, 0.0 ], [ 107.543594, -6.849661, 0.0 ], [ 107.543666, -6.84981, 0.0 ], [ 107.543658, -6.849797, 0.0 ] ] ], [ [ [ 107.543454, -6.850889, 0.0 ], [ 107.543536, -6.850706, 0.0 ], [ 107.543621, -6.850393, 0.0 ], [ 107.543744, -6.850135, 0.0 ], [ 107.543859, -6.849796, 0.0 ], [ 107.543744, -6.850149, 0.0 ], [ 107.543621, -6.850407, 0.0 ], [ 107.543531, -6.850734, 0.0 ], [ 107.543455, -6.850901, 0.0 ], [ 107.543454, -6.850889, 0.0 ] ] ], [ [ [ 107.543272, -6.850898, 0.0 ], [ 107.543272, -6.850882, 0.0 ], [ 107.543293, -6.851096, 0.0 ], [ 107.543272, -6.850898, 0.0 ] ] ], [ [ [ 107.544693, -6.851209, 0.0 ], [ 107.54463, -6.851249, 0.0 ], [ 107.544115, -6.851343, 0.0 ], [ 107.543943, -6.851349, 0.0 ], [ 107.543555, -6.851186, 0.0 ], [ 107.543466, -6.851187, 0.0 ], [ 107.543211, -6.851712, 0.0 ], [ 107.543152, -6.851922, 0.0 ], [ 107.543211, -6.851697, 0.0 ], [ 107.543466, -6.851172, 0.0 ], [ 107.543555, -6.851172, 0.0 ], [ 107.543943, -6.851335, 0.0 ], [ 107.544114, -6.851329, 0.0 ], [ 107.54463, -6.851234, 0.0 ], [ 107.544693, -6.851194, 0.0 ], [ 107.544693, -6.851209, 0.0 ] ] ], [ [ [ 107.54299, -6.852158, 0.0 ], [ 107.542969, -6.85191, 0.0 ], [ 107.543022, -6.852666, 0.0 ], [ 107.54299, -6.852158, 0.0 ] ] ], [ [ [ 107.542689, -6.853622, 0.0 ], [ 107.542731, -6.853527, 0.0 ], [ 107.542887, -6.853268, 0.0 ], [ 107.543178, -6.852832, 0.0 ], [ 107.543204, -6.85267, 0.0 ], [ 107.543178, -6.852846, 0.0 ], [ 107.542887, -6.853282, 0.0 ], [ 107.542689, -6.853622, 0.0 ] ] ], [ [ [ 107.542543, -6.853806, 0.0 ], [ 107.542506, -6.853648, 0.0 ], [ 107.542504, -6.853621, 0.0 ], [ 107.542543, -6.853792, 0.0 ], [ 107.54255, -6.853856, 0.0 ], [ 107.542543, -6.853806, 0.0 ] ] ], [ [ [ 107.542699, -6.85403, 0.0 ], [ 107.542732, -6.853872, 0.0 ], [ 107.542733, -6.85386, 0.0 ], [ 107.542732, -6.853886, 0.0 ], [ 107.5427, -6.854038, 0.0 ], [ 107.542699, -6.85403, 0.0 ] ] ], [ [ [ 107.543534, -6.855835, 0.0 ], [ 107.543416, -6.855316, 0.0 ], [ 107.543281, -6.854838, 0.0 ], [ 107.543233, -6.854796, 0.0 ], [ 107.542752, -6.854559, 0.0 ], [ 107.542572, -6.854354, 0.0 ], [ 107.542564, -6.854329, 0.0 ], [ 107.542517, -6.854057, 0.0 ], [ 107.542516, -6.854035, 0.0 ], [ 107.542571, -6.854339, 0.0 ], [ 107.542752, -6.854544, 0.0 ], [ 107.543233, -6.854782, 0.0 ], [ 107.543281, -6.854823, 0.0 ], [ 107.543416, -6.855301, 0.0 ], [ 107.543534, -6.855821, 0.0 ], [ 107.543549, -6.855981, 0.0 ], [ 107.543534, -6.855835, 0.0 ] ] ], [ [ [ 107.543702, -6.856205, 0.0 ], [ 107.543707, -6.856151, 0.0 ], [ 107.543731, -6.855982, 0.0 ], [ 107.543731, -6.856004, 0.0 ], [ 107.543702, -6.856205, 0.0 ] ] ], [ [ [ 107.543548, -6.856323, 0.0 ], [ 107.543524, -6.856289, 0.0 ], [ 107.54352, -6.856275, 0.0 ], [ 107.543518, -6.856249, 0.0 ], [ 107.543538, -6.856299, 0.0 ], [ 107.543604, -6.856359, 0.0 ], [ 107.543596, -6.856367, 0.0 ], [ 107.543548, -6.856323, 0.0 ] ] ], [ [ [ 107.537288, -6.862844, 0.0 ], [ 107.537208, -6.862927, 0.0 ], [ 107.537194, -6.862998, 0.0 ], [ 107.537208, -6.862913, 0.0 ], [ 107.537256, -6.862851, 0.0 ], [ 107.537288, -6.862829, 0.0 ], [ 107.537299, -6.862836, 0.0 ], [ 107.537288, -6.862844, 0.0 ] ] ], [ [ [ 107.537013, -6.862992, 0.0 ], [ 107.537013, -6.86299, 0.0 ], [ 107.537014, -6.863048, 0.0 ], [ 107.537013, -6.862992, 0.0 ] ] ], [ [ [ 107.53682, -6.86341, 0.0 ], [ 107.537108, -6.863236, 0.0 ], [ 107.537195, -6.863072, 0.0 ], [ 107.537183, -6.86313, 0.0 ], [ 107.537108, -6.863251, 0.0 ], [ 107.536823, -6.863422, 0.0 ], [ 107.53682, -6.86341, 0.0 ] ] ], [ [ [ 107.536638, -6.863437, 750.0 ], [ 107.536631, -6.863405, 0.0 ], [ 107.536629, -6.863379, 0.0 ], [ 107.536641, -6.863437, 750.0 ], [ 107.536638, -6.863437, 750.0 ] ] ], [ [ [ 107.538327, -6.863573, 0.0 ], [ 107.537924, -6.863979, 0.0 ], [ 107.537366, -6.86423, 0.0 ], [ 107.537108, -6.86452, 0.0 ], [ 107.537004, -6.864701, 0.0 ], [ 107.536865, -6.864846, 0.0 ], [ 107.536744, -6.864903, 0.0 ], [ 107.536613, -6.86489, 0.0 ], [ 107.536534, -6.864808, 0.0 ], [ 107.536478, -6.86471, 0.0 ], [ 107.536412, -6.864658, 0.0 ], [ 107.536298, -6.864631, 0.0 ], [ 107.53613, -6.864781, 0.0 ], [ 107.535967, -6.86485, 0.0 ], [ 107.535332, -6.865253, 0.0 ], [ 107.534943, -6.86558, 0.0 ], [ 107.534513, -6.865895, 0.0 ], [ 107.534237, -6.866196, 0.0 ], [ 107.534113, -6.866245, 0.0 ], [ 107.534108, -6.866232, 0.0 ], [ 107.534237, -6.866182, 0.0 ], [ 107.534512, -6.865881, 0.0 ], [ 107.534943, -6.865566, 0.0 ], [ 107.535332, -6.865238, 0.0 ], [ 107.535967, -6.864836, 0.0 ], [ 107.53613, -6.864767, 0.0 ], [ 107.536298, -6.864616, 0.0 ], [ 107.536412, -6.864644, 0.0 ], [ 107.536478, -6.864695, 0.0 ], [ 107.536534, -6.864793, 0.0 ], [ 107.536613, -6.864876, 0.0 ], [ 107.536744, -6.864889, 0.0 ], [ 107.536865, -6.864832, 0.0 ], [ 107.537004, -6.864687, 0.0 ], [ 107.537108, -6.864506, 0.0 ], [ 107.537366, -6.864215, 0.0 ], [ 107.537924, -6.863965, 0.0 ], [ 107.538327, -6.863558, 0.0 ], [ 107.53834, -6.86357, 0.0 ], [ 107.538327, -6.863573, 0.0 ] ] ], [ [ [ 107.533729, -6.865231, 750.0 ], [ 107.533756, -6.865178, 0.0 ], [ 107.533809, -6.865151, 0.0 ], [ 107.533878, -6.865151, 0.0 ], [ 107.534055, -6.865222, 0.0 ], [ 107.534172, -6.865218, 0.0 ], [ 107.534473, -6.865073, 0.0 ], [ 107.534629, -6.865057, 0.0 ], [ 107.534787, -6.864963, 0.0 ], [ 107.535119, -6.864862, 0.0 ], [ 107.53533, -6.864771, 0.0 ], [ 107.535632, -6.864598, 0.0 ], [ 107.535678, -6.864474, 0.0 ], [ 107.535681, -6.864337, 0.0 ], [ 107.53618, -6.863907, 0.0 ], [ 107.536455, -6.863899, 0.0 ], [ 107.536767, -6.863867, 0.0 ], [ 107.536818, -6.863844, 0.0 ], [ 107.53685, -6.863789, 750.0 ], [ 107.536828, -6.863848, 0.0 ], [ 107.536781, -6.863879, 0.0 ], [ 107.536455, -6.863914, 0.0 ], [ 107.53618, -6.863921, 0.0 ], [ 107.535681, -6.864351, 0.0 ], [ 107.535678, -6.864489, 0.0 ], [ 107.535632, -6.864612, 0.0 ], [ 107.53533, -6.864786, 0.0 ], [ 107.535119, -6.864876, 0.0 ], [ 107.534787, -6.864977, 0.0 ], [ 107.534629, -6.865072, 0.0 ], [ 107.534473, -6.865088, 0.0 ], [ 107.534172, -6.865232, 0.0 ], [ 107.534043, -6.865234, 0.0 ], [ 107.533878, -6.865165, 0.0 ], [ 107.533809, -6.865165, 0.0 ], [ 107.533756, -6.865193, 0.0 ], [ 107.533729, -6.865245, 750.0 ], [ 107.533729, -6.865231, 750.0 ] ] ], [ [ [ 107.565701, -6.865164, 0.0 ], [ 107.565688, -6.865156, 0.0 ], [ 107.565703, -6.865159, 0.0 ], [ 107.565701, -6.865164, 0.0 ] ] ], [ [ [ 107.565683, -6.865267, 0.0 ], [ 107.565683, -6.86525, 0.0 ], [ 107.565732, -6.86567, 0.0 ], [ 107.565683, -6.865267, 0.0 ] ] ], [ [ [ 107.533828, -6.865587, 750.0 ], [ 107.533842, -6.8656, 0.0 ], [ 107.53385, -6.86563, 750.0 ], [ 107.533828, -6.865587, 750.0 ] ] ], [ [ [ 107.533889, -6.865772, 750.0 ], [ 107.533875, -6.865707, 750.0 ], [ 107.533924, -6.865858, 188.47585 ], [ 107.533889, -6.865772, 750.0 ] ] ], [ [ [ 107.534086, -6.866189, 0.0 ], [ 107.534092, -6.866206, 0.0 ], [ 107.534075, -6.866163, 750.0 ], [ 107.534077, -6.866163, 749.99865 ], [ 107.534086, -6.866189, 0.0 ] ] ], [ [ [ 107.541886, -6.866944, 0.0 ], [ 107.541372, -6.867579, 0.0 ], [ 107.541195, -6.867746, 0.0 ], [ 107.541046, -6.867809, 0.0 ], [ 107.54084, -6.867818, 0.0 ], [ 107.540824, -6.867804, 0.0 ], [ 107.541046, -6.867794, 0.0 ], [ 107.541195, -6.867732, 0.0 ], [ 107.541372, -6.867564, 0.0 ], [ 107.541886, -6.86693, 0.0 ], [ 107.541886, -6.866944, 0.0 ] ] ], [ [ [ 107.544636, -6.867845, 0.0 ], [ 107.544612, -6.867973, 0.0 ], [ 107.544463, -6.86821, 0.0 ], [ 107.544379, -6.868287, 0.0 ], [ 107.544339, -6.8683, 0.0 ], [ 107.544204, -6.868284, 0.0 ], [ 107.543829, -6.868023, 0.0 ], [ 107.543599, -6.867982, 0.0 ], [ 107.543382, -6.867833, 0.0 ], [ 107.543218, -6.868079, 0.0 ], [ 107.543174, -6.868115, 0.0 ], [ 107.543027, -6.868104, 0.0 ], [ 107.542787, -6.867988, 0.0 ], [ 107.542755, -6.867954, 0.0 ], [ 107.542745, -6.867925, 0.0 ], [ 107.542741, -6.867888, 0.0 ], [ 107.542652, -6.867881, 0.0 ], [ 107.542532, -6.868107, 0.0 ], [ 107.542652, -6.867866, 0.0 ], [ 107.54274, -6.867874, 0.0 ], [ 107.542755, -6.86794, 0.0 ], [ 107.542787, -6.867974, 0.0 ], [ 107.543027, -6.868089, 0.0 ], [ 107.543174, -6.868101, 0.0 ], [ 107.543218, -6.868065, 0.0 ], [ 107.543382, -6.867819, 0.0 ], [ 107.543599, -6.867968, 0.0 ], [ 107.543829, -6.868008, 0.0 ], [ 107.544204, -6.86827, 0.0 ], [ 107.544339, -6.868286, 0.0 ], [ 107.544379, -6.868273, 0.0 ], [ 107.544463, -6.868196, 0.0 ], [ 107.544612, -6.867958, 0.0 ], [ 107.544638, -6.867831, 0.0 ], [ 107.544636, -6.867845, 0.0 ] ] ], [ [ [ 107.539832, -6.867941, 0.0 ], [ 107.539945, -6.867849, 0.0 ], [ 107.539962, -6.867847, 0.0 ], [ 107.539844, -6.867932, 0.0 ], [ 107.539832, -6.867941, 0.0 ] ] ], [ [ [ 107.542091, -6.868419, 0.0 ], [ 107.542269, -6.868278, 0.0 ], [ 107.542393, -6.868272, 0.0 ], [ 107.542606, -6.868293, 0.0 ], [ 107.542656, -6.868263, 0.0 ], [ 107.542677, -6.868211, 0.0 ], [ 107.542665, -6.868265, 0.0 ], [ 107.54262, -6.868303, 0.0 ], [ 107.542393, -6.868286, 0.0 ], [ 107.542269, -6.868292, 0.0 ], [ 107.542119, -6.868422, 0.0 ], [ 107.542034, -6.868446, 0.0 ], [ 107.542037, -6.868431, 0.0 ], [ 107.542091, -6.868419, 0.0 ] ] ], [ [ [ 107.562825, -6.869239, 0.0 ], [ 107.56277, -6.869123, 0.0 ], [ 107.562726, -6.868931, 0.0 ], [ 107.562725, -6.868905, 0.0 ], [ 107.56277, -6.869108, 0.0 ], [ 107.562825, -6.869224, 0.0 ], [ 107.56287, -6.869344, 0.0 ], [ 107.562825, -6.869239, 0.0 ] ] ], [ [ [ 107.539193, -6.871451, 0.0 ], [ 107.539243, -6.871306, 0.0 ], [ 107.539311, -6.871263, 0.0 ], [ 107.539979, -6.870955, 0.0 ], [ 107.540315, -6.870823, 0.0 ], [ 107.540484, -6.870731, 0.0 ], [ 107.540632, -6.870684, 0.0 ], [ 107.540903, -6.870385, 0.0 ], [ 107.540982, -6.870211, 0.0 ], [ 107.541176, -6.869594, 0.0 ], [ 107.540982, -6.870226, 0.0 ], [ 107.540903, -6.870399, 0.0 ], [ 107.540633, -6.870699, 0.0 ], [ 107.540484, -6.870745, 0.0 ], [ 107.540316, -6.870837, 0.0 ], [ 107.539979, -6.870969, 0.0 ], [ 107.539311, -6.871277, 0.0 ], [ 107.539243, -6.87132, 0.0 ], [ 107.539193, -6.871451, 0.0 ] ] ], [ [ [ 107.540321, -6.870715, 0.0 ], [ 107.540412, -6.87065, 0.0 ], [ 107.540221, -6.870855, 0.0 ], [ 107.540167, -6.870787, 0.0 ], [ 107.540321, -6.870715, 0.0 ] ] ], [ [ [ 107.562015, -6.871642, 0.0 ], [ 107.56189, -6.870993, 0.0 ], [ 107.561889, -6.87097, 0.0 ], [ 107.562015, -6.871627, 0.0 ], [ 107.562017, -6.871732, 0.0 ], [ 107.562015, -6.871642, 0.0 ] ] ], [ [ [ 107.538916, -6.871446, 0.0 ], [ 107.538838, -6.87143, 0.0 ], [ 107.538822, -6.871472, 0.0 ], [ 107.538574, -6.871345, 0.0 ], [ 107.53858, -6.871334, 0.0 ], [ 107.538822, -6.871458, 0.0 ], [ 107.538838, -6.871415, 0.0 ], [ 107.538988, -6.871432, 0.0 ], [ 107.538984, -6.871447, 0.0 ], [ 107.538916, -6.871446, 0.0 ] ] ], [ [ [ 107.539048, -6.871593, 0.0 ], [ 107.539125, -6.871648, 0.0 ], [ 107.539178, -6.871508, 0.0 ], [ 107.539125, -6.871662, 0.0 ], [ 107.539037, -6.8716, 0.0 ], [ 107.539048, -6.871593, 0.0 ] ] ], [ [ [ 107.550204, -6.871948, 0.0 ], [ 107.550183, -6.871768, 0.0 ], [ 107.550182, -6.87175, 0.0 ], [ 107.550211, -6.872003, 0.0 ], [ 107.550204, -6.871948, 0.0 ] ] ], [ [ [ 107.544974, -6.872398, 0.0 ], [ 107.54507, -6.872225, 0.0 ], [ 107.545221, -6.872174, 0.0 ], [ 107.54525, -6.87215, 0.0 ], [ 107.545311, -6.872069, 0.0 ], [ 107.545332, -6.871979, 0.0 ], [ 107.545311, -6.872083, 0.0 ], [ 107.54525, -6.872164, 0.0 ], [ 107.545221, -6.872188, 0.0 ], [ 107.54507, -6.87224, 0.0 ], [ 107.544974, -6.872398, 0.0 ] ] ], [ [ [ 107.550388, -6.872053, 0.0 ], [ 107.550379, -6.872106, 0.0 ], [ 107.550369, -6.872136, 0.0 ], [ 107.550271, -6.872293, 0.0 ], [ 107.550369, -6.872121, 0.0 ], [ 107.550388, -6.872039, 0.0 ], [ 107.550388, -6.872053, 0.0 ] ] ], [ [ [ 107.561772, -6.872064, 0.0 ], [ 107.561768, -6.872064, 0.0 ], [ 107.561768, -6.872063, 0.0 ], [ 107.561772, -6.872064, 0.0 ] ] ], [ [ [ 107.561747, -6.873082, 0.0 ], [ 107.561659, -6.872587, 0.0 ], [ 107.561578, -6.87233, 0.0 ], [ 107.561576, -6.872315, 0.0 ], [ 107.561573, -6.872134, 0.0 ], [ 107.561578, -6.872316, 0.0 ], [ 107.561659, -6.872572, 0.0 ], [ 107.561747, -6.873067, 0.0 ], [ 107.561756, -6.873225, 0.0 ], [ 107.561747, -6.873082, 0.0 ] ] ], [ [ [ 107.544849, -6.872556, 0.0 ], [ 107.544785, -6.872444, 0.0 ], [ 107.544781, -6.872429, 0.0 ], [ 107.54478, -6.872406, 0.0 ], [ 107.544889, -6.872606, 0.0 ], [ 107.544849, -6.872556, 0.0 ] ] ], [ [ [ 107.541183, -6.872853, 0.0 ], [ 107.541214, -6.87278, 0.0 ], [ 107.541354, -6.872452, 0.0 ], [ 107.541183, -6.872868, 0.0 ], [ 107.540862, -6.872684, 0.0 ], [ 107.540868, -6.872673, 0.0 ], [ 107.541183, -6.872853, 0.0 ] ] ], [ [ [ 107.551472, -6.872775, 0.0 ], [ 107.551338, -6.872869, 0.0 ], [ 107.551001, -6.872886, 0.0 ], [ 107.550453, -6.872678, 0.0 ], [ 107.550265, -6.872498, 0.0 ], [ 107.550074, -6.872427, 0.0 ], [ 107.550015, -6.872421, 0.0 ], [ 107.549981, -6.872437, 0.0 ], [ 107.549934, -6.87251, 0.0 ], [ 107.549914, -6.872595, 0.0 ], [ 107.549934, -6.872495, 0.0 ], [ 107.549981, -6.872423, 0.0 ], [ 107.550015, -6.872406, 0.0 ], [ 107.550073, -6.872413, 0.0 ], [ 107.550265, -6.872483, 0.0 ], [ 107.550453, -6.872664, 0.0 ], [ 107.551001, -6.872872, 0.0 ], [ 107.551338, -6.872855, 0.0 ], [ 107.551472, -6.872761, 0.0 ], [ 107.551472, -6.872775, 0.0 ] ] ], [ [ [ 107.541637, -6.87287, 0.0 ], [ 107.541732, -6.872606, 0.0 ], [ 107.54175, -6.872558, 0.0 ], [ 107.541641, -6.872873, 0.0 ], [ 107.541637, -6.87287, 0.0 ] ] ], [ [ [ 107.544115, -6.874791, 0.0 ], [ 107.544136, -6.874658, 0.0 ], [ 107.544416, -6.874231, 0.0 ], [ 107.544481, -6.874108, 0.0 ], [ 107.544647, -6.873736, 0.0 ], [ 107.544731, -6.873481, 0.0 ], [ 107.545018, -6.872918, 0.0 ], [ 107.545076, -6.872576, 0.0 ], [ 107.545019, -6.872933, 0.0 ], [ 107.544731, -6.873495, 0.0 ], [ 107.544647, -6.873751, 0.0 ], [ 107.544481, -6.874122, 0.0 ], [ 107.544416, -6.874245, 0.0 ], [ 107.544136, -6.874672, 0.0 ], [ 107.544115, -6.874791, 0.0 ] ] ], [ [ [ 107.55609, -6.872571, 0.0 ], [ 107.556078, -6.872617, 0.0 ], [ 107.556045, -6.87265, 0.0 ], [ 107.556, -6.872662, 0.0 ], [ 107.555958, -6.872651, 0.0 ], [ 107.556045, -6.872635, 0.0 ], [ 107.556078, -6.872602, 0.0 ], [ 107.55609, -6.872554, 0.0 ], [ 107.55609, -6.872571, 0.0 ] ] ], [ [ [ 107.549733, -6.872627, 0.0 ], [ 107.549732, -6.872602, 0.0 ], [ 107.549752, -6.872718, 0.0 ], [ 107.549733, -6.872627, 0.0 ] ] ], [ [ [ 107.547384, -6.875031, 0.0 ], [ 107.547326, -6.875153, 0.0 ], [ 107.547306, -6.875255, 0.0 ], [ 107.547326, -6.875139, 0.0 ], [ 107.547457, -6.87486, 0.0 ], [ 107.547626, -6.874722, 0.0 ], [ 107.547829, -6.874686, 0.0 ], [ 107.547934, -6.874707, 0.0 ], [ 107.548289, -6.874968, 0.0 ], [ 107.548347, -6.874969, 0.0 ], [ 107.548456, -6.874924, 0.0 ], [ 107.548522, -6.874828, 0.0 ], [ 107.548617, -6.874537, 0.0 ], [ 107.548732, -6.874497, 0.0 ], [ 107.548772, -6.87445, 0.0 ], [ 107.548805, -6.874358, 0.0 ], [ 107.548815, -6.874165, 0.0 ], [ 107.549389, -6.873616, 0.0 ], [ 107.549582, -6.87338, 0.0 ], [ 107.549875, -6.872958, 0.0 ], [ 107.549936, -6.872721, 0.0 ], [ 107.549875, -6.872972, 0.0 ], [ 107.549582, -6.873394, 0.0 ], [ 107.549389, -6.873631, 0.0 ], [ 107.548815, -6.874179, 0.0 ], [ 107.548805, -6.874372, 0.0 ], [ 107.548772, -6.874464, 0.0 ], [ 107.548733, -6.874511, 0.0 ], [ 107.548617, -6.874551, 0.0 ], [ 107.548522, -6.874843, 0.0 ], [ 107.548456, -6.874938, 0.0 ], [ 107.548347, -6.874983, 0.0 ], [ 107.548289, -6.874982, 0.0 ], [ 107.547934, -6.874721, 0.0 ], [ 107.547829, -6.874701, 0.0 ], [ 107.547626, -6.874736, 0.0 ], [ 107.547458, -6.874874, 0.0 ], [ 107.547384, -6.875031, 0.0 ] ] ], [ [ [ 107.541832, -6.873003, 0.0 ], [ 107.541736, -6.873219, 0.0 ], [ 107.541367, -6.872983, 0.0 ], [ 107.541367, -6.872969, 0.0 ], [ 107.541736, -6.873205, 0.0 ], [ 107.541832, -6.873003, 0.0 ] ] ], [ [ [ 107.561769, -6.873917, 0.0 ], [ 107.561723, -6.873377, 0.0 ], [ 107.561723, -6.873363, 0.0 ], [ 107.561768, -6.873887, 0.0 ], [ 107.561769, -6.873902, 0.0 ], [ 107.561773, -6.87402, 0.0 ], [ 107.561769, -6.873917, 0.0 ] ] ], [ [ [ 107.56177, -6.874484, 0.0 ], [ 107.56172, -6.874565, 0.0 ], [ 107.561483, -6.874847, 0.0 ], [ 107.561335, -6.874989, 0.0 ], [ 107.561031, -6.875374, 0.0 ], [ 107.560809, -6.875841, 0.0 ], [ 107.560629, -6.876051, 0.0 ], [ 107.560499, -6.87623, 0.0 ], [ 107.560459, -6.876322, 0.0 ], [ 107.560499, -6.876216, 0.0 ], [ 107.560629, -6.876037, 0.0 ], [ 107.560809, -6.875827, 0.0 ], [ 107.561031, -6.87536, 0.0 ], [ 107.561335, -6.874975, 0.0 ], [ 107.561483, -6.874833, 0.0 ], [ 107.56172, -6.874551, 0.0 ], [ 107.56177, -6.874469, 0.0 ], [ 107.56177, -6.874484, 0.0 ] ] ], [ [ [ 107.547366, -6.875541, 0.0 ], [ 107.547153, -6.87538, 0.0 ], [ 107.547136, -6.875341, 0.0 ], [ 107.547124, -6.875278, 0.0 ], [ 107.547123, -6.875254, 0.0 ], [ 107.547153, -6.875365, 0.0 ], [ 107.547365, -6.875527, 0.0 ], [ 107.547373, -6.875655, 0.0 ], [ 107.547366, -6.875541, 0.0 ] ] ], [ [ [ 107.547134, -6.876627, 0.0 ], [ 107.547294, -6.876263, 0.0 ], [ 107.547451, -6.876008, 0.0 ], [ 107.547555, -6.87567, 0.0 ], [ 107.547451, -6.876023, 0.0 ], [ 107.547294, -6.876277, 0.0 ], [ 107.547134, -6.876627, 0.0 ] ] ], [ [ [ 107.560829, -6.876737, 0.0 ], [ 107.560823, -6.876707, 0.0 ], [ 107.560399, -6.876528, 0.0 ], [ 107.560294, -6.876425, 0.0 ], [ 107.56028, -6.876398, 0.0 ], [ 107.560277, -6.876384, 0.0 ], [ 107.560277, -6.876362, 0.0 ], [ 107.560294, -6.876411, 0.0 ], [ 107.560408, -6.87652, 0.0 ], [ 107.560823, -6.876692, 0.0 ], [ 107.560858, -6.876894, 0.0 ], [ 107.560829, -6.876737, 0.0 ] ] ], [ [ [ 107.560972, -6.877114, 0.0 ], [ 107.561038, -6.876926, 0.0 ], [ 107.561043, -6.876903, 0.0 ], [ 107.561038, -6.876941, 0.0 ], [ 107.560974, -6.877121, 0.0 ], [ 107.560972, -6.877114, 0.0 ] ] ], [ [ [ 107.561374, -6.878403, 0.0 ], [ 107.561307, -6.87825, 0.0 ], [ 107.561305, -6.878235, 0.0 ], [ 107.561273, -6.877837, 0.0 ], [ 107.561199, -6.877705, 0.0 ], [ 107.560911, -6.877459, 0.0 ], [ 107.560854, -6.877343, 0.0 ], [ 107.56079, -6.877156, 0.0 ], [ 107.560787, -6.877142, 0.0 ], [ 107.560786, -6.87712, 0.0 ], [ 107.560854, -6.877329, 0.0 ], [ 107.560911, -6.877444, 0.0 ], [ 107.561199, -6.87769, 0.0 ], [ 107.561273, -6.877823, 0.0 ], [ 107.561307, -6.878235, 0.0 ], [ 107.561374, -6.878389, 0.0 ], [ 107.561392, -6.878478, 0.0 ], [ 107.561374, -6.878403, 0.0 ] ] ], [ [ [ 107.561245, -6.879611, 0.0 ], [ 107.561349, -6.879088, 0.0 ], [ 107.56137, -6.878901, 0.0 ], [ 107.561412, -6.878796, 0.0 ], [ 107.561581, -6.878496, 0.0 ], [ 107.561568, -6.87855, 0.0 ], [ 107.561412, -6.878811, 0.0 ], [ 107.56137, -6.878915, 0.0 ], [ 107.561349, -6.879102, 0.0 ], [ 107.561245, -6.879625, 0.0 ], [ 107.561245, -6.879611, 0.0 ] ] ], [ [ [ 107.560625, -6.883483, 0.0 ], [ 107.560656, -6.883366, 0.0 ], [ 107.560969, -6.882617, 0.0 ], [ 107.561024, -6.882555, 0.0 ], [ 107.561455, -6.882425, 0.0 ], [ 107.56157, -6.882362, 0.0 ], [ 107.561595, -6.882332, 0.0 ], [ 107.56166, -6.882015, 0.0 ], [ 107.561727, -6.88187, 0.0 ], [ 107.561776, -6.88168, 0.0 ], [ 107.561798, -6.881423, 0.0 ], [ 107.561974, -6.881466, 0.0 ], [ 107.562426, -6.881658, 0.0 ], [ 107.562483, -6.881644, 0.0 ], [ 107.562692, -6.881455, 0.0 ], [ 107.563931, -6.880063, 0.0 ], [ 107.564325, -6.879325, 0.0 ], [ 107.564514, -6.879105, 0.0 ], [ 107.564592, -6.878988, 0.0 ], [ 107.564668, -6.878671, 0.0 ], [ 107.564645, -6.878822, 0.0 ], [ 107.564592, -6.879002, 0.0 ], [ 107.564514, -6.879119, 0.0 ], [ 107.564325, -6.87934, 0.0 ], [ 107.563932, -6.880078, 0.0 ], [ 107.562692, -6.88147, 0.0 ], [ 107.562483, -6.881658, 0.0 ], [ 107.562426, -6.881672, 0.0 ], [ 107.561974, -6.88148, 0.0 ], [ 107.561798, -6.881438, 0.0 ], [ 107.561776, -6.881694, 0.0 ], [ 107.561727, -6.881884, 0.0 ], [ 107.56166, -6.882029, 0.0 ], [ 107.561595, -6.882346, 0.0 ], [ 107.56157, -6.882377, 0.0 ], [ 107.561455, -6.882439, 0.0 ], [ 107.561024, -6.882569, 0.0 ], [ 107.560969, -6.882631, 0.0 ], [ 107.560625, -6.883483, 0.0 ] ] ], [ [ [ 107.561607, -6.881071, 0.0 ], [ 107.561585, -6.880863, 0.0 ], [ 107.561575, -6.880707, 0.0 ], [ 107.561399, -6.880296, 0.0 ], [ 107.561354, -6.880131, 0.0 ], [ 107.561346, -6.87998, 0.0 ], [ 107.561187, -6.880017, 0.0 ], [ 107.561143, -6.880008, 0.0 ], [ 107.561108, -6.879979, 0.0 ], [ 107.561068, -6.879887, 0.0 ], [ 107.561067, -6.879874, 0.0 ], [ 107.561065, -6.879617, 0.0 ], [ 107.561068, -6.879872, 0.0 ], [ 107.561108, -6.879964, 0.0 ], [ 107.561143, -6.879994, 0.0 ], [ 107.561187, -6.880003, 0.0 ], [ 107.561346, -6.879966, 0.0 ], [ 107.561354, -6.880117, 0.0 ], [ 107.561399, -6.880281, 0.0 ], [ 107.561575, -6.880693, 0.0 ], [ 107.561607, -6.881051, 0.0 ], [ 107.561648, -6.881305, 0.0 ], [ 107.561607, -6.881071, 0.0 ] ] ], [ [ [ 107.571817, -6.880971, 0.0 ], [ 107.57186, -6.880798, 0.0 ], [ 107.57195, -6.880597, 0.0 ], [ 107.572032, -6.88048, 0.0 ], [ 107.57205, -6.880376, 0.0 ], [ 107.57207, -6.880337, 0.0 ], [ 107.572075, -6.880274, 0.0 ], [ 107.572102, -6.880243, 0.0 ], [ 107.572104, -6.880324, 0.0 ], [ 107.572394, -6.880345, 0.0 ], [ 107.572421, -6.880309, 0.0 ], [ 107.572394, -6.88036, 0.0 ], [ 107.572104, -6.880339, 0.0 ], [ 107.572102, -6.880258, 0.0 ], [ 107.572075, -6.880288, 0.0 ], [ 107.57207, -6.880351, 0.0 ], [ 107.572032, -6.880494, 0.0 ], [ 107.57195, -6.880611, 0.0 ], [ 107.57186, -6.880813, 0.0 ], [ 107.571817, -6.880971, 0.0 ] ] ], [ [ [ 107.572086, -6.880129, 0.0 ], [ 107.572083, -6.880166, 0.0 ], [ 107.572082, -6.880168, 0.0 ], [ 107.572085, -6.880114, 0.0 ], [ 107.572086, -6.880156, 0.0 ], [ 107.572086, -6.880129, 0.0 ] ] ], [ [ [ 107.572104, -6.880237, 0.0 ], [ 107.572104, -6.880236, 0.0 ], [ 107.572105, -6.880233, 0.0 ], [ 107.572104, -6.880235, 0.0 ], [ 107.572104, -6.880237, 0.0 ] ] ], [ [ [ 107.572102, -6.880242, 0.0 ], [ 107.572103, -6.88024, 0.0 ], [ 107.572103, -6.880239, 0.0 ], [ 107.572103, -6.88024, 0.0 ], [ 107.572102, -6.880242, 0.0 ] ] ], [ [ [ 107.571989, -6.880463, 0.0 ], [ 107.571979, -6.880475, 0.0 ], [ 107.572001, -6.880435, 0.0 ], [ 107.571996, -6.880455, 0.0 ], [ 107.571989, -6.880463, 0.0 ] ] ], [ [ [ 107.571928, -6.880532, 0.0 ], [ 107.571955, -6.880507, 0.0 ], [ 107.571904, -6.880579, 0.0 ], [ 107.571928, -6.880532, 0.0 ] ] ], [ [ [ 107.571836, -6.880753, 0.0 ], [ 107.571822, -6.880782, 0.0 ], [ 107.571865, -6.880658, 0.0 ], [ 107.571852, -6.880702, 0.0 ], [ 107.571836, -6.880753, 0.0 ] ] ], [ [ [ 107.571637, -6.881847, 0.0 ], [ 107.571648, -6.881663, 0.0 ], [ 107.571758, -6.881316, 0.0 ], [ 107.5718, -6.881235, 0.0 ], [ 107.571805, -6.881182, 0.0 ], [ 107.57183, -6.881121, 0.0 ], [ 107.5718, -6.881249, 0.0 ], [ 107.571758, -6.881331, 0.0 ], [ 107.571648, -6.881677, 0.0 ], [ 107.571637, -6.881847, 0.0 ] ] ], [ [ [ 107.565486, -6.881686, 0.0 ], [ 107.565413, -6.882396, 0.0 ], [ 107.565239, -6.882815, 0.0 ], [ 107.565198, -6.88286, 0.0 ], [ 107.565013, -6.882957, 0.0 ], [ 107.564857, -6.882943, 0.0 ], [ 107.564809, -6.88297, 0.0 ], [ 107.564711, -6.883102, 0.0 ], [ 107.564689, -6.883435, 0.0 ], [ 107.56467, -6.883535, 0.0 ], [ 107.564655, -6.88357, 0.0 ], [ 107.564567, -6.883656, 0.0 ], [ 107.564438, -6.883678, 0.0 ], [ 107.564372, -6.883652, 0.0 ], [ 107.564327, -6.883708, 0.0 ], [ 107.564299, -6.883844, 0.0 ], [ 107.564228, -6.884036, 0.0 ], [ 107.564211, -6.884126, 0.0 ], [ 107.564188, -6.884545, 0.0 ], [ 107.564145, -6.884804, 0.0 ], [ 107.564104, -6.885013, 0.0 ], [ 107.564014, -6.885182, 0.0 ], [ 107.563842, -6.885427, 0.0 ], [ 107.563142, -6.886913, 0.0 ], [ 107.563841, -6.885413, 0.0 ], [ 107.564014, -6.885168, 0.0 ], [ 107.564104, -6.884999, 0.0 ], [ 107.564188, -6.88453, 0.0 ], [ 107.564211, -6.884111, 0.0 ], [ 107.564228, -6.884021, 0.0 ], [ 107.564299, -6.88383, 0.0 ], [ 107.564327, -6.883694, 0.0 ], [ 107.564372, -6.883637, 0.0 ], [ 107.564438, -6.883664, 0.0 ], [ 107.564567, -6.883642, 0.0 ], [ 107.564655, -6.883556, 0.0 ], [ 107.564689, -6.88342, 0.0 ], [ 107.564711, -6.883088, 0.0 ], [ 107.564809, -6.882956, 0.0 ], [ 107.564857, -6.882929, 0.0 ], [ 107.565013, -6.882942, 0.0 ], [ 107.565231, -6.882815, 0.0 ], [ 107.565413, -6.882381, 0.0 ], [ 107.565486, -6.881672, 0.0 ], [ 107.565486, -6.881686, 0.0 ] ] ], [ [ [ 107.571746, -6.883097, 0.0 ], [ 107.571531, -6.88263, 0.0 ], [ 107.571479, -6.882093, 0.0 ], [ 107.571534, -6.882625, 0.0 ], [ 107.571662, -6.882894, 0.0 ], [ 107.5718, -6.88322, 0.0 ], [ 107.571746, -6.883097, 0.0 ] ] ], [ [ [ 107.564755, -6.882772, 0.0 ], [ 107.564594, -6.882783, 0.0 ], [ 107.564541, -6.882822, 0.0 ], [ 107.564501, -6.882902, 0.0 ], [ 107.564501, -6.882993, 0.0 ], [ 107.564501, -6.882888, 0.0 ], [ 107.564541, -6.882807, 0.0 ], [ 107.564594, -6.882769, 0.0 ], [ 107.564727, -6.882752, 0.0 ], [ 107.564783, -6.882763, 0.0 ], [ 107.564755, -6.882772, 0.0 ] ] ], [ [ [ 107.56432, -6.88302, 0.0 ], [ 107.56432, -6.882998, 0.0 ], [ 107.56435, -6.883316, 0.0 ], [ 107.56432, -6.88302, 0.0 ] ] ], [ [ [ 107.573785, -6.883147, 0.0 ], [ 107.573798, -6.883205, 0.0 ], [ 107.573983, -6.88315, 0.0 ], [ 107.573983, -6.883164, 0.0 ], [ 107.573798, -6.88322, 0.0 ], [ 107.573785, -6.883147, 0.0 ] ] ], [ [ [ 107.572768, -6.883566, 0.0 ], [ 107.573573, -6.883307, 0.0 ], [ 107.573708, -6.883219, 0.0 ], [ 107.573729, -6.883185, 0.0 ], [ 107.573708, -6.883234, 0.0 ], [ 107.573573, -6.883321, 0.0 ], [ 107.572467, -6.883679, 0.0 ], [ 107.572477, -6.883661, 0.0 ], [ 107.572768, -6.883566, 0.0 ] ] ], [ [ [ 107.57198, -6.883235, 0.0 ], [ 107.571983, -6.8832, 0.0 ], [ 107.571983, -6.883199, 0.0 ], [ 107.571983, -6.883215, 0.0 ], [ 107.571982, -6.883238, 0.0 ], [ 107.57198, -6.883235, 0.0 ] ] ], [ [ [ 107.571767, -6.884268, 0.0 ], [ 107.571851, -6.883862, 0.0 ], [ 107.571968, -6.883363, 0.0 ], [ 107.571974, -6.88331, 0.0 ], [ 107.571985, -6.883265, 0.0 ], [ 107.571968, -6.883377, 0.0 ], [ 107.571851, -6.883877, 0.0 ], [ 107.571769, -6.884277, 0.0 ], [ 107.571767, -6.884268, 0.0 ] ] ], [ [ [ 107.564485, -6.883469, 0.0 ], [ 107.564461, -6.883479, 0.0 ], [ 107.564448, -6.883471, 0.0 ], [ 107.5645, -6.883446, 0.0 ], [ 107.564485, -6.883469, 0.0 ] ] ], [ [ [ 107.564233, -6.883505, 0.0 ], [ 107.564227, -6.883477, 0.0 ], [ 107.564227, -6.883463, 0.0 ], [ 107.564239, -6.883515, 0.0 ], [ 107.564233, -6.883505, 0.0 ] ] ], [ [ [ 107.560718, -6.88421, 0.0 ], [ 107.560573, -6.883873, 0.0 ], [ 107.560478, -6.883698, 0.0 ], [ 107.560444, -6.883509, 0.0 ], [ 107.560443, -6.883487, 0.0 ], [ 107.560478, -6.883683, 0.0 ], [ 107.560572, -6.883859, 0.0 ], [ 107.560717, -6.884196, 0.0 ], [ 107.560763, -6.884379, 0.0 ], [ 107.560718, -6.88421, 0.0 ] ] ], [ [ [ 107.572401, -6.883683, 0.0 ], [ 107.572457, -6.883566, 0.0 ], [ 107.572401, -6.883698, 0.0 ], [ 107.571856, -6.883877, 0.0 ], [ 107.571861, -6.883861, 0.0 ], [ 107.572401, -6.883683, 0.0 ] ] ], [ [ [ 107.571604, -6.884129, 0.0 ], [ 107.5716, -6.8841, 0.0 ], [ 107.571601, -6.884095, 0.0 ], [ 107.571608, -6.884147, 0.0 ], [ 107.571604, -6.884129, 0.0 ] ] ], [ [ [ 107.572229, -6.885287, 0.0 ], [ 107.572193, -6.88522, 0.0 ], [ 107.571786, -6.885074, 0.0 ], [ 107.571693, -6.884979, 0.0 ], [ 107.57168, -6.884942, 0.0 ], [ 107.571648, -6.884681, 0.0 ], [ 107.571586, -6.884295, 0.0 ], [ 107.571586, -6.884273, 0.0 ], [ 107.571693, -6.884965, 0.0 ], [ 107.571786, -6.885059, 0.0 ], [ 107.572193, -6.885205, 0.0 ], [ 107.572229, -6.885273, 0.0 ], [ 107.57224, -6.885448, 0.0 ], [ 107.572229, -6.885287, 0.0 ] ] ], [ [ [ 107.571801, -6.884461, 0.0 ], [ 107.571795, -6.884443, 0.0 ], [ 107.571791, -6.884415, 0.0 ], [ 107.5718, -6.884445, 0.0 ], [ 107.571801, -6.884461, 0.0 ] ] ], [ [ [ 107.571817, -6.884574, 0.0 ], [ 107.57184, -6.884489, 0.0 ], [ 107.571842, -6.884461, 0.0 ], [ 107.571841, -6.8845, 0.0 ], [ 107.571818, -6.884585, 0.0 ], [ 107.571817, -6.884574, 0.0 ] ] ], [ [ [ 107.560807, -6.885305, 0.0 ], [ 107.560828, -6.885133, 0.0 ], [ 107.560944, -6.884526, 0.0 ], [ 107.560828, -6.885148, 0.0 ], [ 107.560807, -6.885305, 0.0 ] ] ], [ [ [ 107.563086, -6.887099, 0.0 ], [ 107.562974, -6.887056, 0.0 ], [ 107.562725, -6.886863, 0.0 ], [ 107.562245, -6.886684, 0.0 ], [ 107.56184, -6.886503, 0.0 ], [ 107.561589, -6.886136, 0.0 ], [ 107.561399, -6.886001, 0.0 ], [ 107.561109, -6.88587, 0.0 ], [ 107.560878, -6.885618, 0.0 ], [ 107.560694, -6.885513, 0.0 ], [ 107.56063, -6.885365, 0.0 ], [ 107.560626, -6.885351, 0.0 ], [ 107.560624, -6.885325, 0.0 ], [ 107.560694, -6.885498, 0.0 ], [ 107.560878, -6.885603, 0.0 ], [ 107.561109, -6.885856, 0.0 ], [ 107.561399, -6.885987, 0.0 ], [ 107.561589, -6.886122, 0.0 ], [ 107.56184, -6.886489, 0.0 ], [ 107.562245, -6.88667, 0.0 ], [ 107.562725, -6.886849, 0.0 ], [ 107.562974, -6.887042, 0.0 ], [ 107.563239, -6.887141, 0.0 ], [ 107.563237, -6.887154, 0.0 ], [ 107.563086, -6.887099, 0.0 ] ] ], [ [ [ 107.572343, -6.886217, 0.0 ], [ 107.572348, -6.886013, 0.0 ], [ 107.572397, -6.885732, 0.0 ], [ 107.572422, -6.885448, 0.0 ], [ 107.572397, -6.885746, 0.0 ], [ 107.572348, -6.886028, 0.0 ], [ 107.572343, -6.886217, 0.0 ] ] ], [ [ [ 107.57599, -6.890574, 0.0 ], [ 107.575874, -6.890349, 0.0 ], [ 107.575602, -6.89007, 0.0 ], [ 107.575227, -6.889788, 0.0 ], [ 107.575052, -6.889501, 0.0 ], [ 107.574866, -6.889014, 0.0 ], [ 107.574587, -6.88845, 0.0 ], [ 107.574341, -6.888359, 0.0 ], [ 107.574231, -6.888248, 0.0 ], [ 107.574016, -6.887975, 0.0 ], [ 107.573814, -6.887753, 0.0 ], [ 107.573728, -6.88762, 0.0 ], [ 107.573554, -6.887169, 0.0 ], [ 107.573485, -6.887047, 0.0 ], [ 107.57329, -6.886897, 0.0 ], [ 107.572966, -6.886787, 0.0 ], [ 107.572607, -6.886506, 0.0 ], [ 107.572547, -6.886479, 0.0 ], [ 107.572372, -6.886464, 0.0 ], [ 107.572259, -6.886408, 0.0 ], [ 107.572175, -6.886311, 0.0 ], [ 107.572164, -6.886287, 0.0 ], [ 107.572162, -6.886274, 0.0 ], [ 107.572161, -6.886253, 0.0 ], [ 107.572175, -6.886296, 0.0 ], [ 107.572259, -6.886393, 0.0 ], [ 107.572372, -6.886449, 0.0 ], [ 107.572547, -6.886464, 0.0 ], [ 107.572607, -6.886491, 0.0 ], [ 107.572966, -6.886772, 0.0 ], [ 107.57329, -6.886883, 0.0 ], [ 107.573485, -6.887032, 0.0 ], [ 107.573554, -6.887155, 0.0 ], [ 107.573728, -6.887606, 0.0 ], [ 107.573814, -6.887739, 0.0 ], [ 107.574016, -6.887961, 0.0 ], [ 107.574231, -6.888234, 0.0 ], [ 107.574341, -6.888344, 0.0 ], [ 107.574586, -6.888436, 0.0 ], [ 107.574866, -6.889, 0.0 ], [ 107.575052, -6.889487, 0.0 ], [ 107.575227, -6.889774, 0.0 ], [ 107.575602, -6.890055, 0.0 ], [ 107.575874, -6.890335, 0.0 ], [ 107.575964, -6.890489, 0.0 ], [ 107.576033, -6.890699, 0.0 ], [ 107.57599, -6.890574, 0.0 ] ] ], [ [ [ 107.573522, -6.886827, 0.0 ], [ 107.573488, -6.886783, 0.0 ], [ 107.573383, -6.886726, 0.0 ], [ 107.573488, -6.886769, 0.0 ], [ 107.573572, -6.886871, 0.0 ], [ 107.573522, -6.886827, 0.0 ] ] ], [ [ [ 107.575684, -6.886988, 0.0 ], [ 107.57569, -6.887, 0.0 ], [ 107.57541, -6.886985, 0.0 ], [ 107.575389, -6.886965, 0.0 ], [ 107.575387, -6.886939, 0.0 ], [ 107.57541, -6.886971, 0.0 ], [ 107.575684, -6.886988, 0.0 ] ] ], [ [ [ 107.563286, -6.887977, 0.0 ], [ 107.563323, -6.887929, 0.0 ], [ 107.56337, -6.887816, 0.0 ], [ 107.563374, -6.887577, 0.0 ], [ 107.56342, -6.887142, 0.0 ], [ 107.563374, -6.887591, 0.0 ], [ 107.56337, -6.88783, 0.0 ], [ 107.563317, -6.887956, 0.0 ], [ 107.563286, -6.887992, 0.0 ], [ 107.563286, -6.887977, 0.0 ] ] ], [ [ [ 107.573948, -6.887615, 0.0 ], [ 107.573948, -6.887611, 0.0 ], [ 107.573949, -6.887616, 0.0 ], [ 107.573948, -6.887615, 0.0 ] ] ], [ [ [ 107.563037, -6.888051, 0.0 ], [ 107.563137, -6.88789, 0.0 ], [ 107.563016, -6.888085, 0.0 ], [ 107.563037, -6.888051, 0.0 ] ] ], [ [ [ 107.576441, -6.890696, 0.0 ], [ 107.57644, -6.89071, 0.0 ], [ 107.576208, -6.890654, 0.0 ], [ 107.576203, -6.890638, 0.0 ], [ 107.57644, -6.890696, 0.0 ], [ 107.576458, -6.890621, 0.0 ], [ 107.576441, -6.890696, 0.0 ] ] ], [ [ [ 107.57654, -6.890707, 0.0 ], [ 107.576559, -6.890644, 0.0 ], [ 107.576566, -6.890645, 0.0 ], [ 107.576543, -6.890708, 0.0 ], [ 107.57654, -6.890707, 0.0 ] ] ], [ [ [ 107.57654, -6.890722, 0.0 ], [ 107.578079, -6.891037, 0.0 ], [ 107.578077, -6.891051, 0.0 ], [ 107.576441, -6.89071, 0.0 ], [ 107.576444, -6.890696, 0.0 ], [ 107.57654, -6.890722, 0.0 ] ] ] ] } },
{ "type": "Feature", "properties": { "Zona": "Zona B4", "Zona_1": "Zona B4" }, "geometry": { "type": "MultiPolygon", "coordinates": [ [ [ [ 107.563477, -6.865357, 0.0 ], [ 107.563471, -6.865351, 0.0 ], [ 107.563477, -6.865342, 0.0 ], [ 107.563483, -6.865348, 0.0 ], [ 107.563477, -6.865357, 0.0 ] ] ], [ [ [ 107.550211, -6.872003, 0.0 ], [ 107.550203, -6.872046, 0.0 ], [ 107.550115, -6.872201, 0.0 ], [ 107.550072, -6.872231, 0.0 ], [ 107.549973, -6.872227, 0.0 ], [ 107.549843, -6.872303, 0.0 ], [ 107.54976, -6.872443, 0.0 ], [ 107.549731, -6.872589, 0.0 ], [ 107.549752, -6.872718, 0.0 ], [ 107.549711, -6.872877, 0.0 ], [ 107.549439, -6.873269, 0.0 ], [ 107.54926, -6.87349, 0.0 ], [ 107.548655, -6.87407, 0.0 ], [ 107.548638, -6.874107, 0.0 ], [ 107.548618, -6.874347, 0.0 ], [ 107.548511, -6.874378, 0.0 ], [ 107.548475, -6.874406, 0.0 ], [ 107.548338, -6.874782, 0.0 ], [ 107.548138, -6.874622, 0.0 ], [ 107.548006, -6.874539, 0.0 ], [ 107.547835, -6.874505, 0.0 ], [ 107.547694, -6.874521, 0.0 ], [ 107.547539, -6.874561, 0.0 ], [ 107.547326, -6.874734, 0.0 ], [ 107.547192, -6.875, 0.0 ], [ 107.546969, -6.875, 0.0 ], [ 107.546985, -6.874938, 0.0 ], [ 107.547028, -6.874867, 0.0 ], [ 107.54713, -6.874746, 0.0 ], [ 107.547311, -6.874573, 0.0 ], [ 107.548222, -6.873845, 0.0 ], [ 107.548416, -6.873672, 0.0 ], [ 107.549541, -6.872416, 0.0 ], [ 107.549815, -6.872075, 0.0 ], [ 107.549887, -6.872006, 0.0 ], [ 107.549968, -6.871959, 0.0 ], [ 107.550114, -6.871939, 0.0 ], [ 107.550204, -6.871948, 0.0 ], [ 107.550211, -6.872003, 0.0 ] ] ], [ [ [ 107.551286, -6.872678, 0.0 ], [ 107.551034, -6.872692, 0.0 ], [ 107.550548, -6.872508, 0.0 ], [ 107.550365, -6.872331, 0.0 ], [ 107.550277, -6.872296, 0.0 ], [ 107.550375, -6.872122, 0.0 ], [ 107.550388, -6.872053, 0.0 ], [ 107.551304, -6.872663, 0.0 ], [ 107.551286, -6.872678, 0.0 ] ] ], [ [ [ 107.551616, -6.872871, 0.0 ], [ 107.551422, -6.872874, 0.0 ], [ 107.551203, -6.872904, 0.0 ], [ 107.55073, -6.87304, 0.0 ], [ 107.550475, -6.873147, 0.0 ], [ 107.55023, -6.873273, 0.0 ], [ 107.550046, -6.873391, 0.0 ], [ 107.549809, -6.873605, 0.0 ], [ 107.54968, -6.873772, 0.0 ], [ 107.549285, -6.874415, 0.0 ], [ 107.549156, -6.87459, 0.0 ], [ 107.549046, -6.874712, 0.0 ], [ 107.54882, -6.874885, 0.0 ], [ 107.548549, -6.875, 0.0 ], [ 107.547398, -6.875, 0.0 ], [ 107.547458, -6.874874, 0.0 ], [ 107.547626, -6.874736, 0.0 ], [ 107.547829, -6.874701, 0.0 ], [ 107.547934, -6.874721, 0.0 ], [ 107.548289, -6.874982, 0.0 ], [ 107.548347, -6.874983, 0.0 ], [ 107.548456, -6.874938, 0.0 ], [ 107.548522, -6.874843, 0.0 ], [ 107.548617, -6.874551, 0.0 ], [ 107.548733, -6.874511, 0.0 ], [ 107.548772, -6.874464, 0.0 ], [ 107.548805, -6.874372, 0.0 ], [ 107.548815, -6.874179, 0.0 ], [ 107.549397, -6.873622, 0.0 ], [ 107.549586, -6.873389, 0.0 ], [ 107.549875, -6.872972, 0.0 ], [ 107.549936, -6.872738, 0.0 ], [ 107.549919, -6.872579, 0.0 ], [ 107.549934, -6.87251, 0.0 ], [ 107.549981, -6.872437, 0.0 ], [ 107.550015, -6.872421, 0.0 ], [ 107.550074, -6.872427, 0.0 ], [ 107.550265, -6.872498, 0.0 ], [ 107.550453, -6.872678, 0.0 ], [ 107.551001, -6.872886, 0.0 ], [ 107.551338, -6.872869, 0.0 ], [ 107.551472, -6.872775, 0.0 ], [ 107.551616, -6.872871, 0.0 ] ] ] ] } },
{ "type": "Feature", "properties": { "Zona": "Zona B5", "Zona_1": "Zona B5" }, "geometry": { "type": "Polygon", "coordinates": [ ] } },
{ "type": "Feature", "properties": { "Zona": "Zona L2", "Zona_1": "Zona L2" }, "geometry": { "type": "MultiPolygon", "coordinates": [ [ [ [ 107.55073, -6.87304, 0.0 ], [ 107.550475, -6.873147, 0.0 ], [ 107.55023, -6.873273, 0.0 ], [ 107.54992, -6.873492, 0.0 ], [ 107.549809, -6.873605, 0.0 ], [ 107.54968, -6.873772, 0.0 ], [ 107.549285, -6.874415, 0.0 ], [ 107.549156, -6.87459, 0.0 ], [ 107.549046, -6.874712, 0.0 ], [ 107.54882, -6.874885, 0.0 ], [ 107.548549, -6.875, 0.0 ], [ 107.547398, -6.875, 0.0 ], [ 107.547458, -6.874874, 0.0 ], [ 107.547626, -6.874736, 0.0 ], [ 107.547829, -6.874701, 0.0 ], [ 107.547934, -6.874721, 0.0 ], [ 107.548289, -6.874982, 0.0 ], [ 107.548347, -6.874983, 0.0 ], [ 107.548456, -6.874938, 0.0 ], [ 107.548522, -6.874843, 0.0 ], [ 107.548617, -6.874551, 0.0 ], [ 107.548733, -6.874511, 0.0 ], [ 107.548772, -6.874464, 0.0 ], [ 107.548805, -6.874372, 0.0 ], [ 107.548815, -6.874179, 0.0 ], [ 107.549397, -6.873622, 0.0 ], [ 107.549586, -6.873389, 0.0 ], [ 107.549875, -6.872972, 0.0 ], [ 107.549936, -6.872738, 0.0 ], [ 107.549919, -6.872579, 0.0 ], [ 107.549934, -6.87251, 0.0 ], [ 107.549981, -6.872437, 0.0 ], [ 107.550015, -6.872421, 0.0 ], [ 107.550074, -6.872427, 0.0 ], [ 107.550265, -6.872498, 0.0 ], [ 107.550453, -6.872678, 0.0 ], [ 107.551001, -6.872886, 0.0 ], [ 107.551338, -6.872869, 0.0 ], [ 107.551472, -6.872775, 0.0 ], [ 107.551616, -6.872871, 0.0 ], [ 107.551422, -6.872874, 0.0 ], [ 107.551203, -6.872904, 0.0 ], [ 107.55073, -6.87304, 0.0 ] ] ], [ [ [ 107.549843, -6.872317, 0.0 ], [ 107.54976, -6.872457, 0.0 ], [ 107.549732, -6.872603, 0.0 ], [ 107.549754, -6.872726, 0.0 ], [ 107.549711, -6.872892, 0.0 ], [ 107.549439, -6.873283, 0.0 ], [ 107.54926, -6.873504, 0.0 ], [ 107.548655, -6.874084, 0.0 ], [ 107.548638, -6.874121, 0.0 ], [ 107.548618, -6.874361, 0.0 ], [ 107.548511, -6.874392, 0.0 ], [ 107.548475, -6.87442, 0.0 ], [ 107.548338, -6.874796, 0.0 ], [ 107.548139, -6.874636, 0.0 ], [ 107.548006, -6.874554, 0.0 ], [ 107.547835, -6.874519, 0.0 ], [ 107.547694, -6.874535, 0.0 ], [ 107.547539, -6.874576, 0.0 ], [ 107.547327, -6.874748, 0.0 ], [ 107.547199, -6.875, 0.0 ], [ 107.546969, -6.875, 0.0 ], [ 107.546985, -6.874938, 0.0 ], [ 107.547028, -6.874867, 0.0 ], [ 107.54713, -6.874746, 0.0 ], [ 107.547311, -6.874573, 0.0 ], [ 107.548222, -6.873845, 0.0 ], [ 107.548416, -6.873672, 0.0 ], [ 107.549541, -6.872416, 0.0 ], [ 107.549815, -6.872075, 0.0 ], [ 107.549887, -6.872006, 0.0 ], [ 107.550014, -6.871946, 0.0 ], [ 107.550204, -6.871948, 0.0 ], [ 107.550204, -6.87206, 0.0 ], [ 107.550115, -6.872215, 0.0 ], [ 107.550072, -6.872245, 0.0 ], [ 107.549973, -6.872241, 0.0 ], [ 107.549843, -6.872317, 0.0 ] ] ], [ [ [ 107.550375, -6.872122, 0.0 ], [ 107.550388, -6.872053, 0.0 ], [ 107.551314, -6.87267, 0.0 ], [ 107.551286, -6.872692, 0.0 ], [ 107.551034, -6.872707, 0.0 ], [ 107.550548, -6.872522, 0.0 ], [ 107.550365, -6.872345, 0.0 ], [ 107.550271, -6.872307, 0.0 ], [ 107.550375, -6.872122, 0.0 ] ] ], [ [ [ 107.558172, -6.855286, 0.0 ], [ 107.55798, -6.855446, 0.0 ], [ 107.557783, -6.855553, 0.0 ], [ 107.557873, -6.855402, 0.0 ], [ 107.557915, -6.855401, 0.0 ], [ 107.558121, -6.855211, 0.0 ], [ 107.558191, -6.855268, 0.0 ], [ 107.558172, -6.855286, 0.0 ] ] ], [ [ [ 107.557947, -6.855292, 0.0 ], [ 107.557932, -6.855303, 0.0 ], [ 107.557949, -6.855172, 0.0 ], [ 107.557925, -6.855053, 0.0 ], [ 107.558115, -6.855207, 0.0 ], [ 107.557947, -6.855292, 0.0 ] ] ], [ [ [ 107.557725, -6.854966, 0.0 ], [ 107.557767, -6.855227, 0.0 ], [ 107.557574, -6.855536, 0.0 ], [ 107.557397, -6.855525, 0.0 ], [ 107.557291, -6.855481, 0.0 ], [ 107.557088, -6.855353, 0.0 ], [ 107.557033, -6.855355, 0.0 ], [ 107.556961, -6.855393, 0.0 ], [ 107.555933, -6.854848, 0.0 ], [ 107.555714, -6.854702, 0.0 ], [ 107.555594, -6.854601, 0.0 ], [ 107.555493, -6.854496, 0.0 ], [ 107.555371, -6.854325, 0.0 ], [ 107.555224, -6.854013, 0.0 ], [ 107.555089, -6.853555, 0.0 ], [ 107.555146, -6.853456, 0.0 ], [ 107.555124, -6.853137, 0.0 ], [ 107.555362, -6.852687, 0.0 ], [ 107.555378, -6.852133, 0.0 ], [ 107.555581, -6.851213, 0.0 ], [ 107.555788, -6.851628, 0.0 ], [ 107.556869, -6.852241, 0.0 ], [ 107.557317, -6.852223, 0.0 ], [ 107.557284, -6.852382, 0.0 ], [ 107.55726, -6.852876, 0.0 ], [ 107.55722, -6.853092, 0.0 ], [ 107.557101, -6.853525, 0.0 ], [ 107.557044, -6.853658, 0.0 ], [ 107.556982, -6.853982, 0.0 ], [ 107.557316, -6.854553, 0.0 ], [ 107.557728, -6.854893, 0.0 ], [ 107.557725, -6.854966, 0.0 ] ] ], [ [ [ 107.533935, -6.846262, 0.0 ], [ 107.534885, -6.844942, 0.0 ], [ 107.534402, -6.844048, 0.0 ], [ 107.534211, -6.843839, 0.0 ], [ 107.534773, -6.8432, 102.28435 ], [ 107.53491, -6.843064, 102.28435 ], [ 107.535197, -6.842843, 102.28435 ], [ 107.535232, -6.842495, 102.28435 ], [ 107.535358, -6.841848, 102.28435 ], [ 107.535375, -6.841582, 102.28435 ], [ 107.535415, -6.841303, 102.28435 ], [ 107.535381, -6.841115, 102.28435 ], [ 107.535366, -6.840883, 102.28435 ], [ 107.535363, -6.84034, 102.28435 ], [ 107.535373, -6.840132, 102.28435 ], [ 107.535445, -6.839767, 0.0 ], [ 107.535944, -6.840427, 0.0 ], [ 107.536675, -6.84169, 0.0 ], [ 107.536796, -6.843198, 0.0 ], [ 107.536661, -6.844067, 0.0 ], [ 107.53646, -6.844399, 0.0 ], [ 107.536189, -6.844483, 0.0 ], [ 107.536154, -6.844514, 0.0 ], [ 107.53614, -6.844558, 0.0 ], [ 107.536168, -6.844629, 0.0 ], [ 107.53624, -6.844653, 0.0 ], [ 107.536588, -6.844539, 0.0 ], [ 107.536261, -6.846706, 0.0 ], [ 107.536096, -6.848419, 0.0 ], [ 107.536543, -6.849234, 0.0 ], [ 107.537155, -6.849351, 0.0 ], [ 107.537144, -6.849393, 0.0 ], [ 107.537158, -6.849443, 0.0 ], [ 107.536966, -6.849585, 0.0 ], [ 107.536811, -6.849754, 0.0 ], [ 107.536724, -6.849893, 0.0 ], [ 107.536629, -6.850125, 0.0 ], [ 107.536563, -6.850148, 0.0 ], [ 107.536289, -6.850173, 0.0 ], [ 107.536213, -6.850209, 0.0 ], [ 107.536152, -6.850275, 0.0 ], [ 107.536105, -6.850381, 0.0 ], [ 107.536061, -6.850688, 0.0 ], [ 107.53598, -6.850939, 0.0 ], [ 107.535892, -6.851114, 0.0 ], [ 107.535627, -6.851557, 0.0 ], [ 107.535503, -6.851832, 0.0 ], [ 107.535486, -6.851953, 0.0 ], [ 107.535501, -6.852087, 0.0 ], [ 107.535557, -6.852328, 0.0 ], [ 107.53564, -6.852569, 0.0 ], [ 107.536107, -6.853577, 0.0 ], [ 107.536288, -6.85387, 0.0 ], [ 107.536475, -6.854086, 0.0 ], [ 107.536109, -6.85423, 0.0 ], [ 107.535653, -6.854731, 0.0 ], [ 107.535035, -6.854762, 0.0 ], [ 107.53507, -6.8547, 102.28435 ], [ 107.535358, -6.853416, 102.28435 ], [ 107.535492, -6.852908, 102.28435 ], [ 107.535224, -6.852682, 102.28435 ], [ 107.535087, -6.852526, 102.28435 ], [ 107.534966, -6.852357, 102.28435 ], [ 107.534863, -6.852174, 102.28435 ], [ 107.534783, -6.851992, 102.28435 ], [ 107.534679, -6.851609, 102.28435 ], [ 107.534656, -6.851411, 102.28435 ], [ 107.534654, -6.851201, 102.28435 ], [ 107.534366, -6.850995, 102.28435 ], [ 107.534221, -6.850855, 102.28435 ], [ 107.534026, -6.850631, 102.28435 ], [ 107.533935, -6.850499, 102.28435 ], [ 107.533646, -6.850373, 102.28435 ], [ 107.533492, -6.850285, 102.28435 ], [ 107.533278, -6.850126, 102.28435 ], [ 107.533052, -6.850007, 102.28435 ], [ 107.53289, -6.849899, 102.28435 ], [ 107.532601, -6.849638, 102.28435 ], [ 107.532368, -6.849326, 102.28435 ], [ 107.532275, -6.849154, 102.28435 ], [ 107.532156, -6.848854, 102.28435 ], [ 107.532092, -6.848641, 102.28435 ], [ 107.532056, -6.848446, 102.28435 ], [ 107.532041, -6.84805, 102.28435 ], [ 107.532105, -6.847658, 102.28435 ], [ 107.532244, -6.847288, 102.28435 ], [ 107.532341, -6.847114, 102.28435 ], [ 107.532543, -6.846847, 102.28435 ], [ 107.532583, -6.84663, 102.28435 ], [ 107.5327, -6.84629, 102.28435 ], [ 107.532942, -6.845779, 102.28435 ], [ 107.533046, -6.845625, 0.0 ], [ 107.533935, -6.846262, 0.0 ] ], [ [ 107.535926, -6.850627, 0.0 ], [ 107.535936, -6.850557, 0.0 ], [ 107.535942, -6.850487, 0.0 ], [ 107.535915, -6.850688, 0.0 ], [ 107.535926, -6.850627, 0.0 ] ], [ [ 107.535904, -6.850741, 0.0 ], [ 107.535911, -6.850709, 0.0 ], [ 107.535915, -6.850688, 0.0 ], [ 107.535904, -6.850741, 0.0 ] ], [ [ 107.536557, -6.849895, 0.0 ], [ 107.536515, -6.850074, 0.0 ], [ 107.536529, -6.85003, 0.0 ], [ 107.536557, -6.849895, 0.0 ] ], [ [ 107.536497, -6.85011, 0.0 ], [ 107.536503, -6.85011, 0.0 ], [ 107.536515, -6.850074, 0.0 ], [ 107.536497, -6.85011, 0.0 ] ], [ [ 107.536986, -6.849479, 0.0 ], [ 107.537053, -6.849431, 0.0 ], [ 107.537101, -6.849394, 0.0 ], [ 107.536954, -6.8495, 0.0 ], [ 107.536986, -6.849479, 0.0 ] ], [ [ 107.534056, -6.848187, 0.0 ], [ 107.534046, -6.848126, 0.0 ], [ 107.533984, -6.848082, 0.0 ], [ 107.533774, -6.848079, 0.0 ], [ 107.533722, -6.848107, 0.0 ], [ 107.533569, -6.848437, 0.0 ], [ 107.533468, -6.848592, 0.0 ], [ 107.533316, -6.848741, 0.0 ], [ 107.533312, -6.848802, 0.0 ], [ 107.533337, -6.848842, 0.0 ], [ 107.533409, -6.848867, 0.0 ], [ 107.533504, -6.848811, 0.0 ], [ 107.533608, -6.848707, 0.0 ], [ 107.533725, -6.84853, 0.0 ], [ 107.533846, -6.84826, 0.0 ], [ 107.533999, -6.848256, 0.0 ], [ 107.534037, -6.848229, 0.0 ], [ 107.534056, -6.848187, 0.0 ] ], [ [ 107.533333, -6.847333, 0.0 ], [ 107.534232, -6.847078, 0.0 ], [ 107.533918, -6.847163, 0.0 ], [ 107.533333, -6.847333, 0.0 ] ], [ [ 107.534591, -6.847014, 0.0 ], [ 107.534595, -6.846985, 0.0 ], [ 107.534232, -6.847078, 0.0 ], [ 107.534591, -6.847014, 0.0 ] ] ], [ [ [ 107.555352, -6.849639, 0.0 ], [ 107.555434, -6.85059, 0.0 ], [ 107.555381, -6.850661, 0.0 ], [ 107.55534, -6.850802, 0.0 ], [ 107.555088, -6.850492, 0.0 ], [ 107.555023, -6.850383, 0.0 ], [ 107.554895, -6.850301, 0.0 ], [ 107.554786, -6.85026, 0.0 ], [ 107.554366, -6.849845, 0.0 ], [ 107.553952, -6.849554, 0.0 ], [ 107.553532, -6.849417, 0.0 ], [ 107.552367, -6.848797, 0.0 ], [ 107.551612, -6.848446, 0.0 ], [ 107.551279, -6.848262, 0.0 ], [ 107.551023, -6.848087, 0.0 ], [ 107.551015, -6.84789, 0.0 ], [ 107.5511, -6.847804, 0.0 ], [ 107.551147, -6.847611, 0.0 ], [ 107.551235, -6.847468, 0.0 ], [ 107.551258, -6.847344, 0.0 ], [ 107.551256, -6.847174, 0.0 ], [ 107.551454, -6.847063, 0.0 ], [ 107.551524, -6.846922, 0.0 ], [ 107.551519, -6.846695, 0.0 ], [ 107.551617, -6.846156, 0.0 ], [ 107.551828, -6.846029, 0.0 ], [ 107.551854, -6.845998, 0.0 ], [ 107.551975, -6.845564, 0.0 ], [ 107.552041, -6.845426, 0.0 ], [ 107.552169, -6.845323, 0.0 ], [ 107.552207, -6.845305, 0.0 ], [ 107.552272, -6.845305, 0.0 ], [ 107.552318, -6.845256, 0.0 ], [ 107.552529, -6.845161, 0.0 ], [ 107.552721, -6.845043, 0.0 ], [ 107.553101, -6.844866, 0.0 ], [ 107.553221, -6.844663, 0.0 ], [ 107.553396, -6.844093, 0.0 ], [ 107.55355, -6.843873, 0.0 ], [ 107.553658, -6.843786, 0.0 ], [ 107.55392, -6.843642, 0.0 ], [ 107.55421, -6.843262, 0.0 ], [ 107.554462, -6.843015, 0.0 ], [ 107.554642, -6.842789, 0.0 ], [ 107.554813, -6.841713, 0.0 ], [ 107.554953, -6.841173, 0.0 ], [ 107.555038, -6.840997, 0.0 ], [ 107.555045, -6.840939, 0.0 ], [ 107.555004, -6.840881, 0.0 ], [ 107.554596, -6.840629, 0.0 ], [ 107.554445, -6.840481, 0.0 ], [ 107.554373, -6.840301, 0.0 ], [ 107.554327, -6.84006, 0.0 ], [ 107.554255, -6.83982, 0.0 ], [ 107.554089, -6.839671, 0.0 ], [ 107.554077, -6.839637, 0.0 ], [ 107.554068, -6.83931, 0.0 ], [ 107.553955, -6.838916, 0.0 ], [ 107.554278, -6.838968, 0.0 ], [ 107.554532, -6.838976, 0.0 ], [ 107.555082, -6.838962, 0.0 ], [ 107.55528, -6.838984, 0.0 ], [ 107.555664, -6.839087, 0.0 ], [ 107.55602, -6.839264, 0.0 ], [ 107.556184, -6.839378, 0.0 ], [ 107.556472, -6.839652, 0.0 ], [ 107.5567, -6.839978, 0.0 ], [ 107.55686, -6.840342, 0.0 ], [ 107.556944, -6.840731, 0.0 ], [ 107.55695, -6.841129, 0.0 ], [ 107.556923, -6.841326, 0.0 ], [ 107.556811, -6.841708, 0.0 ], [ 107.556727, -6.841889, 0.0 ], [ 107.55667, -6.842128, 0.0 ], [ 107.556508, -6.843237, 0.0 ], [ 107.556447, -6.843436, 0.0 ], [ 107.556367, -6.843627, 0.0 ], [ 107.556267, -6.843809, 0.0 ], [ 107.55603, -6.844134, 0.0 ], [ 107.555836, -6.844359, 0.0 ], [ 107.555588, -6.84461, 0.0 ], [ 107.555281, -6.844975, 0.0 ], [ 107.555073, -6.845157, 0.0 ], [ 107.554824, -6.845718, 0.0 ], [ 107.554721, -6.8459, 0.0 ], [ 107.554599, -6.84607, 0.0 ], [ 107.554461, -6.846226, 0.0 ], [ 107.554307, -6.846367, 0.0 ], [ 107.554139, -6.846492, 0.0 ], [ 107.553959, -6.846598, 0.0 ], [ 107.553609, -6.846748, 0.0 ], [ 107.553427, -6.847075, 0.0 ], [ 107.553387, -6.847364, 0.0 ], [ 107.553743, -6.847406, 0.0 ], [ 107.553925, -6.847449, 0.0 ], [ 107.554269, -6.847547, 0.0 ], [ 107.554643, -6.847676, 0.0 ], [ 107.554956, -6.847823, 0.0 ], [ 107.555391, -6.848119, 0.0 ], [ 107.555352, -6.849639, 0.0 ] ] ], [ [ [ 107.553766, -6.838907, 0.0 ], [ 107.553889, -6.839339, 0.0 ], [ 107.553902, -6.839683, 0.0 ], [ 107.553945, -6.839786, 0.0 ], [ 107.554093, -6.839907, 0.0 ], [ 107.554129, -6.840025, 0.0 ], [ 107.553948, -6.83999, 0.0 ], [ 107.553254, -6.839916, 0.0 ], [ 107.552788, -6.839818, 0.0 ], [ 107.551877, -6.839487, 0.0 ], [ 107.549934, -6.838904, 0.0 ], [ 107.549625, -6.838785, 0.0 ], [ 107.549437, -6.838676, 0.0 ], [ 107.54946, -6.838373, 0.0 ], [ 107.549442, -6.837893, 0.0 ], [ 107.549496, -6.837373, 0.0 ], [ 107.549529, -6.837251, 0.0 ], [ 107.54967, -6.83695, 0.0 ], [ 107.549697, -6.836784, 0.0 ], [ 107.549664, -6.836637, 0.0 ], [ 107.549561, -6.836463, 0.0 ], [ 107.549481, -6.836152, 0.0 ], [ 107.549618, -6.835607, 0.0 ], [ 107.54968, -6.835455, 0.0 ], [ 107.549945, -6.835049, 0.0 ], [ 107.550183, -6.834727, 0.0 ], [ 107.550287, -6.83455, 0.0 ], [ 107.550321, -6.834427, 0.0 ], [ 107.550313, -6.834247, 0.0 ], [ 107.550175, -6.833951, 0.0 ], [ 107.550218, -6.833865, 0.0 ], [ 107.550192, -6.833856, 0.0 ], [ 107.550196, -6.833836, 0.0 ], [ 107.550636, -6.832942, 0.0 ], [ 107.551051, -6.832306, 0.0 ], [ 107.551226, -6.831954, 0.0 ], [ 107.551332, -6.83207, 102.28435 ], [ 107.5518, -6.832733, 102.28435 ], [ 107.551972, -6.83307, 102.28435 ], [ 107.552033, -6.833249, 102.28435 ], [ 107.55209, -6.833524, 102.28435 ], [ 107.552172, -6.833792, 102.28435 ], [ 107.552207, -6.834002, 102.28435 ], [ 107.552219, -6.834214, 102.28435 ], [ 107.552211, -6.834624, 102.28435 ], [ 107.552182, -6.834821, 102.28435 ], [ 107.552067, -6.835202, 102.28435 ], [ 107.551874, -6.835642, 102.28435 ], [ 107.551775, -6.835807, 102.28435 ], [ 107.551518, -6.836138, 102.28435 ], [ 107.551588, -6.836482, 102.28435 ], [ 107.551599, -6.836804, 102.28435 ], [ 107.551588, -6.837015, 102.28435 ], [ 107.551554, -6.837224, 102.28435 ], [ 107.551499, -6.837428, 102.28435 ], [ 107.551375, -6.837793, 102.28435 ], [ 107.551334, -6.838724, 102.28435 ], [ 107.551685, -6.838797, 102.28435 ], [ 107.553039, -6.838823, 102.28435 ], [ 107.553765, -6.838892, 0.0 ], [ 107.553766, -6.838907, 0.0 ] ] ], [ [ [ 107.546696, -6.829843, 0.0 ], [ 107.546536, -6.830204, 0.0 ], [ 107.546426, -6.830555, 0.0 ], [ 107.546287, -6.830812, 0.0 ], [ 107.54625, -6.830796, 0.0 ], [ 107.546203, -6.830801, 0.0 ], [ 107.546139, -6.830849, 0.0 ], [ 107.545892, -6.830948, 0.0 ], [ 107.545564, -6.831442, 0.0 ], [ 107.545331, -6.83169, 0.0 ], [ 107.545194, -6.83186, 0.0 ], [ 107.544677, -6.832346, 0.0 ], [ 107.544413, -6.832496, 0.0 ], [ 107.544716, -6.831422, 0.0 ], [ 107.544636, -6.830321, 0.0 ], [ 107.544423, -6.829911, 0.0 ], [ 107.544649, -6.829759, 102.28435 ], [ 107.545003, -6.829602, 102.28435 ], [ 107.545199, -6.829547, 102.28435 ], [ 107.545398, -6.829512, 102.28435 ], [ 107.545598, -6.829498, 102.28435 ], [ 107.5458, -6.829505, 102.28435 ], [ 107.545999, -6.829531, 102.28435 ], [ 107.546195, -6.829577, 102.28435 ], [ 107.546385, -6.829643, 102.28435 ], [ 107.546568, -6.829727, 102.28435 ], [ 107.546708, -6.82981, 0.0 ], [ 107.546696, -6.829843, 0.0 ] ], [ [ 107.545516, -6.831424, 0.0 ], [ 107.545365, -6.831609, 0.0 ], [ 107.545116, -6.831904, 0.0 ], [ 107.545312, -6.831688, 0.0 ], [ 107.545516, -6.831424, 0.0 ] ] ], [ [ [ 107.569576, -6.878529, 0.0 ], [ 107.56969, -6.878681, 0.0 ], [ 107.569405, -6.878812, 0.0 ], [ 107.569178, -6.878862, 0.0 ], [ 107.569039, -6.878885, 0.0 ], [ 107.568588, -6.878727, 0.0 ], [ 107.568536, -6.878669, 0.0 ], [ 107.568525, -6.878574, 0.0 ], [ 107.568725, -6.877608, 0.0 ], [ 107.56874, -6.877395, 0.0 ], [ 107.568715, -6.877309, 0.0 ], [ 107.56863, -6.877255, 0.0 ], [ 107.568156, -6.877147, 0.0 ], [ 107.567164, -6.876862, 0.0 ], [ 107.567206, -6.876816, 0.0 ], [ 107.567367, -6.87683, 0.0 ], [ 107.567985, -6.877061, 0.0 ], [ 107.568949, -6.877251, 0.0 ], [ 107.568979, -6.877278, 0.0 ], [ 107.569279, -6.877412, 0.0 ], [ 107.56929, -6.877422, 0.0 ], [ 107.569272, -6.877578, 0.0 ], [ 107.569238, -6.877747, 0.0 ], [ 107.569081, -6.877985, 0.0 ], [ 107.568985, -6.878082, 0.0 ], [ 107.568949, -6.878253, 0.0 ], [ 107.568984, -6.878363, 0.0 ], [ 107.569072, -6.878432, 0.0 ], [ 107.569141, -6.878438, 0.0 ], [ 107.569314, -6.878338, 0.0 ], [ 107.569378, -6.87833, 0.0 ], [ 107.569458, -6.878354, 0.0 ], [ 107.569576, -6.878529, 0.0 ] ] ], [ [ [ 107.567784, -6.876618, 0.0 ], [ 107.567604, -6.876474, 0.0 ], [ 107.567569, -6.876426, 0.0 ], [ 107.569234, -6.874636, 0.0 ], [ 107.569424, -6.874802, 0.0 ], [ 107.569554, -6.874946, 0.0 ], [ 107.569749, -6.875236, 0.0 ], [ 107.570057, -6.875403, 0.0 ], [ 107.569788, -6.875799, 0.0 ], [ 107.569585, -6.876133, 0.0 ], [ 107.569123, -6.876697, 0.0 ], [ 107.568969, -6.87707, 0.0 ], [ 107.568029, -6.876885, 0.0 ], [ 107.567757, -6.876777, 0.0 ], [ 107.567801, -6.876647, 0.0 ], [ 107.567784, -6.876618, 0.0 ] ] ], [ [ [ 107.561744, -6.860274, 0.0 ], [ 107.561663, -6.860455, 0.0 ], [ 107.561663, -6.86066, 0.0 ], [ 107.561613, -6.860956, 0.0 ], [ 107.561819, -6.861388, 0.0 ], [ 107.561876, -6.861541, 0.0 ], [ 107.561867, -6.861577, 0.0 ], [ 107.561711, -6.861564, 0.0 ], [ 107.561563, -6.86131, 0.0 ], [ 107.561498, -6.86112, 0.0 ], [ 107.561494, -6.861095, 0.0 ], [ 107.561566, -6.860958, 0.0 ], [ 107.561574, -6.860423, 0.0 ], [ 107.561591, -6.860314, 0.0 ], [ 107.56165, -6.860197, 0.0 ], [ 107.561746, -6.860097, 0.0 ], [ 107.562039, -6.859913, 0.0 ], [ 107.562224, -6.85972, 0.0 ], [ 107.562631, -6.858817, 0.0 ], [ 107.562818, -6.858594, 0.0 ], [ 107.562833, -6.858646, 0.0 ], [ 107.562944, -6.858766, 0.0 ], [ 107.563117, -6.858826, 0.0 ], [ 107.563156, -6.858857, 0.0 ], [ 107.562923, -6.859044, 0.0 ], [ 107.562624, -6.859191, 0.0 ], [ 107.562474, -6.859301, 0.0 ], [ 107.562379, -6.859445, 0.0 ], [ 107.562366, -6.859493, 0.0 ], [ 107.562371, -6.859725, 0.0 ], [ 107.562497, -6.860105, 0.0 ], [ 107.56207, -6.860235, 0.0 ], [ 107.561861, -6.860212, 0.0 ], [ 107.561744, -6.860274, 0.0 ] ] ], [ [ [ 107.562682, -6.860103, 0.0 ], [ 107.562551, -6.859693, 0.0 ], [ 107.562548, -6.859517, 0.0 ], [ 107.562597, -6.859436, 0.0 ], [ 107.562717, -6.859345, 0.0 ], [ 107.563027, -6.859193, 0.0 ], [ 107.563329, -6.85895, 0.0 ], [ 107.56336, -6.858902, 0.0 ], [ 107.563356, -6.858846, 0.0 ], [ 107.563308, -6.858747, 0.0 ], [ 107.563196, -6.858662, 0.0 ], [ 107.563052, -6.858617, 0.0 ], [ 107.563011, -6.858573, 0.0 ], [ 107.563024, -6.858531, 0.0 ], [ 107.563075, -6.858477, 0.0 ], [ 107.563291, -6.858357, 0.0 ], [ 107.563363, -6.858231, 0.0 ], [ 107.563398, -6.858108, 0.0 ], [ 107.563577, -6.858089, 0.0 ], [ 107.563833, -6.858153, 0.0 ], [ 107.563925, -6.858137, 0.0 ], [ 107.564056, -6.858295, 0.0 ], [ 107.564017, -6.858365, 0.0 ], [ 107.563855, -6.858813, 0.0 ], [ 107.563512, -6.85929, 0.0 ], [ 107.563341, -6.859722, 0.0 ], [ 107.563083, -6.859983, 0.0 ], [ 107.562661, -6.860215, 0.0 ], [ 107.562682, -6.860103, 0.0 ] ] ], [ [ [ 107.567993, -6.862633, 0.0 ], [ 107.56775, -6.862488, 0.0 ], [ 107.567828, -6.862382, 0.0 ], [ 107.567582, -6.861933, 0.0 ], [ 107.567742, -6.862231, 0.0 ], [ 107.567237, -6.86276, 0.0 ], [ 107.56725, -6.862584, 0.0 ], [ 107.567228, -6.862855, 0.0 ], [ 107.567534, -6.863126, 0.0 ], [ 107.567136, -6.86367, 0.0 ], [ 107.56745, -6.863948, 0.0 ], [ 107.567392, -6.863974, 0.0 ], [ 107.56722, -6.863908, 0.0 ], [ 107.567153, -6.863816, 0.0 ], [ 107.566927, -6.863791, 0.0 ], [ 107.566663, -6.863845, 0.0 ], [ 107.56653, -6.864047, 0.0 ], [ 107.56633, -6.864944, 0.0 ], [ 107.566183, -6.864945, 0.0 ], [ 107.566138, -6.865193, 0.0 ], [ 107.56594, -6.865217, 0.0 ], [ 107.565729, -6.865082, 0.0 ], [ 107.565891, -6.864537, 0.0 ], [ 107.56588, -6.864385, 0.0 ], [ 107.565775, -6.86423, 0.0 ], [ 107.565774, -6.864122, 0.0 ], [ 107.565804, -6.86404, 0.0 ], [ 107.566041, -6.863804, 0.0 ], [ 107.566092, -6.863518, 0.0 ], [ 107.566091, -6.86337, 0.0 ], [ 107.565695, -6.863574, 0.0 ], [ 107.563975, -6.864652, 0.0 ], [ 107.563477, -6.865357, 0.0 ], [ 107.562819, -6.86475, 0.0 ], [ 107.562765, -6.864667, 0.0 ], [ 107.562756, -6.864616, 0.0 ], [ 107.562781, -6.864475, 0.0 ], [ 107.56282, -6.864378, 0.0 ], [ 107.563102, -6.863824, 0.0 ], [ 107.563241, -6.863511, 0.0 ], [ 107.563314, -6.863227, 0.0 ], [ 107.563314, -6.863106, 0.0 ], [ 107.56329, -6.863001, 0.0 ], [ 107.563247, -6.86291, 0.0 ], [ 107.563122, -6.862765, 0.0 ], [ 107.562975, -6.86266, 0.0 ], [ 107.562541, -6.862418, 0.0 ], [ 107.562423, -6.862335, 0.0 ], [ 107.562182, -6.862107, 0.0 ], [ 107.561861, -6.861758, 0.0 ], [ 107.561931, -6.861754, 0.0 ], [ 107.562022, -6.861681, 0.0 ], [ 107.56204, -6.861649, 0.0 ], [ 107.56206, -6.861532, 0.0 ], [ 107.561985, -6.861315, 0.0 ], [ 107.561797, -6.860926, 0.0 ], [ 107.561842, -6.860685, 0.0 ], [ 107.561843, -6.860486, 0.0 ], [ 107.561893, -6.860395, 0.0 ], [ 107.561964, -6.860415, 0.0 ], [ 107.5621, -6.860414, 0.0 ], [ 107.56258, -6.860268, 0.0 ], [ 107.56235, -6.860461, 0.0 ], [ 107.56214, -6.860863, 0.0 ], [ 107.562619, -6.861235, 0.0 ], [ 107.562665, -6.861208, 0.0 ], [ 107.562732, -6.861217, 0.0 ], [ 107.562753, -6.861316, 0.0 ], [ 107.562742, -6.861346, 0.0 ], [ 107.56288, -6.86144, 0.0 ], [ 107.563047, -6.860895, 0.0 ], [ 107.563193, -6.860598, 0.0 ], [ 107.56359, -6.860181, 0.0 ], [ 107.563563, -6.860173, 0.0 ], [ 107.563872, -6.859846, 0.0 ], [ 107.56406, -6.85989, 0.0 ], [ 107.564135, -6.859736, 0.0 ], [ 107.564076, -6.859673, 0.0 ], [ 107.564288, -6.859121, 0.0 ], [ 107.564395, -6.859008, 0.0 ], [ 107.564448, -6.859323, 0.0 ], [ 107.564531, -6.859569, 0.0 ], [ 107.564572, -6.859756, 0.0 ], [ 107.564599, -6.860094, 0.0 ], [ 107.564855, -6.860258, 0.0 ], [ 107.565503, -6.860572, 0.0 ], [ 107.566256, -6.860743, 0.0 ], [ 107.566622, -6.860797, 0.0 ], [ 107.566811, -6.860853, 0.0 ], [ 107.566993, -6.860927, 0.0 ], [ 107.567331, -6.861128, 0.0 ], [ 107.567484, -6.861252, 0.0 ], [ 107.567749, -6.861543, 0.0 ], [ 107.567952, -6.861879, 0.0 ], [ 107.568085, -6.862249, 0.0 ], [ 107.568126, -6.862456, 0.0 ], [ 107.567993, -6.862633, 0.0 ] ], [ [ 107.567019, -6.861147, 0.0 ], [ 107.566985, -6.861172, 0.0 ], [ 107.566969, -6.8612, 0.0 ], [ 107.567033, -6.861143, 0.0 ], [ 107.567019, -6.861147, 0.0 ] ], [ [ 107.566658, -6.861513, 0.0 ], [ 107.566667, -6.861471, 0.0 ], [ 107.566658, -6.861498, 0.0 ], [ 107.566658, -6.861513, 0.0 ] ], [ [ 107.566763, -6.861422, 0.0 ], [ 107.566707, -6.861431, 0.0 ], [ 107.566667, -6.861471, 0.0 ], [ 107.566763, -6.861422, 0.0 ] ], [ [ 107.566443, -6.861666, 0.0 ], [ 107.566528, -6.861541, 0.0 ], [ 107.566501, -6.86157, 0.0 ], [ 107.566443, -6.861666, 0.0 ] ], [ [ 107.566578, -6.861525, 0.0 ], [ 107.566552, -6.86153, 0.0 ], [ 107.566528, -6.861541, 0.0 ], [ 107.566578, -6.861525, 0.0 ] ], [ [ 107.56727, -6.861901, 0.0 ], [ 107.567287, -6.861851, 0.0 ], [ 107.567288, -6.861824, 0.0 ], [ 107.56727, -6.861901, 0.0 ] ], [ [ 107.566084, -6.862147, 0.0 ], [ 107.566078, -6.862161, 0.0 ], [ 107.566039, -6.862279, 0.0 ], [ 107.566092, -6.862134, 0.0 ], [ 107.566084, -6.862147, 0.0 ] ], [ [ 107.565967, -6.86277, 0.0 ], [ 107.565956, -6.862669, 0.0 ], [ 107.565956, -6.862693, 0.0 ], [ 107.565967, -6.86277, 0.0 ] ], [ [ 107.565985, -6.862444, 0.0 ], [ 107.565982, -6.86246, 0.0 ], [ 107.565956, -6.862669, 0.0 ], [ 107.565985, -6.862444, 0.0 ] ], [ [ 107.566091, -6.863281, 0.0 ], [ 107.566004, -6.863118, 0.0 ], [ 107.566016, -6.863156, 0.0 ], [ 107.566091, -6.863281, 0.0 ] ] ], [ [ [ 107.563606, -6.85791, 0.0 ], [ 107.563426, -6.857923, 0.0 ], [ 107.563444, -6.857755, 0.0 ], [ 107.563715, -6.857937, 0.0 ], [ 107.563606, -6.85791, 0.0 ] ] ], [ [ [ 107.572259, -6.878646, 0.0 ], [ 107.572123, -6.878872, 0.0 ], [ 107.571916, -6.880019, 0.0 ], [ 107.57156, -6.880363, 0.0 ], [ 107.569921, -6.881026, 0.0 ], [ 107.570051, -6.880631, 0.0 ], [ 107.570059, -6.88052, 0.0 ], [ 107.570043, -6.880462, 0.0 ], [ 107.569909, -6.880283, 0.0 ], [ 107.569662, -6.879892, 0.0 ], [ 107.569552, -6.879793, 0.0 ], [ 107.569393, -6.879719, 0.0 ], [ 107.569289, -6.879585, 0.0 ], [ 107.569205, -6.879405, 0.0 ], [ 107.569173, -6.879046, 0.0 ], [ 107.569465, -6.878983, 0.0 ], [ 107.569813, -6.878822, 0.0 ], [ 107.569842, -6.87879, 0.0 ], [ 107.569864, -6.87873, 0.0 ], [ 107.57024, -6.87846, 0.0 ], [ 107.570787, -6.877848, 0.0 ], [ 107.570811, -6.877776, 0.0 ], [ 107.570752, -6.877574, 0.0 ], [ 107.570803, -6.877446, 0.0 ], [ 107.570975, -6.876873, 0.0 ], [ 107.570987, -6.876918, 0.0 ], [ 107.571177, -6.876989, 0.0 ], [ 107.571523, -6.877183, 0.0 ], [ 107.571825, -6.877442, 0.0 ], [ 107.571955, -6.877593, 0.0 ], [ 107.572167, -6.877929, 0.0 ], [ 107.572265, -6.878144, 0.0 ], [ 107.572324, -6.878324, 0.0 ], [ 107.572369, -6.878526, 0.0 ], [ 107.572259, -6.878646, 0.0 ] ] ], [ [ [ 107.570952, -6.876789, 0.0 ], [ 107.570907, -6.876747, 0.0 ], [ 107.570861, -6.87674, 0.0 ], [ 107.570817, -6.876757, 0.0 ], [ 107.570788, -6.876794, 0.0 ], [ 107.57079, -6.876876, 0.0 ], [ 107.570632, -6.877389, 0.0 ], [ 107.570567, -6.877551, 0.0 ], [ 107.57062, -6.877761, 0.0 ], [ 107.570109, -6.878335, 0.0 ], [ 107.569821, -6.878541, 0.0 ], [ 107.569555, -6.878195, 0.0 ], [ 107.569375, -6.878149, 0.0 ], [ 107.569243, -6.87817, 0.0 ], [ 107.569133, -6.87824, 0.0 ], [ 107.569144, -6.878175, 0.0 ], [ 107.569226, -6.878093, 0.0 ], [ 107.569409, -6.877811, 0.0 ], [ 107.569476, -6.877385, 0.0 ], [ 107.569457, -6.877334, 0.0 ], [ 107.569382, -6.877262, 0.0 ], [ 107.569135, -6.877144, 0.0 ], [ 107.569177, -6.877019, 0.0 ], [ 107.569275, -6.876796, 0.0 ], [ 107.569734, -6.876235, 0.0 ], [ 107.570203, -6.87551, 0.0 ], [ 107.570446, -6.875738, 0.0 ], [ 107.570566, -6.875887, 0.0 ], [ 107.570671, -6.876046, 0.0 ], [ 107.57081, -6.876334, 0.0 ], [ 107.570687, -6.876458, 0.0 ], [ 107.570655, -6.87662, 0.0 ], [ 107.570665, -6.876663, 0.0 ], [ 107.570721, -6.876709, 0.0 ], [ 107.570793, -6.876699, 0.0 ], [ 107.570824, -6.876668, 0.0 ], [ 107.570853, -6.876542, 0.0 ], [ 107.570875, -6.876526, 0.0 ], [ 107.570952, -6.876789, 0.0 ] ] ] ] } }
]
}
