{
"type": "FeatureCollection",
"name": "lbs_cimahi",
"crs": { "type": "name", "properties": { "name": "urn:ogc:def:crs:OGC:1.3:CRS84" } },
"features": [
{ "type": "Feature", "properties": { "NAMOBJ": "Sawah", "JSWH": "Non Irigasi", "CTKSWH": "Tidak Ada Cetak Sawah", "LUASHA": 2.1810168010899999e-05, "WADMKK": "Kota Cimahi" }, "geometry": { "type": "Polygon", "coordinates": [ [ [ 107.533794, -6.914228, 0.0 ], [ 107.53379, -6.914231, 0.0 ], [ 107.533803, -6.914213, 0.0 ], [ 107.533799, -6.914221, 0.0 ], [ 107.533794, -6.914228, 0.0 ] ] ] } },
{ "type": "Feature", "properties": { "NAMOBJ": "Sawah", "JSWH": "Non Irigasi", "CTKSWH": "Tidak Ada Cetak Sawah", "LUASHA": 3.6009503440199997e-05, "WADMKK": "Kota Cimahi" }, "geometry": { "type": "Polygon", "coordinates": [ [ [ 107.533176, -6.917359, 0.0 ], [ 107.533175, -6.91736, 0.0 ], [ 107.533175, -6.917326, 0.0 ], [ 107.533177, -6.917356, 0.0 ], [ 107.533176, -6.917359, 0.0 ] ] ] } },
{ "type": "Feature", "properties": { "NAMOBJ": "Sawah", "JSWH": "Tadah Hujan", "CTKSWH": "Tidak Ada Cetak Sawah", "LUASHA": 3.9181427922000003e-05, "WADMKK": "Kota Cimahi" }, "geometry": { "type": "Polygon", "coordinates": [ [ [ 107.51452, -6.893443, 0.0 ], [ 107.514543, -6.893456, 0.0 ], [ 107.514529, -6.893451, 0.0 ], [ 107.51452, -6.893443, 0.0 ] ] ] } },
{ "type": "Feature", "properties": { "NAMOBJ": "Sawah", "JSWH": "Non Irigasi", "CTKSWH": "Tidak Ada Cetak Sawah", "LUASHA": 3.9210589941700003e-05, "WADMKK": "Kota Cimahi" }, "geometry": { "type": "Polygon", "coordinates": [ [ [ 107.533176, -6.917126, 0.0 ], [ 107.533175, -6.91713, 0.0 ], [ 107.533175, -6.917099, 0.0 ], [ 107.533177, -6.917106, 0.0 ], [ 107.533176, -6.917126, 0.0 ] ] ] } },
{ "type": "Feature", "properties": { "NAMOBJ": "Sawah", "JSWH": "Non Irigasi", "CTKSWH": "Tidak Ada Cetak Sawah", "LUASHA": 4.5237993609300002e-05, "WADMKK": "Kota Cimahi" }, "geometry": { "type": "Polygon", "coordinates": [ [ [ 107.531972, -6.911863, 0.0 ], [ 107.531965, -6.911862, 0.0 ], [ 107.531971, -6.911854, 0.0 ], [ 107.531972, -6.911863, 0.0 ] ] ] } },
{ "type": "Feature", "properties": { "NAMOBJ": "Sawah", "JSWH": "Non Irigasi", "CTKSWH": "Tidak Ada Cetak Sawah", "LUASHA": 8.7973978250800006e-05, "WADMKK": "Kota Cimahi" }, "geometry": { "type": "Polygon", "coordinates": [ [ [ 107.530732, -6.913628, 0.0 ], [ 107.530736, -6.91361, 0.0 ], [ 107.530745, -6.913603, 0.0 ], [ 107.530732, -6.913628, 0.0 ] ] ] } },
{ "type": "Feature", "properties": { "NAMOBJ": "Sawah", "JSWH": "Tadah Hujan", "CTKSWH": "Tidak Ada Cetak Sawah", "LUASHA": 0.000154342325858, "WADMKK": "Kota Cimahi" }, "geometry": { "type": "Polygon", "coordinates": [ [ [ 107.514498, -6.893396, 0.0 ], [ 107.514495, -6.89342, 0.0 ], [ 107.514489, -6.893415, 0.0 ], [ 107.5145, -6.893386, 0.0 ], [ 107.514504, -6.893385, 0.0 ], [ 107.514498, -6.893396, 0.0 ] ] ] } },
{ "type": "Feature", "properties": { "NAMOBJ": "Sawah", "JSWH": "Non Irigasi", "CTKSWH": "Tidak Ada Cetak Sawah", "LUASHA": 0.00017365347784, "WADMKK": "Kota Cimahi" }, "geometry": { "type": "Polygon", "coordinates": [ [ [ 107.531864, -6.912665, 0.0 ], [ 107.531844, -6.91268, 0.0 ], [ 107.531872, -6.91265, 0.0 ], [ 107.531882, -6.912653, 0.0 ], [ 107.531864, -6.912665, 0.0 ] ] ] } },
{ "type": "Feature", "properties": { "NAMOBJ": "Sawah", "JSWH": "Non Irigasi", "CTKSWH": "Tidak Ada Cetak Sawah", "LUASHA": 0.00020545310819400001, "WADMKK": "Kota Cimahi" }, "geometry": { "type": "Polygon", "coordinates": [ [ [ 107.533179, -6.916955, 0.0 ], [ 107.533175, -6.91696, 0.0 ], [ 107.533175, -6.91692, 0.0 ], [ 107.533182, -6.916943, 0.0 ], [ 107.533179, -6.916955, 0.0 ] ] ] } },
{ "type": "Feature", "properties": { "NAMOBJ": "Sawah", "JSWH": "Non Irigasi", "CTKSWH": "Tidak Ada Cetak Sawah", "LUASHA": 0.00025951998281600002, "WADMKK": "Kota Cimahi" }, "geometry": { "type": "Polygon", "coordinates": [ [ [ 107.53363, -6.914897, 0.0 ], [ 107.533624, -6.914895, 0.0 ], [ 107.533599, -6.914822, 0.0 ], [ 107.533604, -6.914825, 0.0 ], [ 107.53363, -6.914897, 0.0 ] ] ] } },
{ "type": "Feature", "properties": { "NAMOBJ": "Sawah", "JSWH": "Non Irigasi", "CTKSWH": "Tidak Ada Cetak Sawah", "LUASHA": 0.000346074400574, "WADMKK": "Kota Cimahi" }, "geometry": { "type": "Polygon", "coordinates": [ [ [ 107.530921, -6.916748, 0.0 ], [ 107.530897, -6.916748, 0.0 ], [ 107.530896, -6.916716, 0.0 ], [ 107.530914, -6.916745, 0.0 ], [ 107.530921, -6.916748, 0.0 ] ] ] } },
{ "type": "Feature", "properties": { "NAMOBJ": "Sawah", "JSWH": "Tadah Hujan", "CTKSWH": "Tidak Ada Cetak Sawah", "LUASHA": 0.000433228452664, "WADMKK": "Kota Cimahi" }, "geometry": { "type": "Polygon", "coordinates": [ [ [ 107.514825, -6.893623, 0.0 ], [ 107.514775, -6.893628, 0.0 ], [ 107.514855, -6.893606, 0.0 ], [ 107.514825, -6.893623, 0.0 ] ] ] } },
{ "type": "Feature", "properties": { "NAMOBJ": "Sawah", "JSWH": "Non Irigasi", "CTKSWH": "Tidak Ada Cetak Sawah", "LUASHA": 0.00054033341006200003, "WADMKK": "Kota Cimahi" }, "geometry": { "type": "Polygon", "coordinates": [ [ [ 107.532037, -6.912539, 0.0 ], [ 107.531994, -6.91257, 0.0 ], [ 107.531945, -6.912606, 0.0 ], [ 107.531975, -6.912577, 0.0 ], [ 107.532042, -6.912535, 0.0 ], [ 107.532037, -6.912539, 0.0 ] ] ] } },
{ "type": "Feature", "properties": { "NAMOBJ": "Sawah", "JSWH": "Non Irigasi", "CTKSWH": "Tidak Ada Cetak Sawah", "LUASHA": 0.00074987242029300001, "WADMKK": "Kota Cimahi" }, "geometry": { "type": "Polygon", "coordinates": [ [ [ 107.546914, -6.917977, 0.0 ], [ 107.546832, -6.918094, 0.0 ], [ 107.546923, -6.917949, 0.0 ], [ 107.546914, -6.917977, 0.0 ] ] ] } },
{ "type": "Feature", "properties": { "NAMOBJ": "Sawah", "JSWH": "Non Irigasi", "CTKSWH": "Tidak Ada Cetak Sawah", "LUASHA": 0.00078404775756199996, "WADMKK": "Kota Cimahi" }, "geometry": { "type": "MultiPolygon", "coordinates": [ [ [ [ 107.530891, -6.916681, 0.0 ], [ 107.530892, -6.916693, 0.0 ], [ 107.530889, -6.916685, 0.0 ], [ 107.530891, -6.916681, 0.0 ] ] ], [ [ [ 107.530876, -6.916576, 0.0 ], [ 107.53089, -6.916675, 0.0 ], [ 107.530869, -6.91662, 0.0 ], [ 107.530876, -6.916576, 0.0 ] ] ] ] } },
{ "type": "Feature", "properties": { "NAMOBJ": "Sawah", "JSWH": "Non Irigasi", "CTKSWH": "Tidak Ada Cetak Sawah", "LUASHA": 0.00087109634679499997, "WADMKK": "Kota Cimahi" }, "geometry": { "type": "Polygon", "coordinates": [ [ [ 107.532102, -6.911438, 0.0 ], [ 107.532097, -6.911447, 0.0 ], [ 107.532047, -6.911411, 0.0 ], [ 107.532075, -6.91141, 0.0 ], [ 107.532102, -6.911438, 0.0 ] ] ] } },
{ "type": "Feature", "properties": { "NAMOBJ": "Sawah", "JSWH": "Tadah Hujan", "CTKSWH": "Tidak Ada Cetak Sawah", "LUASHA": 0.00093707315160799999, "WADMKK": "Kota Cimahi" }, "geometry": { "type": "Polygon", "coordinates": [ [ [ 107.514667, -6.893551, 0.0 ], [ 107.514685, -6.89359, 0.0 ], [ 107.514614, -6.893506, 0.0 ], [ 107.514667, -6.893551, 0.0 ] ] ] } },
{ "type": "Feature", "properties": { "NAMOBJ": "Sawah", "JSWH": "Non Irigasi", "CTKSWH": "Tidak Ada Cetak Sawah", "LUASHA": 0.0030859241497000001, "WADMKK": "Kota Cimahi" }, "geometry": { "type": "MultiPolygon", "coordinates": [ [ [ [ 107.552964, -6.915373, 0.0 ], [ 107.552862, -6.915498, 0.0 ], [ 107.552979, -6.915332, 0.0 ], [ 107.552964, -6.915373, 0.0 ] ] ], [ [ [ 107.553218, -6.914422, 0.0 ], [ 107.553205, -6.914484, 0.0 ], [ 107.553177, -6.914467, 0.0 ], [ 107.553194, -6.914431, 0.0 ], [ 107.553218, -6.914422, 0.0 ] ] ] ] } },
{ "type": "Feature", "properties": { "NAMOBJ": "Sawah", "JSWH": "Non Irigasi", "CTKSWH": "Tidak Ada Cetak Sawah", "LUASHA": 0.0055246630307300001, "WADMKK": "Kota Cimahi" }, "geometry": { "type": "Polygon", "coordinates": [ [ [ 107.533807, -6.910488, 0.0 ], [ 107.533758, -6.91039, 0.0 ], [ 107.533729, -6.910271, 0.0 ], [ 107.533755, -6.910293, 0.0 ], [ 107.533758, -6.910316, 0.0 ], [ 107.533781, -6.910341, 0.0 ], [ 107.533798, -6.910414, 0.0 ], [ 107.533791, -6.910446, 0.0 ], [ 107.533809, -6.910467, 0.0 ], [ 107.533807, -6.910488, 0.0 ] ] ] } },
{ "type": "Feature", "properties": { "NAMOBJ": "Sawah", "JSWH": "Non Irigasi", "CTKSWH": "Tidak Ada Cetak Sawah", "LUASHA": 0.0043991994823899998, "WADMKK": "Kota Cimahi" }, "geometry": { "type": "Polygon", "coordinates": [ [ [ 107.535023, -6.915437, 0.0 ], [ 107.535008, -6.915456, 0.0 ], [ 107.53502, -6.915402, 0.0 ], [ 107.535059, -6.915339, 0.0 ], [ 107.535101, -6.915298, 0.0 ], [ 107.535113, -6.915305, 0.0 ], [ 107.535023, -6.915437, 0.0 ] ] ] } },
{ "type": "Feature", "properties": { "NAMOBJ": "Sawah", "JSWH": "Tadah Hujan", "CTKSWH": "Tidak Ada Cetak Sawah", "LUASHA": 0.0085009124994300002, "WADMKK": "Kota Cimahi" }, "geometry": { "type": "Polygon", "coordinates": [ [ [ 107.514416, -6.893178, 0.0 ], [ 107.514316, -6.893302, 0.0 ], [ 107.514319, -6.893234, 0.0 ], [ 107.514333, -6.893154, 0.0 ], [ 107.514416, -6.893178, 0.0 ] ] ] } },
{ "type": "Feature", "properties": { "NAMOBJ": "Sawah", "JSWH": "Non Irigasi", "CTKSWH": "Tidak Ada Cetak Sawah", "LUASHA": 0.010376421875, "WADMKK": "Kota Cimahi" }, "geometry": { "type": "Polygon", "coordinates": [ [ [ 107.530616, -6.91202, 0.0 ], [ 107.53057, -6.912089, 0.0 ], [ 107.530539, -6.912116, 0.0 ], [ 107.53049, -6.912118, 0.0 ], [ 107.530514, -6.912038, 0.0 ], [ 107.530526, -6.912028, 0.0 ], [ 107.530538, -6.912031, 0.0 ], [ 107.530551, -6.911991, 0.0 ], [ 107.530563, -6.911988, 0.0 ], [ 107.530616, -6.91202, 0.0 ] ] ] } },
{ "type": "Feature", "properties": { "NAMOBJ": "Sawah", "JSWH": "Non Irigasi", "CTKSWH": "Tidak Ada Cetak Sawah", "LUASHA": 0.0180820574056, "WADMKK": "Kota Cimahi" }, "geometry": { "type": "Polygon", "coordinates": [ [ [ 107.530657, -6.913733, 0.0 ], [ 107.530681, -6.913733, 0.0 ], [ 107.530648, -6.913771, 0.0 ], [ 107.530624, -6.913775, 0.0 ], [ 107.530589, -6.913748, 0.0 ], [ 107.530525, -6.913677, 0.0 ], [ 107.53049, -6.913652, 0.0 ], [ 107.530485, -6.913638, 0.0 ], [ 107.530519, -6.913577, 0.0 ], [ 107.530535, -6.913565, 0.0 ], [ 107.530642, -6.913721, 0.0 ], [ 107.530657, -6.913733, 0.0 ] ] ] } },
{ "type": "Feature", "properties": { "NAMOBJ": "Sawah", "JSWH": "Non Irigasi", "CTKSWH": "Tidak Ada Cetak Sawah", "LUASHA": 0.0182602907537, "WADMKK": "Kota Cimahi" }, "geometry": { "type": "MultiPolygon", "coordinates": [ [ [ [ 107.519989, -6.916119, 0.0 ], [ 107.519928, -6.916119, 0.0 ], [ 107.51984, -6.916098, 0.0 ], [ 107.519915, -6.916098, 0.0 ], [ 107.519989, -6.916119, 0.0 ] ] ], [ [ [ 107.519502, -6.916001, 0.0 ], [ 107.519525, -6.916012, 0.0 ], [ 107.519478, -6.915997, 0.0 ], [ 107.519502, -6.916001, 0.0 ] ] ], [ [ [ 107.518548, -6.915972, 0.0 ], [ 107.518551, -6.91598, 0.0 ], [ 107.518536, -6.915973, 0.0 ], [ 107.518538, -6.915964, 0.0 ], [ 107.518548, -6.915972, 0.0 ] ] ], [ [ [ 107.520195, -6.916119, 0.0 ], [ 107.520184, -6.916119, 0.0 ], [ 107.520207, -6.916092, 0.0 ], [ 107.520238, -6.915926, 0.0 ], [ 107.520238, -6.915879, 0.0 ], [ 107.520305, -6.915899, 0.0 ], [ 107.520299, -6.915978, 0.0 ], [ 107.520195, -6.916119, 0.0 ] ] ], [ [ [ 107.518688, -6.915845, 0.0 ], [ 107.518632, -6.916, 0.0 ], [ 107.518654, -6.91586, 0.0 ], [ 107.518665, -6.915843, 0.0 ], [ 107.518688, -6.915845, 0.0 ] ] ], [ [ [ 107.518869, -6.915843, 0.0 ], [ 107.518918, -6.915858, 0.0 ], [ 107.518848, -6.915842, 0.0 ], [ 107.518857, -6.915837, 0.0 ], [ 107.518869, -6.915843, 0.0 ] ] ] ] } },
{ "type": "Feature", "properties": { "NAMOBJ": "Sawah", "JSWH": "Non Irigasi", "CTKSWH": "Tidak Ada Cetak Sawah", "LUASHA": 0.020862496937199999, "WADMKK": "Kota Cimahi" }, "geometry": { "type": "Polygon", "coordinates": [ [ [ 107.520318, -6.915732, 0.0 ], [ 107.520305, -6.915899, 0.0 ], [ 107.520238, -6.915879, 0.0 ], [ 107.520209, -6.915764, 0.0 ], [ 107.520171, -6.915696, 0.0 ], [ 107.520318, -6.915732, 0.0 ] ] ] } },
{ "type": "Feature", "properties": { "NAMOBJ": "Sawah", "JSWH": "Tadah Hujan", "CTKSWH": "Tidak Ada Cetak Sawah", "LUASHA": 0.022666997832100001, "WADMKK": "Kota Cimahi" }, "geometry": { "type": "Polygon", "coordinates": [ [ [ 107.514705, -6.896139, 0.0 ], [ 107.514705, -6.896153, 0.0 ], [ 107.514687, -6.896146, 0.0 ], [ 107.514664, -6.896202, 0.0 ], [ 107.514565, -6.896185, 0.0 ], [ 107.51444, -6.896185, 0.0 ], [ 107.51441, -6.896193, 0.0 ], [ 107.514204, -6.896142, 0.0 ], [ 107.514705, -6.896139, 0.0 ] ] ] } },
{ "type": "Feature", "properties": { "NAMOBJ": "Sawah", "JSWH": "Non Irigasi", "CTKSWH": "Tidak Ada Cetak Sawah", "LUASHA": 0.023692460830300001, "WADMKK": "Kota Cimahi" }, "geometry": { "type": "Polygon", "coordinates": [ [ [ 107.541767, -6.913223, 0.0 ], [ 107.541757, -6.913233, 0.0 ], [ 107.541334, -6.912455, 0.0 ], [ 107.541152, -6.912161, 0.0 ], [ 107.541243, -6.912261, 0.0 ], [ 107.541767, -6.913223, 0.0 ] ] ] } },
{ "type": "Feature", "properties": { "NAMOBJ": "Sawah", "JSWH": "Non Irigasi", "CTKSWH": "Tidak Ada Cetak Sawah", "LUASHA": 0.035887865065200003, "WADMKK": "Kota Cimahi" }, "geometry": { "type": "Polygon", "coordinates": [ [ [ 107.551788, -6.90512, 0.0 ], [ 107.551777, -6.905148, 0.0 ], [ 107.551338, -6.904955, 0.0 ], [ 107.551335, -6.904854, 0.0 ], [ 107.551421, -6.904442, 0.0 ], [ 107.551539, -6.90448, 0.0 ], [ 107.55143, -6.904559, 0.0 ], [ 107.551412, -6.904589, 0.0 ], [ 107.551349, -6.904892, 0.0 ], [ 107.551358, -6.904938, 0.0 ], [ 107.551788, -6.90512, 0.0 ] ] ] } },
{ "type": "Feature", "properties": { "NAMOBJ": "Sawah", "JSWH": "Non Irigasi", "CTKSWH": "Tidak Ada Cetak Sawah", "LUASHA": 0.038929764074900002, "WADMKK": "Kota Cimahi" }, "geometry": { "type": "MultiPolygon", "coordinates": [ [ [ [ 107.544642, -6.922063, 0.0 ], [ 107.544641, -6.922135, 0.0 ], [ 107.544607, -6.922129, 0.0 ], [ 107.544593, -6.922054, 0.0 ], [ 107.544642, -6.922063, 0.0 ] ] ], [ [ [ 107.544948, -6.921748, 0.0 ], [ 107.544948, -6.921757, 0.0 ], [ 107.544842, -6.921751, 0.0 ], [ 107.544804, -6.921491, 0.0 ], [ 107.544932, -6.9215, 0.0 ], [ 107.544923, -6.921575, 0.0 ], [ 107.544948, -6.921748, 0.0 ] ] ] ] } },
{ "type": "Feature", "properties": { "NAMOBJ": "Sawah", "JSWH": "Non Irigasi", "CTKSWH": "Tidak Ada Cetak Sawah", "LUASHA": 0.0419095309863, "WADMKK": "Kota Cimahi" }, "geometry": { "type": "MultiPolygon", "coordinates": [ [ [ [ 107.532075, -6.91141, 0.0 ], [ 107.532047, -6.911411, 0.0 ], [ 107.532023, -6.911393, 0.0 ], [ 107.53203, -6.911382, 0.0 ], [ 107.53199, -6.911349, 0.0 ], [ 107.532044, -6.911378, 0.0 ], [ 107.532075, -6.91141, 0.0 ] ] ], [ [ [ 107.53192, -6.91131, 0.0 ], [ 107.531916, -6.911316, 0.0 ], [ 107.531545, -6.911109, 0.0 ], [ 107.531547, -6.911095, 0.0 ], [ 107.53192, -6.91131, 0.0 ] ] ], [ [ [ 107.531435, -6.910404, 0.0 ], [ 107.531456, -6.910449, 0.0 ], [ 107.531424, -6.910405, 0.0 ], [ 107.531263, -6.910269, 0.0 ], [ 107.531279, -6.91024, 0.0 ], [ 107.531336, -6.910272, 0.0 ], [ 107.531435, -6.910404, 0.0 ] ] ], [ [ [ 107.531175, -6.910172, 0.0 ], [ 107.531171, -6.91018, 0.0 ], [ 107.531103, -6.910115, 0.0 ], [ 107.531048, -6.910022, 0.0 ], [ 107.531175, -6.910172, 0.0 ] ] ], [ [ [ 107.532331, -6.909216, 0.0 ], [ 107.53234, -6.909224, 0.0 ], [ 107.532344, -6.909304, 0.0 ], [ 107.532327, -6.909283, 0.0 ], [ 107.532291, -6.909154, 0.0 ], [ 107.532318, -6.909181, 0.0 ], [ 107.532331, -6.909216, 0.0 ] ] ], [ [ [ 107.531434, -6.909235, 0.0 ], [ 107.531399, -6.909272, 0.0 ], [ 107.53146, -6.909196, 0.0 ], [ 107.531481, -6.909106, 0.0 ], [ 107.531541, -6.908924, 0.0 ], [ 107.531562, -6.90889, 0.0 ], [ 107.531599, -6.908853, 0.0 ], [ 107.531597, -6.908932, 0.0 ], [ 107.531549, -6.90909, 0.0 ], [ 107.531434, -6.909235, 0.0 ] ] ], [ [ [ 107.531542, -6.908712, 0.0 ], [ 107.531564, -6.908746, 0.0 ], [ 107.531522, -6.908745, 0.0 ], [ 107.531518, -6.908695, 0.0 ], [ 107.531542, -6.908712, 0.0 ] ] ] ] } },
{ "type": "Feature", "properties": { "NAMOBJ": "Sawah", "JSWH": "Non Irigasi", "CTKSWH": "Tidak Ada Cetak Sawah", "LUASHA": 0.064687722578799997, "WADMKK": "Kota Cimahi" }, "geometry": { "type": "MultiPolygon", "coordinates": [ [ [ [ 107.547374, -6.915594, 0.0 ], [ 107.547365, -6.91562, 0.0 ], [ 107.547363, -6.915367, 0.0 ], [ 107.547437, -6.915367, 0.0 ], [ 107.547374, -6.915594, 0.0 ] ] ], [ [ [ 107.548271, -6.915843, 0.0 ], [ 107.548123, -6.915844, 0.0 ], [ 107.548181, -6.915657, 0.0 ], [ 107.548229, -6.915326, 0.0 ], [ 107.548268, -6.915359, 0.0 ], [ 107.548271, -6.915843, 0.0 ] ] ], [ [ [ 107.547363, -6.915263, 0.0 ], [ 107.547363, -6.915264, 0.0 ], [ 107.547362, -6.91521, 0.0 ], [ 107.547376, -6.915218, 0.0 ], [ 107.547363, -6.915263, 0.0 ] ] ] ] } },
{ "type": "Feature", "properties": { "NAMOBJ": "Sawah", "JSWH": "Non Irigasi", "CTKSWH": "Tidak Ada Cetak Sawah", "LUASHA": 0.066576792820099998, "WADMKK": "Kota Cimahi" }, "geometry": { "type": "Polygon", "coordinates": [ [ [ 107.546832, -6.918094, 0.0 ], [ 107.546819, -6.918112, 0.0 ], [ 107.546748, -6.918054, 0.0 ], [ 107.546743, -6.918016, 0.0 ], [ 107.546803, -6.91795, 0.0 ], [ 107.546699, -6.917701, 0.0 ], [ 107.5468, -6.91772, 0.0 ], [ 107.546962, -6.917816, 0.0 ], [ 107.546923, -6.917949, 0.0 ], [ 107.546832, -6.918094, 0.0 ] ] ] } },
{ "type": "Feature", "properties": { "NAMOBJ": "Sawah", "JSWH": "Tadah Hujan", "CTKSWH": "Tidak Ada Cetak Sawah", "LUASHA": 0.0720496713131, "WADMKK": "Kota Cimahi" }, "geometry": { "type": "Polygon", "coordinates": [ [ [ 107.5145, -6.88786, 0.0 ], [ 107.514527, -6.888039, 0.0 ], [ 107.514483, -6.888032, 0.0 ], [ 107.514453, -6.888061, 0.0 ], [ 107.514373, -6.88811, 0.0 ], [ 107.514266, -6.888131, 0.0 ], [ 107.514226, -6.888089, 0.0 ], [ 107.514179, -6.887966, 0.0 ], [ 107.514131, -6.88794, 0.0 ], [ 107.514149, -6.887934, 0.0 ], [ 107.514274, -6.887969, 0.0 ], [ 107.514352, -6.887904, 0.0 ], [ 107.514348, -6.887879, 0.0 ], [ 107.5145, -6.88786, 0.0 ] ] ] } },
{ "type": "Feature", "properties": { "NAMOBJ": "Sawah", "JSWH": "Non Irigasi", "CTKSWH": "Tidak Ada Cetak Sawah", "LUASHA": 0.083633905572200004, "WADMKK": "Kota Cimahi" }, "geometry": { "type": "Polygon", "coordinates": [ [ [ 107.52889, -6.885105, 0.0 ], [ 107.529269, -6.885267, 0.0 ], [ 107.529294, -6.885288, 0.0 ], [ 107.529276, -6.885361, 0.0 ], [ 107.529243, -6.885446, 0.0 ], [ 107.528835, -6.88522, 0.0 ], [ 107.52889, -6.885105, 0.0 ] ] ] } },
{ "type": "Feature", "properties": { "NAMOBJ": "Non Sawah", "JSWH": "Non Irigasi", "CTKSWH": "Tidak Ada Cetak Sawah", "LUASHA": 0.0866655146721, "WADMKK": "Kota Cimahi" }, "geometry": { "type": "Polygon", "coordinates": [ [ [ 107.554716, -6.915517, 0.0 ], [ 107.554654, -6.915632, 0.0 ], [ 107.554519, -6.915801, 0.0 ], [ 107.554291, -6.915637, 0.0 ], [ 107.554362, -6.915543, 0.0 ], [ 107.554412, -6.915493, 0.0 ], [ 107.554539, -6.915571, 0.0 ], [ 107.554632, -6.915472, 0.0 ], [ 107.554716, -6.915517, 0.0 ] ] ] } },
{ "type": "Feature", "properties": { "NAMOBJ": "Sawah", "JSWH": "Tadah Hujan", "CTKSWH": "Tidak Ada Cetak Sawah", "LUASHA": 0.087613439646300001, "WADMKK": "Kota Cimahi" }, "geometry": { "type": "Polygon", "coordinates": [ [ [ 107.514919, -6.892713, 0.0 ], [ 107.515001, -6.892752, 0.0 ], [ 107.515033, -6.89275, 0.0 ], [ 107.515178, -6.892774, 0.0 ], [ 107.515252, -6.8928, 0.0 ], [ 107.515374, -6.89291, 0.0 ], [ 107.515463, -6.892969, 0.0 ], [ 107.515513, -6.893019, 0.0 ], [ 107.515529, -6.893061, 0.0 ], [ 107.51549, -6.893092, 0.0 ], [ 107.51543, -6.893065, 0.0 ], [ 107.515413, -6.893079, 0.0 ], [ 107.515321, -6.892941, 0.0 ], [ 107.515279, -6.892893, 0.0 ], [ 107.515075, -6.892781, 0.0 ], [ 107.514848, -6.892728, 0.0 ], [ 107.514659, -6.892808, 0.0 ], [ 107.514514, -6.892993, 0.0 ], [ 107.514459, -6.893101, 0.0 ], [ 107.514571, -6.892739, 0.0 ], [ 107.514589, -6.892729, 0.0 ], [ 107.514816, -6.892706, 0.0 ], [ 107.514919, -6.892713, 0.0 ] ] ] } },
{ "type": "Feature", "properties": { "NAMOBJ": "Sawah", "JSWH": "Non Irigasi", "CTKSWH": "Tidak Ada Cetak Sawah", "LUASHA": 0.093603731887899999, "WADMKK": "Kota Cimahi" }, "geometry": { "type": "MultiPolygon", "coordinates": [ [ [ [ 107.514397, -6.888105, 0.0 ], [ 107.514373, -6.88811, 0.0 ], [ 107.514453, -6.888061, 0.0 ], [ 107.514441, -6.88808, 0.0 ], [ 107.514397, -6.888105, 0.0 ] ] ], [ [ [ 107.514352, -6.887904, 0.0 ], [ 107.514274, -6.887969, 0.0 ], [ 107.514149, -6.887934, 0.0 ], [ 107.514131, -6.88794, 0.0 ], [ 107.514133, -6.887897, 0.0 ], [ 107.514177, -6.887889, 0.0 ], [ 107.514348, -6.887879, 0.0 ], [ 107.514352, -6.887904, 0.0 ] ] ], [ [ [ 107.514574, -6.887808, 0.0 ], [ 107.514591, -6.887823, 0.0 ], [ 107.514629, -6.887817, 0.0 ], [ 107.51465, -6.887851, 0.0 ], [ 107.514645, -6.887917, 0.0 ], [ 107.514664, -6.887974, 0.0 ], [ 107.514664, -6.888012, 0.0 ], [ 107.51464, -6.888027, 0.0 ], [ 107.514583, -6.888027, 0.0 ], [ 107.514567, -6.888043, 0.0 ], [ 107.514541, -6.888043, 0.0 ], [ 107.514524, -6.88804, 0.0 ], [ 107.5145, -6.88786, 0.0 ], [ 107.5144, -6.887871, 0.0 ], [ 107.514435, -6.887813, 0.0 ], [ 107.514441, -6.887753, 0.0 ], [ 107.514418, -6.88754, 0.0 ], [ 107.514493, -6.887515, 0.0 ], [ 107.51451, -6.887527, 0.0 ], [ 107.514519, -6.887621, 0.0 ], [ 107.514498, -6.887653, 0.0 ], [ 107.514502, -6.887691, 0.0 ], [ 107.514551, -6.887721, 0.0 ], [ 107.514574, -6.887808, 0.0 ] ] ] ] } },
{ "type": "Feature", "properties": { "NAMOBJ": "Sawah", "JSWH": "Non Irigasi", "CTKSWH": "Tidak Ada Cetak Sawah", "LUASHA": 0.096548274018800007, "WADMKK": "Kota Cimahi" }, "geometry": { "type": "Polygon", "coordinates": [ [ [ 107.551364, -6.904376, 0.0 ], [ 107.551348, -6.904409, 0.0 ], [ 107.551326, -6.904392, 0.0 ], [ 107.551307, -6.904413, 0.0 ], [ 107.55101, -6.904318, 0.0 ], [ 107.551069, -6.904139, 0.0 ], [ 107.551094, -6.904089, 0.0 ], [ 107.551385, -6.904196, 0.0 ], [ 107.551364, -6.904376, 0.0 ] ] ] } },
{ "type": "Feature", "properties": { "NAMOBJ": "Sawah", "JSWH": "Non Irigasi", "CTKSWH": "Tidak Ada Cetak Sawah", "LUASHA": 0.1000603032, "WADMKK": "Kota Cimahi" }, "geometry": { "type": "Polygon", "coordinates": [ [ [ 107.530076, -6.912484, 0.0 ], [ 107.530049, -6.912575, 0.0 ], [ 107.529965, -6.91273, 0.0 ], [ 107.529935, -6.912832, 0.0 ], [ 107.530025, -6.913132, 0.0 ], [ 107.530073, -6.91318, 0.0 ], [ 107.530133, -6.913174, 0.0 ], [ 107.530174, -6.913145, 0.0 ], [ 107.530167, -6.913161, 0.0 ], [ 107.530257, -6.913196, 0.0 ], [ 107.530218, -6.913297, 0.0 ], [ 107.530052, -6.913251, 0.0 ], [ 107.529947, -6.913256, 0.0 ], [ 107.529911, -6.91319, 0.0 ], [ 107.529896, -6.913138, 0.0 ], [ 107.529897, -6.913077, 0.0 ], [ 107.529874, -6.912964, 0.0 ], [ 107.529876, -6.912909, 0.0 ], [ 107.529881, -6.912879, 0.0 ], [ 107.529902, -6.912836, 0.0 ], [ 107.529919, -6.912751, 0.0 ], [ 107.529917, -6.912728, 0.0 ], [ 107.529995, -6.912546, 0.0 ], [ 107.530036, -6.912511, 0.0 ], [ 107.530049, -6.912472, 0.0 ], [ 107.530076, -6.912484, 0.0 ] ] ] } },
{ "type": "Feature", "properties": { "NAMOBJ": "Sawah", "JSWH": "Non Irigasi", "CTKSWH": "Tidak Ada Cetak Sawah", "LUASHA": 0.113998892824, "WADMKK": "Kota Cimahi" }, "geometry": { "type": "MultiPolygon", "coordinates": [ [ [ [ 107.544008, -6.918769, 0.0 ], [ 107.544145, -6.919525, 0.0 ], [ 107.544306, -6.919546, 0.0 ], [ 107.544701, -6.919545, 0.0 ], [ 107.544671, -6.919054, 0.0 ], [ 107.544786, -6.919059, 0.0 ], [ 107.544783, -6.919078, 0.0 ], [ 107.544808, -6.919104, 0.0 ], [ 107.544806, -6.919157, 0.0 ], [ 107.54477, -6.91926, 0.0 ], [ 107.544776, -6.919371, 0.0 ], [ 107.544763, -6.919386, 0.0 ], [ 107.54478, -6.919426, 0.0 ], [ 107.544789, -6.919551, 0.0 ], [ 107.544738, -6.919544, 0.0 ], [ 107.544617, -6.919576, 0.0 ], [ 107.544305, -6.919563, 0.0 ], [ 107.544289, -6.91957, 0.0 ], [ 107.544267, -6.919561, 0.0 ], [ 107.544205, -6.919563, 0.0 ], [ 107.544127, -6.919538, 0.0 ], [ 107.543996, -6.918785, 0.0 ], [ 107.544008, -6.918769, 0.0 ] ] ], [ [ [ 107.544796, -6.918856, 0.0 ], [ 107.544789, -6.91886, 0.0 ], [ 107.544791, -6.918904, 0.0 ], [ 107.544661, -6.918904, 0.0 ], [ 107.544654, -6.918783, 0.0 ], [ 107.54473, -6.918745, 0.0 ], [ 107.544791, -6.918744, 0.0 ], [ 107.544796, -6.918856, 0.0 ] ] ] ] } },
{ "type": "Feature", "properties": { "NAMOBJ": "Sawah", "JSWH": "Non Irigasi", "CTKSWH": "Tidak Ada Cetak Sawah", "LUASHA": 0.114713015968, "WADMKK": "Kota Cimahi" }, "geometry": { "type": "MultiPolygon", "coordinates": [ [ [ [ 107.530147, -6.911528, 0.0 ], [ 107.53032, -6.911652, 0.0 ], [ 107.530367, -6.911584, 0.0 ], [ 107.530379, -6.911596, 0.0 ], [ 107.530025, -6.912104, 0.0 ], [ 107.529901, -6.911842, 0.0 ], [ 107.52984, -6.911771, 0.0 ], [ 107.529776, -6.911675, 0.0 ], [ 107.529752, -6.91156, 0.0 ], [ 107.529772, -6.911634, 0.0 ], [ 107.529827, -6.911692, 0.0 ], [ 107.529968, -6.911972, 0.0 ], [ 107.530012, -6.912027, 0.0 ], [ 107.530032, -6.91203, 0.0 ], [ 107.530136, -6.911868, 0.0 ], [ 107.530124, -6.911839, 0.0 ], [ 107.529986, -6.911721, 0.0 ], [ 107.530147, -6.911528, 0.0 ] ] ], [ [ [ 107.529743, -6.911528, 0.0 ], [ 107.529745, -6.911535, 0.0 ], [ 107.529676, -6.911418, 0.0 ], [ 107.529565, -6.911271, 0.0 ], [ 107.529578, -6.911242, 0.0 ], [ 107.529712, -6.911386, 0.0 ], [ 107.529743, -6.911528, 0.0 ] ] ] ] } },
{ "type": "Feature", "properties": { "NAMOBJ": "Sawah", "JSWH": "Tadah Hujan", "CTKSWH": "Tidak Ada Cetak Sawah", "LUASHA": 0.119540249247, "WADMKK": "Kota Cimahi" }, "geometry": { "type": "Polygon", "coordinates": [ [ [ 107.54482, -6.921639, 0.0 ], [ 107.544842, -6.921751, 0.0 ], [ 107.544645, -6.92174, 0.0 ], [ 107.544642, -6.922063, 0.0 ], [ 107.544607, -6.922057, 0.0 ], [ 107.544501, -6.921468, 0.0 ], [ 107.544804, -6.921491, 0.0 ], [ 107.54482, -6.921639, 0.0 ] ] ] } },
{ "type": "Feature", "properties": { "NAMOBJ": "Sawah", "JSWH": "Non Irigasi", "CTKSWH": "Tidak Ada Cetak Sawah", "LUASHA": 0.12181394855700001, "WADMKK": "Kota Cimahi" }, "geometry": { "type": "Polygon", "coordinates": [ [ [ 107.525351, -6.885323, 0.0 ], [ 107.52533, -6.885394, 0.0 ], [ 107.525208, -6.88536, 0.0 ], [ 107.525198, -6.885381, 0.0 ], [ 107.525135, -6.885353, 0.0 ], [ 107.525146, -6.885323, 0.0 ], [ 107.525179, -6.885281, 0.0 ], [ 107.525081, -6.885245, 0.0 ], [ 107.525075, -6.885228, 0.0 ], [ 107.525108, -6.88504, 0.0 ], [ 107.525112, -6.884964, 0.0 ], [ 107.525089, -6.884954, 0.0 ], [ 107.525023, -6.884812, 0.0 ], [ 107.525016, -6.884777, 0.0 ], [ 107.525172, -6.884763, 0.0 ], [ 107.52522, -6.884927, 0.0 ], [ 107.525221, -6.884978, 0.0 ], [ 107.525243, -6.885086, 0.0 ], [ 107.525281, -6.885192, 0.0 ], [ 107.525304, -6.885233, 0.0 ], [ 107.525348, -6.885283, 0.0 ], [ 107.525351, -6.885323, 0.0 ] ] ] } },
{ "type": "Feature", "properties": { "NAMOBJ": "Sawah", "JSWH": "Non Irigasi", "CTKSWH": "Tidak Ada Cetak Sawah", "LUASHA": 0.13324233783200001, "WADMKK": "Kota Cimahi" }, "geometry": { "type": "MultiPolygon", "coordinates": [ [ [ [ 107.544386, -6.920831, 0.0 ], [ 107.544359, -6.920833, 0.0 ], [ 107.544291, -6.920502, 0.0 ], [ 107.54438, -6.920568, 0.0 ], [ 107.544416, -6.92083, 0.0 ], [ 107.544386, -6.920831, 0.0 ] ] ], [ [ [ 107.544912, -6.920264, 0.0 ], [ 107.544919, -6.92028, 0.0 ], [ 107.544909, -6.92038, 0.0 ], [ 107.544914, -6.920402, 0.0 ], [ 107.544881, -6.920463, 0.0 ], [ 107.544906, -6.920516, 0.0 ], [ 107.544904, -6.920596, 0.0 ], [ 107.54492, -6.920643, 0.0 ], [ 107.54492, -6.920664, 0.0 ], [ 107.544914, -6.920663, 0.0 ], [ 107.544919, -6.920767, 0.0 ], [ 107.544896, -6.920766, 0.0 ], [ 107.544889, -6.920808, 0.0 ], [ 107.544856, -6.920814, 0.0 ], [ 107.544861, -6.920845, 0.0 ], [ 107.54484, -6.920881, 0.0 ], [ 107.544858, -6.920901, 0.0 ], [ 107.544873, -6.920947, 0.0 ], [ 107.544872, -6.920994, 0.0 ], [ 107.54488, -6.921019, 0.0 ], [ 107.544873, -6.92103, 0.0 ], [ 107.544861, -6.921027, 0.0 ], [ 107.544871, -6.921043, 0.0 ], [ 107.544876, -6.921032, 0.0 ], [ 107.544892, -6.921085, 0.0 ], [ 107.544887, -6.921109, 0.0 ], [ 107.544785, -6.921101, 0.0 ], [ 107.544785, -6.920758, 0.0 ], [ 107.544804, -6.920237, 0.0 ], [ 107.54492, -6.920241, 0.0 ], [ 107.544912, -6.920264, 0.0 ] ] ] ] } },
{ "type": "Feature", "properties": { "NAMOBJ": "Sawah", "JSWH": "Tadah Hujan", "CTKSWH": "Tidak Ada Cetak Sawah", "LUASHA": 0.39865615553200001, "WADMKK": "Kota Cimahi" }, "geometry": { "type": "Polygon", "coordinates": [ [ [ 107.544803, -6.92024, 0.0 ], [ 107.544785, -6.920758, 0.0 ], [ 107.544785, -6.921101, 0.0 ], [ 107.544471, -6.921076, 0.0 ], [ 107.544478, -6.921338, 0.0 ], [ 107.544386, -6.920831, 0.0 ], [ 107.544416, -6.92083, 0.0 ], [ 107.54438, -6.920568, 0.0 ], [ 107.544332, -6.920532, 0.0 ], [ 107.544312, -6.920425, 0.0 ], [ 107.544494, -6.920433, 0.0 ], [ 107.544524, -6.920227, 0.0 ], [ 107.544803, -6.92024, 0.0 ] ] ] } },
{ "type": "Feature", "properties": { "NAMOBJ": "Sawah", "JSWH": "Tadah Hujan", "CTKSWH": "Tidak Ada Cetak Sawah", "LUASHA": 0.16026513097799999, "WADMKK": "Kota Cimahi" }, "geometry": { "type": "Polygon", "coordinates": [ [ [ 107.515074, -6.89313, 0.0 ], [ 107.515179, -6.893156, 0.0 ], [ 107.515211, -6.893229, 0.0 ], [ 107.515216, -6.893288, 0.0 ], [ 107.515203, -6.893368, 0.0 ], [ 107.515205, -6.893458, 0.0 ], [ 107.515196, -6.893518, 0.0 ], [ 107.515174, -6.893525, 0.0 ], [ 107.515005, -6.893517, 0.0 ], [ 107.514983, -6.89353, 0.0 ], [ 107.514968, -6.893556, 0.0 ], [ 107.514948, -6.893569, 0.0 ], [ 107.514887, -6.893593, 0.0 ], [ 107.514916, -6.893571, 0.0 ], [ 107.514915, -6.89348, 0.0 ], [ 107.514963, -6.893329, 0.0 ], [ 107.514963, -6.893276, 0.0 ], [ 107.514952, -6.89326, 0.0 ], [ 107.514931, -6.893272, 0.0 ], [ 107.514892, -6.893251, 0.0 ], [ 107.514837, -6.893237, 0.0 ], [ 107.514799, -6.893194, 0.0 ], [ 107.514786, -6.893127, 0.0 ], [ 107.51475, -6.893099, 0.0 ], [ 107.514736, -6.893156, 0.0 ], [ 107.514694, -6.893278, 0.0 ], [ 107.514658, -6.893331, 0.0 ], [ 107.514608, -6.893369, 0.0 ], [ 107.514576, -6.893372, 0.0 ], [ 107.514613, -6.893362, 0.0 ], [ 107.514647, -6.893337, 0.0 ], [ 107.514701, -6.893256, 0.0 ], [ 107.514751, -6.893088, 0.0 ], [ 107.514767, -6.893095, 0.0 ], [ 107.514796, -6.893131, 0.0 ], [ 107.514849, -6.893101, 0.0 ], [ 107.51487, -6.893069, 0.0 ], [ 107.514887, -6.893059, 0.0 ], [ 107.514948, -6.893091, 0.0 ], [ 107.515074, -6.89313, 0.0 ] ] ] } },
{ "type": "Feature", "properties": { "NAMOBJ": "Sawah", "JSWH": "Non Irigasi", "CTKSWH": "Tidak Ada Cetak Sawah", "LUASHA": 0.16093525105500001, "WADMKK": "Kota Cimahi" }, "geometry": { "type": "Polygon", "coordinates": [ [ [ 107.518064, -6.917536, 0.0 ], [ 107.518052, -6.917537, 0.0 ], [ 107.517982, -6.917443, 0.0 ], [ 107.517925, -6.917336, 0.0 ], [ 107.517912, -6.917269, 0.0 ], [ 107.517988, -6.917178, 0.0 ], [ 107.517997, -6.91714, 0.0 ], [ 107.517992, -6.916988, 0.0 ], [ 107.518, -6.916936, 0.0 ], [ 107.518035, -6.91689, 0.0 ], [ 107.518081, -6.916853, 0.0 ], [ 107.518155, -6.916821, 0.0 ], [ 107.51821, -6.916855, 0.0 ], [ 107.518232, -6.916892, 0.0 ], [ 107.518226, -6.916951, 0.0 ], [ 107.518185, -6.917019, 0.0 ], [ 107.518173, -6.917092, 0.0 ], [ 107.518155, -6.917268, 0.0 ], [ 107.518142, -6.917526, 0.0 ], [ 107.518064, -6.917536, 0.0 ] ] ] } },
{ "type": "Feature", "properties": { "NAMOBJ": "Sawah", "JSWH": "Non Irigasi", "CTKSWH": "Tidak Ada Cetak Sawah", "LUASHA": 0.15711966702499999, "WADMKK": "Kota Cimahi" }, "geometry": { "type": "MultiPolygon", "coordinates": [ [ [ [ 107.559814, -6.88688, 0.0 ], [ 107.559816, -6.886886, 0.0 ], [ 107.559773, -6.886867, 0.0 ], [ 107.559814, -6.886878, 0.0 ], [ 107.559814, -6.88688, 0.0 ] ] ], [ [ [ 107.560394, -6.886525, 0.0 ], [ 107.560356, -6.886589, 0.0 ], [ 107.560264, -6.886559, 0.0 ], [ 107.560394, -6.886525, 0.0 ] ] ], [ [ [ 107.560179, -6.886868, 0.0 ], [ 107.560111, -6.886911, 0.0 ], [ 107.560085, -6.886886, 0.0 ], [ 107.559878, -6.886744, 0.0 ], [ 107.559897, -6.886655, 0.0 ], [ 107.559878, -6.886643, 0.0 ], [ 107.559914, -6.886471, 0.0 ], [ 107.559964, -6.886436, 0.0 ], [ 107.559982, -6.886444, 0.0 ], [ 107.559914, -6.886572, 0.0 ], [ 107.559902, -6.886631, 0.0 ], [ 107.560199, -6.886771, 0.0 ], [ 107.560179, -6.886868, 0.0 ] ] ], [ [ [ 107.560454, -6.886423, 0.0 ], [ 107.560441, -6.886446, 0.0 ], [ 107.560466, -6.886216, 0.0 ], [ 107.560466, -6.886317, 0.0 ], [ 107.560454, -6.886423, 0.0 ] ] ], [ [ [ 107.560438, -6.886171, 0.0 ], [ 107.560432, -6.886201, 0.0 ], [ 107.559984, -6.886116, 0.0 ], [ 107.559945, -6.88605, 0.0 ], [ 107.559955, -6.88596, 0.0 ], [ 107.559969, -6.885939, 0.0 ], [ 107.560435, -6.886075, 0.0 ], [ 107.560459, -6.886091, 0.0 ], [ 107.560438, -6.886171, 0.0 ] ] ] ] } },
{ "type": "Feature", "properties": { "NAMOBJ": "Non Sawah", "JSWH": "Non Irigasi", "CTKSWH": "Tidak Ada Cetak Sawah", "LUASHA": 0.16727790738000001, "WADMKK": "Kota Cimahi" }, "geometry": { "type": "Polygon", "coordinates": [ [ [ 107.527205, -6.886084, 0.0 ], [ 107.527158, -6.88618, 0.0 ], [ 107.527113, -6.886161, 0.0 ], [ 107.527008, -6.886292, 0.0 ], [ 107.526782, -6.886186, 0.0 ], [ 107.526685, -6.886378, 0.0 ], [ 107.526605, -6.886329, 0.0 ], [ 107.526584, -6.886293, 0.0 ], [ 107.526591, -6.886239, 0.0 ], [ 107.526635, -6.886147, 0.0 ], [ 107.526734, -6.886064, 0.0 ], [ 107.526957, -6.885917, 0.0 ], [ 107.527011, -6.885944, 0.0 ], [ 107.527205, -6.886076, 0.0 ], [ 107.527205, -6.886084, 0.0 ] ] ] } },
{ "type": "Feature", "properties": { "NAMOBJ": "Sawah", "JSWH": "Non Irigasi", "CTKSWH": "Tidak Ada Cetak Sawah", "LUASHA": 0.16967237606499999, "WADMKK": "Kota Cimahi" }, "geometry": { "type": "Polygon", "coordinates": [ [ [ 107.551435, -6.903774, 0.0 ], [ 107.551385, -6.904196, 0.0 ], [ 107.551094, -6.904089, 0.0 ], [ 107.551069, -6.904139, 0.0 ], [ 107.55101, -6.904318, 0.0 ], [ 107.55098, -6.904311, 0.0 ], [ 107.55116, -6.903704, 0.0 ], [ 107.55117, -6.903697, 0.0 ], [ 107.551435, -6.903774, 0.0 ] ] ] } },
{ "type": "Feature", "properties": { "NAMOBJ": "Sawah", "JSWH": "Non Irigasi", "CTKSWH": "Tidak Ada Cetak Sawah", "LUASHA": 0.207432225789, "WADMKK": "Kota Cimahi" }, "geometry": { "type": "Polygon", "coordinates": [ [ [ 107.553552, -6.923038, 0.0 ], [ 107.553542, -6.923041, 0.0 ], [ 107.553184, -6.922784, 0.0 ], [ 107.553178, -6.922766, 0.0 ], [ 107.553294, -6.92253, 0.0 ], [ 107.553395, -6.922541, 0.0 ], [ 107.553662, -6.922591, 0.0 ], [ 107.553659, -6.922636, 0.0 ], [ 107.553682, -6.922779, 0.0 ], [ 107.553673, -6.922843, 0.0 ], [ 107.553646, -6.922906, 0.0 ], [ 107.553575, -6.923018, 0.0 ], [ 107.553552, -6.923038, 0.0 ] ] ] } },
{ "type": "Feature", "properties": { "NAMOBJ": "Non Sawah", "JSWH": "Non Irigasi", "CTKSWH": "Tidak Ada Cetak Sawah", "LUASHA": 0.21040364944500001, "WADMKK": "Kota Cimahi" }, "geometry": { "type": "Polygon", "coordinates": [ [ [ 107.554948, -6.927902, 0.0 ], [ 107.554897, -6.927894, 0.0 ], [ 107.554577, -6.927697, 0.0 ], [ 107.554577, -6.927643, 0.0 ], [ 107.554658, -6.927441, 0.0 ], [ 107.55469, -6.927333, 0.0 ], [ 107.554904, -6.927399, 0.0 ], [ 107.554888, -6.927446, 0.0 ], [ 107.554895, -6.92749, 0.0 ], [ 107.555069, -6.927564, 0.0 ], [ 107.555032, -6.927708, 0.0 ], [ 107.55504, -6.927723, 0.0 ], [ 107.554973, -6.927891, 0.0 ], [ 107.554948, -6.927902, 0.0 ] ] ] } },
{ "type": "Feature", "properties": { "NAMOBJ": "Sawah", "JSWH": "Non Irigasi", "CTKSWH": "Tidak Ada Cetak Sawah", "LUASHA": 0.212841251009, "WADMKK": "Kota Cimahi" }, "geometry": { "type": "Polygon", "coordinates": [ [ [ 107.54664, -6.914747, 0.0 ], [ 107.546789, -6.914755, 0.0 ], [ 107.546819, -6.914722, 0.0 ], [ 107.546867, -6.914733, 0.0 ], [ 107.54692, -6.914761, 0.0 ], [ 107.546964, -6.914722, 0.0 ], [ 107.547353, -6.914843, 0.0 ], [ 107.547337, -6.914944, 0.0 ], [ 107.546551, -6.914948, 0.0 ], [ 107.546457, -6.914924, 0.0 ], [ 107.546455, -6.914664, 0.0 ], [ 107.546578, -6.91468, 0.0 ], [ 107.54664, -6.914747, 0.0 ] ] ] } },
{ "type": "Feature", "properties": { "NAMOBJ": "Sawah", "JSWH": "Tadah Hujan", "CTKSWH": "Tidak Ada Cetak Sawah", "LUASHA": 0.213821255731, "WADMKK": "Kota Cimahi" }, "geometry": { "type": "Polygon", "coordinates": [ [ [ 107.514087, -6.894566, 0.0 ], [ 107.51365, -6.894843, 0.0 ], [ 107.513629, -6.894807, 0.0 ], [ 107.513622, -6.894784, 0.0 ], [ 107.513625, -6.894729, 0.0 ], [ 107.513742, -6.894392, 0.0 ], [ 107.513817, -6.894276, 0.0 ], [ 107.514207, -6.894359, 0.0 ], [ 107.514161, -6.894516, 0.0 ], [ 107.514132, -6.894547, 0.0 ], [ 107.514087, -6.894566, 0.0 ] ] ] } },
{ "type": "Feature", "properties": { "NAMOBJ": "Sawah", "JSWH": "Tadah Hujan", "CTKSWH": "Tidak Ada Cetak Sawah", "LUASHA": 0.213992917674, "WADMKK": "Kota Cimahi" }, "geometry": { "type": "Polygon", "coordinates": [ [ [ 107.538961, -6.905049, 0.0 ], [ 107.538859, -6.905093, 0.0 ], [ 107.538809, -6.905054, 0.0 ], [ 107.538613, -6.904821, 0.0 ], [ 107.538623, -6.904796, 0.0 ], [ 107.538691, -6.904772, 0.0 ], [ 107.538752, -6.904726, 0.0 ], [ 107.538817, -6.904695, 0.0 ], [ 107.539002, -6.904535, 0.0 ], [ 107.539037, -6.904555, 0.0 ], [ 107.539111, -6.904645, 0.0 ], [ 107.539157, -6.904927, 0.0 ], [ 107.539071, -6.904987, 0.0 ], [ 107.538961, -6.905049, 0.0 ] ] ] } },
{ "type": "Feature", "properties": { "NAMOBJ": "Sawah", "JSWH": "Non Irigasi", "CTKSWH": "Tidak Ada Cetak Sawah", "LUASHA": 0.21916367094, "WADMKK": "Kota Cimahi" }, "geometry": { "type": "MultiPolygon", "coordinates": [ [ [ [ 107.528506, -6.910374, 0.0 ], [ 107.528494, -6.910393, 0.0 ], [ 107.528362, -6.91032, 0.0 ], [ 107.528343, -6.910289, 0.0 ], [ 107.528345, -6.910263, 0.0 ], [ 107.528506, -6.910374, 0.0 ] ] ], [ [ [ 107.528226, -6.910196, 0.0 ], [ 107.528218, -6.9102, 0.0 ], [ 107.52812, -6.910161, 0.0 ], [ 107.528011, -6.910071, 0.0 ], [ 107.52795, -6.910037, 0.0 ], [ 107.527871, -6.910018, 0.0 ], [ 107.527685, -6.909934, 0.0 ], [ 107.52766, -6.909889, 0.0 ], [ 107.52766, -6.909857, 0.0 ], [ 107.52768, -6.909814, 0.0 ], [ 107.527779, -6.909672, 0.0 ], [ 107.527797, -6.909672, 0.0 ], [ 107.527833, -6.90969, 0.0 ], [ 107.528003, -6.909798, 0.0 ], [ 107.528137, -6.909852, 0.0 ], [ 107.528355, -6.909984, 0.0 ], [ 107.528226, -6.910196, 0.0 ] ] ] ] } },
{ "type": "Feature", "properties": { "NAMOBJ": "Sawah", "JSWH": "Non Irigasi", "CTKSWH": "Tidak Ada Cetak Sawah", "LUASHA": 0.22391776008700001, "WADMKK": "Kota Cimahi" }, "geometry": { "type": "MultiPolygon", "coordinates": [ [ [ [ 107.545642, -6.921799, 0.0 ], [ 107.545632, -6.921984, 0.0 ], [ 107.545419, -6.92194, 0.0 ], [ 107.54542, -6.921924, 0.0 ], [ 107.545491, -6.921935, 0.0 ], [ 107.545499, -6.921805, 0.0 ], [ 107.545636, -6.921824, 0.0 ], [ 107.545642, -6.921799, 0.0 ] ] ], [ [ [ 107.546571, -6.921732, 0.0 ], [ 107.546557, -6.921755, 0.0 ], [ 107.546555, -6.921779, 0.0 ], [ 107.546526, -6.921814, 0.0 ], [ 107.545677, -6.921664, 0.0 ], [ 107.545669, -6.921728, 0.0 ], [ 107.545657, -6.921727, 0.0 ], [ 107.545678, -6.921632, 0.0 ], [ 107.545761, -6.921633, 0.0 ], [ 107.546471, -6.921736, 0.0 ], [ 107.546528, -6.921718, 0.0 ], [ 107.5466, -6.921615, 0.0 ], [ 107.546627, -6.921532, 0.0 ], [ 107.546638, -6.92156, 0.0 ], [ 107.546623, -6.921632, 0.0 ], [ 107.546604, -6.921694, 0.0 ], [ 107.546571, -6.921732, 0.0 ] ] ], [ [ [ 107.545532, -6.921232, 0.0 ], [ 107.545542, -6.921243, 0.0 ], [ 107.545665, -6.921255, 0.0 ], [ 107.545731, -6.921274, 0.0 ], [ 107.545787, -6.921278, 0.0 ], [ 107.545827, -6.921294, 0.0 ], [ 107.545908, -6.921292, 0.0 ], [ 107.545959, -6.921314, 0.0 ], [ 107.546089, -6.921344, 0.0 ], [ 107.546356, -6.921377, 0.0 ], [ 107.546483, -6.921414, 0.0 ], [ 107.546475, -6.921485, 0.0 ], [ 107.546308, -6.921508, 0.0 ], [ 107.545808, -6.921389, 0.0 ], [ 107.545522, -6.921293, 0.0 ], [ 107.545513, -6.921261, 0.0 ], [ 107.545523, -6.921233, 0.0 ], [ 107.545532, -6.921232, 0.0 ] ], [ [ 107.545531, -6.921233, 0.0 ], [ 107.545531, -6.921234, 0.0 ], [ 107.545531, -6.921233, 0.0 ], [ 107.545531, -6.921233, 0.0 ] ] ] ] } },
{ "type": "Feature", "properties": { "NAMOBJ": "Sawah", "JSWH": "Tadah Hujan", "CTKSWH": "Tidak Ada Cetak Sawah", "LUASHA": 0.38988769728099998, "WADMKK": "Kota Cimahi" }, "geometry": { "type": "Polygon", "coordinates": [ [ [ 107.545808, -6.921389, 0.0 ], [ 107.546308, -6.921508, 0.0 ], [ 107.546475, -6.921485, 0.0 ], [ 107.546472, -6.921515, 0.0 ], [ 107.546622, -6.921531, 0.0 ], [ 107.5466, -6.921615, 0.0 ], [ 107.546528, -6.921718, 0.0 ], [ 107.546471, -6.921736, 0.0 ], [ 107.545761, -6.921633, 0.0 ], [ 107.545678, -6.921632, 0.0 ], [ 107.545657, -6.921727, 0.0 ], [ 107.545645, -6.921726, 0.0 ], [ 107.545636, -6.921824, 0.0 ], [ 107.545499, -6.921805, 0.0 ], [ 107.545491, -6.921935, 0.0 ], [ 107.54542, -6.921924, 0.0 ], [ 107.54543, -6.921782, 0.0 ], [ 107.545447, -6.921758, 0.0 ], [ 107.545455, -6.921572, 0.0 ], [ 107.545476, -6.921495, 0.0 ], [ 107.545474, -6.921453, 0.0 ], [ 107.545499, -6.921357, 0.0 ], [ 107.545509, -6.921342, 0.0 ], [ 107.54551, -6.921307, 0.0 ], [ 107.545524, -6.9213, 0.0 ], [ 107.545522, -6.921293, 0.0 ], [ 107.545808, -6.921389, 0.0 ] ] ] } },
{ "type": "Feature", "properties": { "NAMOBJ": "Sawah", "JSWH": "Tadah Hujan", "CTKSWH": "Tidak Ada Cetak Sawah", "LUASHA": 0.24018813536899999, "WADMKK": "Kota Cimahi" }, "geometry": { "type": "Polygon", "coordinates": [ [ [ 107.516631, -6.894358, 0.0 ], [ 107.516819, -6.894529, 0.0 ], [ 107.516919, -6.894432, 0.0 ], [ 107.517168, -6.894656, 0.0 ], [ 107.51703, -6.894804, 0.0 ], [ 107.516954, -6.894805, 0.0 ], [ 107.516862, -6.894825, 0.0 ], [ 107.516769, -6.894867, 0.0 ], [ 107.516708, -6.894867, 0.0 ], [ 107.516685, -6.894839, 0.0 ], [ 107.516683, -6.894798, 0.0 ], [ 107.516673, -6.894769, 0.0 ], [ 107.51663, -6.894726, 0.0 ], [ 107.516579, -6.894639, 0.0 ], [ 107.516443, -6.894566, 0.0 ], [ 107.516423, -6.894543, 0.0 ], [ 107.516631, -6.894358, 0.0 ] ] ] } },
{ "type": "Feature", "properties": { "NAMOBJ": "Sawah", "JSWH": "Non Irigasi", "CTKSWH": "Tidak Ada Cetak Sawah", "LUASHA": 0.20301879386800001, "WADMKK": "Kota Cimahi" }, "geometry": { "type": "Polygon", "coordinates": [ [ [ 107.546455, -6.914664, 0.0 ], [ 107.546457, -6.914924, 0.0 ], [ 107.546061, -6.914821, 0.0 ], [ 107.546036, -6.914951, 0.0 ], [ 107.545553, -6.914954, 0.0 ], [ 107.545551, -6.914676, 0.0 ], [ 107.545878, -6.914744, 0.0 ], [ 107.545856, -6.914925, 0.0 ], [ 107.545943, -6.914935, 0.0 ], [ 107.545975, -6.914766, 0.0 ], [ 107.546105, -6.914804, 0.0 ], [ 107.546122, -6.914689, 0.0 ], [ 107.546238, -6.914713, 0.0 ], [ 107.546249, -6.914663, 0.0 ], [ 107.546348, -6.914665, 0.0 ], [ 107.546399, -6.914654, 0.0 ], [ 107.546455, -6.914664, 0.0 ] ] ] } },
{ "type": "Feature", "properties": { "NAMOBJ": "Sawah", "JSWH": "Non Irigasi", "CTKSWH": "Tidak Ada Cetak Sawah", "LUASHA": 0.28026960245900001, "WADMKK": "Kota Cimahi" }, "geometry": { "type": "Polygon", "coordinates": [ [ [ 107.514084, -6.887234, 0.0 ], [ 107.514074, -6.887301, 0.0 ], [ 107.514111, -6.887371, 0.0 ], [ 107.514199, -6.887469, 0.0 ], [ 107.51411, -6.887539, 0.0 ], [ 107.514067, -6.887592, 0.0 ], [ 107.513885, -6.887533, 0.0 ], [ 107.513637, -6.887571, 0.0 ], [ 107.513538, -6.887567, 0.0 ], [ 107.513563, -6.887458, 0.0 ], [ 107.513545, -6.887452, 0.0 ], [ 107.513578, -6.887205, 0.0 ], [ 107.513658, -6.887209, 0.0 ], [ 107.513759, -6.887245, 0.0 ], [ 107.513772, -6.887237, 0.0 ], [ 107.513794, -6.887196, 0.0 ], [ 107.513857, -6.887037, 0.0 ], [ 107.513871, -6.887032, 0.0 ], [ 107.513905, -6.887036, 0.0 ], [ 107.51396, -6.887057, 0.0 ], [ 107.514034, -6.887109, 0.0 ], [ 107.514047, -6.887125, 0.0 ], [ 107.514055, -6.887169, 0.0 ], [ 107.514087, -6.887219, 0.0 ], [ 107.514084, -6.887234, 0.0 ] ] ] } },
{ "type": "Feature", "properties": { "NAMOBJ": "Sawah", "JSWH": "Non Irigasi", "CTKSWH": "Tidak Ada Cetak Sawah", "LUASHA": 0.29833848883000003, "WADMKK": "Kota Cimahi" }, "geometry": { "type": "Polygon", "coordinates": [ [ [ 107.520195, -6.902811, 0.0 ], [ 107.520134, -6.902901, 0.0 ], [ 107.520137, -6.902919, 0.0 ], [ 107.520193, -6.902956, 0.0 ], [ 107.520187, -6.90297, 0.0 ], [ 107.520264, -6.903054, 0.0 ], [ 107.52031, -6.903145, 0.0 ], [ 107.520361, -6.903174, 0.0 ], [ 107.5204, -6.903212, 0.0 ], [ 107.520406, -6.903257, 0.0 ], [ 107.520361, -6.903427, 0.0 ], [ 107.520158, -6.903332, 0.0 ], [ 107.51987, -6.903298, 0.0 ], [ 107.519819, -6.903199, 0.0 ], [ 107.519828, -6.903028, 0.0 ], [ 107.519751, -6.903015, 0.0 ], [ 107.519753, -6.902847, 0.0 ], [ 107.519888, -6.902849, 0.0 ], [ 107.519908, -6.902898, 0.0 ], [ 107.51991, -6.902951, 0.0 ], [ 107.519993, -6.902954, 0.0 ], [ 107.519998, -6.902832, 0.0 ], [ 107.520034, -6.902846, 0.0 ], [ 107.519998, -6.902821, 0.0 ], [ 107.520026, -6.902742, 0.0 ], [ 107.520196, -6.902767, 0.0 ], [ 107.520195, -6.902811, 0.0 ] ] ] } },
{ "type": "Feature", "properties": { "NAMOBJ": "Sawah", "JSWH": "Tadah Hujan", "CTKSWH": "Tidak Ada Cetak Sawah", "LUASHA": 0.30542719824699999, "WADMKK": "Kota Cimahi" }, "geometry": { "type": "Polygon", "coordinates": [ [ [ 107.511659, -6.895316, 0.0 ], [ 107.511755, -6.895354, 0.0 ], [ 107.512096, -6.895454, 0.0 ], [ 107.51226, -6.895513, 0.0 ], [ 107.512343, -6.895526, 0.0 ], [ 107.512545, -6.895537, 0.0 ], [ 107.512538, -6.895555, 0.0 ], [ 107.512589, -6.895564, 0.0 ], [ 107.512533, -6.895702, 0.0 ], [ 107.512211, -6.895665, 0.0 ], [ 107.51193, -6.89562, 0.0 ], [ 107.511936, -6.895569, 0.0 ], [ 107.511581, -6.895452, 0.0 ], [ 107.511614, -6.895366, 0.0 ], [ 107.511505, -6.895324, 0.0 ], [ 107.511469, -6.895426, 0.0 ], [ 107.511192, -6.895367, 0.0 ], [ 107.511265, -6.895235, 0.0 ], [ 107.511186, -6.895207, 0.0 ], [ 107.511204, -6.895146, 0.0 ], [ 107.511245, -6.89506, 0.0 ], [ 107.511487, -6.895192, 0.0 ], [ 107.511659, -6.895316, 0.0 ] ] ] } },
{ "type": "Feature", "properties": { "NAMOBJ": "Sawah", "JSWH": "Non Irigasi", "CTKSWH": "Tidak Ada Cetak Sawah", "LUASHA": 0.312849200474, "WADMKK": "Kota Cimahi" }, "geometry": { "type": "Polygon", "coordinates": [ [ [ 107.539324, -6.909922, 0.0 ], [ 107.539404, -6.909961, 0.0 ], [ 107.539594, -6.910141, 0.0 ], [ 107.539665, -6.91013, 0.0 ], [ 107.539771, -6.910246, 0.0 ], [ 107.53976, -6.910353, 0.0 ], [ 107.539736, -6.910458, 0.0 ], [ 107.539624, -6.910511, 0.0 ], [ 107.539576, -6.910767, 0.0 ], [ 107.539558, -6.910788, 0.0 ], [ 107.539452, -6.910773, 0.0 ], [ 107.539385, -6.910858, 0.0 ], [ 107.53932, -6.911014, 0.0 ], [ 107.539221, -6.911409, 0.0 ], [ 107.539162, -6.911529, 0.0 ], [ 107.539133, -6.911687, 0.0 ], [ 107.539112, -6.911679, 0.0 ], [ 107.539144, -6.911579, 0.0 ], [ 107.539085, -6.911547, 0.0 ], [ 107.539029, -6.911534, 0.0 ], [ 107.539024, -6.911486, 0.0 ], [ 107.539079, -6.911286, 0.0 ], [ 107.539185, -6.911004, 0.0 ], [ 107.539559, -6.91053, 0.0 ], [ 107.539702, -6.91038, 0.0 ], [ 107.539569, -6.91023, 0.0 ], [ 107.539455, -6.910046, 0.0 ], [ 107.539305, -6.90994, 0.0 ], [ 107.538635, -6.910585, 0.0 ], [ 107.538613, -6.910555, 0.0 ], [ 107.538711, -6.910417, 0.0 ], [ 107.538908, -6.910225, 0.0 ], [ 107.539199, -6.90999, 0.0 ], [ 107.539285, -6.909934, 0.0 ], [ 107.539324, -6.909922, 0.0 ] ] ] } },
{ "type": "Feature", "properties": { "NAMOBJ": "Sawah", "JSWH": "Tadah Hujan", "CTKSWH": "Tidak Ada Cetak Sawah", "LUASHA": 0.34989934533299999, "WADMKK": "Kota Cimahi" }, "geometry": { "type": "Polygon", "coordinates": [ [ [ 107.560466, -6.886216, 0.0 ], [ 107.560441, -6.886446, 0.0 ], [ 107.560394, -6.886525, 0.0 ], [ 107.560264, -6.886559, 0.0 ], [ 107.560165, -6.886525, 0.0 ], [ 107.560155, -6.886473, 0.0 ], [ 107.56, -6.886418, 0.0 ], [ 107.559982, -6.886444, 0.0 ], [ 107.559964, -6.886436, 0.0 ], [ 107.559914, -6.886471, 0.0 ], [ 107.559878, -6.886643, 0.0 ], [ 107.559897, -6.886655, 0.0 ], [ 107.559878, -6.886744, 0.0 ], [ 107.560085, -6.886886, 0.0 ], [ 107.560111, -6.886911, 0.0 ], [ 107.560064, -6.886965, 0.0 ], [ 107.560017, -6.886979, 0.0 ], [ 107.559816, -6.886886, 0.0 ], [ 107.559814, -6.886878, 0.0 ], [ 107.559683, -6.886828, 0.0 ], [ 107.559692, -6.886689, 0.0 ], [ 107.559683, -6.886671, 0.0 ], [ 107.55965, -6.88665, 0.0 ], [ 107.559649, -6.88662, 0.0 ], [ 107.559739, -6.886545, 0.0 ], [ 107.559752, -6.886512, 0.0 ], [ 107.559919, -6.886306, 0.0 ], [ 107.559957, -6.886246, 0.0 ], [ 107.559964, -6.886241, 0.0 ], [ 107.559993, -6.886254, 0.0 ], [ 107.560001, -6.886217, 0.0 ], [ 107.559999, -6.886149, 0.0 ], [ 107.559984, -6.886116, 0.0 ], [ 107.560466, -6.886208, 0.0 ], [ 107.560466, -6.886216, 0.0 ] ] ] } },
{ "type": "Feature", "properties": { "NAMOBJ": "Sawah", "JSWH": "Non Irigasi", "CTKSWH": "Tidak Ada Cetak Sawah", "LUASHA": 0.36952764895000001, "WADMKK": "Kota Cimahi" }, "geometry": { "type": "Polygon", "coordinates": [ [ [ 107.548271, -6.915843, 0.0 ], [ 107.548275, -6.916636, 0.0 ], [ 107.547972, -6.916261, 0.0 ], [ 107.547668, -6.916157, 0.0 ], [ 107.547468, -6.91628, 0.0 ], [ 107.547368, -6.916235, 0.0 ], [ 107.547366, -6.915849, 0.0 ], [ 107.54743, -6.915901, 0.0 ], [ 107.547561, -6.915963, 0.0 ], [ 107.547616, -6.916001, 0.0 ], [ 107.547724, -6.916029, 0.0 ], [ 107.547964, -6.916033, 0.0 ], [ 107.547979, -6.916008, 0.0 ], [ 107.548048, -6.916025, 0.0 ], [ 107.548105, -6.915902, 0.0 ], [ 107.548123, -6.915844, 0.0 ], [ 107.548271, -6.915843, 0.0 ] ] ] } },
{ "type": "Feature", "properties": { "NAMOBJ": "Sawah", "JSWH": "Non Irigasi", "CTKSWH": "Tidak Ada Cetak Sawah", "LUASHA": 0.38072338063799999, "WADMKK": "Kota Cimahi" }, "geometry": { "type": "Polygon", "coordinates": [ [ [ 107.531727, -6.912839, 0.0 ], [ 107.531757, -6.912912, 0.0 ], [ 107.531381, -6.913273, 0.0 ], [ 107.531568, -6.913391, 0.0 ], [ 107.531665, -6.91352, 0.0 ], [ 107.531714, -6.913711, 0.0 ], [ 107.531805, -6.913797, 0.0 ], [ 107.532093, -6.913986, 0.0 ], [ 107.532305, -6.914186, 0.0 ], [ 107.532473, -6.914329, 0.0 ], [ 107.532651, -6.91439, 0.0 ], [ 107.53279, -6.914456, 0.0 ], [ 107.532867, -6.914575, 0.0 ], [ 107.53328, -6.914927, 0.0 ], [ 107.533367, -6.914946, 0.0 ], [ 107.533433, -6.914835, 0.0 ], [ 107.533481, -6.914802, 0.0 ], [ 107.533599, -6.914822, 0.0 ], [ 107.533624, -6.914895, 0.0 ], [ 107.533536, -6.914863, 0.0 ], [ 107.533488, -6.914915, 0.0 ], [ 107.533393, -6.914992, 0.0 ], [ 107.533264, -6.915007, 0.0 ], [ 107.533182, -6.91495, 0.0 ], [ 107.532904, -6.914722, 0.0 ], [ 107.532697, -6.914537, 0.0 ], [ 107.532543, -6.91449, 0.0 ], [ 107.532399, -6.914419, 0.0 ], [ 107.53226, -6.914252, 0.0 ], [ 107.532144, -6.914138, 0.0 ], [ 107.53176, -6.913892, 0.0 ], [ 107.531649, -6.913758, 0.0 ], [ 107.531576, -6.913534, 0.0 ], [ 107.531456, -6.913396, 0.0 ], [ 107.531326, -6.913315, 0.0 ], [ 107.531316, -6.913229, 0.0 ], [ 107.53149, -6.91304, 0.0 ], [ 107.531498, -6.91305, 0.0 ], [ 107.53168, -6.912895, 0.0 ], [ 107.53169, -6.912849, 0.0 ], [ 107.531707, -6.912862, 0.0 ], [ 107.531727, -6.912839, 0.0 ] ] ] } },
{ "type": "Feature", "properties": { "NAMOBJ": "Sawah", "JSWH": "Non Irigasi", "CTKSWH": "Tidak Ada Cetak Sawah", "LUASHA": 0.44303282372399999, "WADMKK": "Kota Cimahi" }, "geometry": { "type": "Polygon", "coordinates": [ [ [ 107.55218, -6.904778, 0.0 ], [ 107.552102, -6.905075, 0.0 ], [ 107.551842, -6.904988, 0.0 ], [ 107.551788, -6.90512, 0.0 ], [ 107.551358, -6.904938, 0.0 ], [ 107.551349, -6.904892, 0.0 ], [ 107.551412, -6.904589, 0.0 ], [ 107.55143, -6.904559, 0.0 ], [ 107.551539, -6.90448, 0.0 ], [ 107.552202, -6.904691, 0.0 ], [ 107.55218, -6.904778, 0.0 ] ] ] } },
{ "type": "Feature", "properties": { "NAMOBJ": "Sawah", "JSWH": "Tadah Hujan", "CTKSWH": "Tidak Ada Cetak Sawah", "LUASHA": 0.46939127497100003, "WADMKK": "Kota Cimahi" }, "geometry": { "type": "Polygon", "coordinates": [ [ [ 107.513749, -6.895982, 0.0 ], [ 107.513533, -6.895993, 0.0 ], [ 107.513409, -6.895988, 0.0 ], [ 107.513323, -6.895977, 0.0 ], [ 107.513177, -6.895906, 0.0 ], [ 107.513232, -6.895713, 0.0 ], [ 107.513256, -6.89567, 0.0 ], [ 107.513346, -6.895633, 0.0 ], [ 107.513292, -6.895349, 0.0 ], [ 107.513325, -6.895256, 0.0 ], [ 107.513323, -6.895243, 0.0 ], [ 107.513796, -6.89524, 0.0 ], [ 107.513799, -6.895842, 0.0 ], [ 107.513781, -6.895855, 0.0 ], [ 107.513749, -6.895982, 0.0 ] ] ] } },
{ "type": "Feature", "properties": { "NAMOBJ": "Sawah", "JSWH": "Tadah Hujan", "CTKSWH": "Tidak Ada Cetak Sawah", "LUASHA": 0.53094284460499996, "WADMKK": "Kota Cimahi" }, "geometry": { "type": "Polygon", "coordinates": [ [ [ 107.544413, -6.918744, 0.0 ], [ 107.544478, -6.918754, 0.0 ], [ 107.54473, -6.918745, 0.0 ], [ 107.544654, -6.918783, 0.0 ], [ 107.544661, -6.918904, 0.0 ], [ 107.544335, -6.918903, 0.0 ], [ 107.544346, -6.91904, 0.0 ], [ 107.544671, -6.919054, 0.0 ], [ 107.544701, -6.919545, 0.0 ], [ 107.544306, -6.919546, 0.0 ], [ 107.544145, -6.919525, 0.0 ], [ 107.544008, -6.918769, 0.0 ], [ 107.544018, -6.918755, 0.0 ], [ 107.544006, -6.918742, 0.0 ], [ 107.544413, -6.918744, 0.0 ] ] ] } },
{ "type": "Feature", "properties": { "NAMOBJ": "Sawah", "JSWH": "Non Irigasi", "CTKSWH": "Tidak Ada Cetak Sawah", "LUASHA": 0.56083452788, "WADMKK": "Kota Cimahi" }, "geometry": { "type": "Polygon", "coordinates": [ [ [ 107.544734, -6.882037, 0.0 ], [ 107.544881, -6.882088, 0.0 ], [ 107.545024, -6.882164, 0.0 ], [ 107.545039, -6.882288, 0.0 ], [ 107.545036, -6.88232, 0.0 ], [ 107.544987, -6.882323, 0.0 ], [ 107.544976, -6.882333, 0.0 ], [ 107.544933, -6.88234, 0.0 ], [ 107.544893, -6.882338, 0.0 ], [ 107.544831, -6.882372, 0.0 ], [ 107.5448, -6.882403, 0.0 ], [ 107.544771, -6.882471, 0.0 ], [ 107.544769, -6.882502, 0.0 ], [ 107.544777, -6.882632, 0.0 ], [ 107.544791, -6.882661, 0.0 ], [ 107.544788, -6.882702, 0.0 ], [ 107.544684, -6.883022, 0.0 ], [ 107.544684, -6.883068, 0.0 ], [ 107.544731, -6.883102, 0.0 ], [ 107.544731, -6.883157, 0.0 ], [ 107.544715, -6.883215, 0.0 ], [ 107.544667, -6.88329, 0.0 ], [ 107.544577, -6.883345, 0.0 ], [ 107.544515, -6.883396, 0.0 ], [ 107.544472, -6.883487, 0.0 ], [ 107.544446, -6.883511, 0.0 ], [ 107.544392, -6.883531, 0.0 ], [ 107.544344, -6.883507, 0.0 ], [ 107.544334, -6.883475, 0.0 ], [ 107.544354, -6.883381, 0.0 ], [ 107.544389, -6.883331, 0.0 ], [ 107.544418, -6.883157, 0.0 ], [ 107.544449, -6.883102, 0.0 ], [ 107.544472, -6.883075, 0.0 ], [ 107.544477, -6.883049, 0.0 ], [ 107.544496, -6.883025, 0.0 ], [ 107.544434, -6.883003, 0.0 ], [ 107.544418, -6.882979, 0.0 ], [ 107.544418, -6.882909, 0.0 ], [ 107.544434, -6.88287, 0.0 ], [ 107.544451, -6.882791, 0.0 ], [ 107.544453, -6.882685, 0.0 ], [ 107.544446, -6.882663, 0.0 ], [ 107.544422, -6.882644, 0.0 ], [ 107.544449, -6.882598, 0.0 ], [ 107.544446, -6.882519, 0.0 ], [ 107.54443, -6.882453, 0.0 ], [ 107.544432, -6.882398, 0.0 ], [ 107.544463, -6.882275, 0.0 ], [ 107.544458, -6.882278, 0.0 ], [ 107.544528, -6.882148, 0.0 ], [ 107.544601, -6.882073, 0.0 ], [ 107.544636, -6.882051, 0.0 ], [ 107.544675, -6.882039, 0.0 ], [ 107.544734, -6.882037, 0.0 ] ], [ [ 107.544641, -6.882955, 0.0 ], [ 107.544681, -6.882972, 0.0 ], [ 107.544709, -6.882876, 0.0 ], [ 107.54467, -6.882855, 0.0 ], [ 107.544602, -6.882839, 0.0 ], [ 107.544567, -6.882901, 0.0 ], [ 107.544569, -6.882913, 0.0 ], [ 107.544595, -6.882939, 0.0 ], [ 107.544641, -6.882955, 0.0 ] ] ] } },
{ "type": "Feature", "properties": { "NAMOBJ": "Sawah", "JSWH": "Non Irigasi", "CTKSWH": "Tidak Ada Cetak Sawah", "LUASHA": 0.57203068515300004, "WADMKK": "Kota Cimahi" }, "geometry": { "type": "Polygon", "coordinates": [ [ [ 107.530319, -6.88549, 0.0 ], [ 107.530192, -6.885692, 0.0 ], [ 107.530165, -6.885791, 0.0 ], [ 107.52989, -6.885731, 0.0 ], [ 107.529781, -6.885948, 0.0 ], [ 107.529454, -6.885851, 0.0 ], [ 107.529166, -6.885727, 0.0 ], [ 107.529139, -6.8857, 0.0 ], [ 107.529258, -6.885451, 0.0 ], [ 107.52932, -6.885291, 0.0 ], [ 107.52956, -6.885386, 0.0 ], [ 107.529537, -6.885453, 0.0 ], [ 107.529732, -6.885521, 0.0 ], [ 107.529755, -6.885464, 0.0 ], [ 107.529811, -6.885486, 0.0 ], [ 107.529836, -6.885398, 0.0 ], [ 107.530103, -6.885497, 0.0 ], [ 107.530225, -6.885185, 0.0 ], [ 107.530442, -6.885256, 0.0 ], [ 107.530347, -6.885469, 0.0 ], [ 107.530319, -6.88549, 0.0 ] ] ] } },
{ "type": "Feature", "properties": { "NAMOBJ": "Sawah", "JSWH": "Non Irigasi", "CTKSWH": "Tidak Ada Cetak Sawah", "LUASHA": 0.68226969106900004, "WADMKK": "Kota Cimahi" }, "geometry": { "type": "Polygon", "coordinates": [ [ [ 107.546462, -6.915852, 0.0 ], [ 107.545558, -6.915857, 0.0 ], [ 107.545553, -6.914954, 0.0 ], [ 107.546036, -6.914951, 0.0 ], [ 107.545942, -6.915434, 0.0 ], [ 107.54646, -6.915554, 0.0 ], [ 107.546462, -6.915852, 0.0 ] ] ] } },
{ "type": "Feature", "properties": { "NAMOBJ": "Non Sawah", "JSWH": "Non Irigasi", "CTKSWH": "Tidak Ada Cetak Sawah", "LUASHA": 0.68990231529500001, "WADMKK": "Kota Cimahi" }, "geometry": { "type": "Polygon", "coordinates": [ [ [ 107.555446, -6.925366, 0.0 ], [ 107.555704, -6.925445, 0.0 ], [ 107.555768, -6.92532, 0.0 ], [ 107.555979, -6.9254, 0.0 ], [ 107.555948, -6.925461, 0.0 ], [ 107.556, -6.925486, 0.0 ], [ 107.556009, -6.925466, 0.0 ], [ 107.556124, -6.925509, 0.0 ], [ 107.556192, -6.925387, 0.0 ], [ 107.556385, -6.925465, 0.0 ], [ 107.556387, -6.925482, 0.0 ], [ 107.556324, -6.925654, 0.0 ], [ 107.556541, -6.925751, 0.0 ], [ 107.556418, -6.926038, 0.0 ], [ 107.555974, -6.925871, 0.0 ], [ 107.555937, -6.925964, 0.0 ], [ 107.5552, -6.925674, 0.0 ], [ 107.555301, -6.92532, 0.0 ], [ 107.555446, -6.925366, 0.0 ] ] ] } },
{ "type": "Feature", "properties": { "NAMOBJ": "Sawah", "JSWH": "Rawa/Lebak", "CTKSWH": "Tidak Ada Cetak Sawah", "LUASHA": 0.72629021937600002, "WADMKK": "Kota Cimahi" }, "geometry": { "type": "Polygon", "coordinates": [ [ [ 107.515321, -6.892941, 0.0 ], [ 107.515413, -6.893079, 0.0 ], [ 107.51543, -6.893065, 0.0 ], [ 107.51549, -6.893092, 0.0 ], [ 107.515403, -6.893175, 0.0 ], [ 107.515289, -6.893309, 0.0 ], [ 107.515221, -6.89345, 0.0 ], [ 107.515235, -6.893483, 0.0 ], [ 107.51523, -6.893525, 0.0 ], [ 107.51522, -6.893563, 0.0 ], [ 107.515206, -6.893579, 0.0 ], [ 107.515183, -6.893578, 0.0 ], [ 107.515099, -6.893526, 0.0 ], [ 107.515033, -6.893524, 0.0 ], [ 107.515092, -6.893517, 0.0 ], [ 107.515174, -6.893525, 0.0 ], [ 107.515196, -6.893518, 0.0 ], [ 107.515205, -6.893458, 0.0 ], [ 107.515203, -6.893368, 0.0 ], [ 107.515217, -6.893266, 0.0 ], [ 107.515211, -6.893229, 0.0 ], [ 107.515179, -6.893156, 0.0 ], [ 107.515029, -6.893119, 0.0 ], [ 107.514948, -6.893091, 0.0 ], [ 107.514887, -6.893059, 0.0 ], [ 107.51487, -6.893069, 0.0 ], [ 107.514849, -6.893101, 0.0 ], [ 107.514796, -6.893131, 0.0 ], [ 107.514767, -6.893095, 0.0 ], [ 107.514751, -6.893088, 0.0 ], [ 107.514701, -6.893256, 0.0 ], [ 107.514647, -6.893337, 0.0 ], [ 107.514613, -6.893362, 0.0 ], [ 107.5145, -6.893386, 0.0 ], [ 107.514489, -6.893415, 0.0 ], [ 107.514529, -6.893451, 0.0 ], [ 107.514567, -6.893465, 0.0 ], [ 107.514603, -6.893492, 0.0 ], [ 107.51467, -6.893576, 0.0 ], [ 107.514717, -6.893614, 0.0 ], [ 107.514759, -6.893627, 0.0 ], [ 107.514825, -6.893623, 0.0 ], [ 107.514968, -6.893556, 0.0 ], [ 107.514954, -6.893586, 0.0 ], [ 107.514905, -6.893636, 0.0 ], [ 107.514882, -6.893698, 0.0 ], [ 107.514818, -6.893711, 0.0 ], [ 107.514808, -6.893722, 0.0 ], [ 107.514811, -6.89379, 0.0 ], [ 107.514804, -6.893825, 0.0 ], [ 107.514779, -6.893907, 0.0 ], [ 107.514744, -6.893964, 0.0 ], [ 107.514381, -6.893833, 0.0 ], [ 107.514377, -6.893748, 0.0 ], [ 107.514345, -6.893685, 0.0 ], [ 107.514315, -6.893647, 0.0 ], [ 107.514316, -6.893302, 0.0 ], [ 107.514425, -6.893167, 0.0 ], [ 107.514514, -6.892993, 0.0 ], [ 107.514659, -6.892808, 0.0 ], [ 107.514848, -6.892728, 0.0 ], [ 107.515075, -6.892781, 0.0 ], [ 107.515279, -6.892893, 0.0 ], [ 107.515321, -6.892941, 0.0 ] ] ] } },
{ "type": "Feature", "properties": { "NAMOBJ": "Sawah", "JSWH": "Non Irigasi", "CTKSWH": "Tidak Ada Cetak Sawah", "LUASHA": 0.81308310210699997, "WADMKK": "Kota Cimahi" }, "geometry": { "type": "Polygon", "coordinates": [ [ [ 107.525802, -6.885348, 0.0 ], [ 107.525829, -6.885367, 0.0 ], [ 107.525905, -6.885359, 0.0 ], [ 107.526067, -6.885291, 0.0 ], [ 107.526103, -6.885311, 0.0 ], [ 107.526235, -6.885421, 0.0 ], [ 107.52617, -6.885565, 0.0 ], [ 107.526119, -6.885563, 0.0 ], [ 107.525944, -6.88551, 0.0 ], [ 107.525837, -6.885519, 0.0 ], [ 107.525787, -6.88553, 0.0 ], [ 107.525734, -6.885569, 0.0 ], [ 107.525717, -6.885598, 0.0 ], [ 107.525713, -6.88564, 0.0 ], [ 107.525726, -6.88572, 0.0 ], [ 107.525674, -6.885925, 0.0 ], [ 107.525632, -6.885994, 0.0 ], [ 107.525592, -6.886006, 0.0 ], [ 107.525365, -6.885963, 0.0 ], [ 107.525437, -6.885713, 0.0 ], [ 107.525442, -6.885674, 0.0 ], [ 107.52543, -6.88563, 0.0 ], [ 107.525368, -6.885565, 0.0 ], [ 107.525364, -6.885452, 0.0 ], [ 107.525353, -6.885389, 0.0 ], [ 107.52537, -6.885297, 0.0 ], [ 107.525362, -6.885274, 0.0 ], [ 107.525303, -6.885191, 0.0 ], [ 107.525268, -6.8851, 0.0 ], [ 107.525242, -6.885014, 0.0 ], [ 107.525237, -6.884892, 0.0 ], [ 107.525148, -6.884662, 0.0 ], [ 107.525049, -6.884498, 0.0 ], [ 107.524965, -6.884387, 0.0 ], [ 107.525012, -6.884358, 0.0 ], [ 107.525082, -6.884238, 0.0 ], [ 107.525089, -6.884187, 0.0 ], [ 107.525106, -6.884138, 0.0 ], [ 107.525242, -6.884142, 0.0 ], [ 107.525258, -6.884185, 0.0 ], [ 107.525254, -6.884298, 0.0 ], [ 107.525264, -6.884331, 0.0 ], [ 107.525252, -6.884348, 0.0 ], [ 107.525263, -6.884374, 0.0 ], [ 107.525405, -6.884523, 0.0 ], [ 107.525551, -6.88476, 0.0 ], [ 107.525595, -6.884797, 0.0 ], [ 107.5255, -6.884924, 0.0 ], [ 107.52547, -6.885016, 0.0 ], [ 107.525577, -6.885101, 0.0 ], [ 107.525613, -6.885145, 0.0 ], [ 107.52581, -6.885335, 0.0 ], [ 107.525802, -6.885348, 0.0 ] ] ] } },
{ "type": "Feature", "properties": { "NAMOBJ": "Sawah", "JSWH": "Non Irigasi", "CTKSWH": "Tidak Ada Cetak Sawah", "LUASHA": 1.02847097373, "WADMKK": "Kota Cimahi" }, "geometry": { "type": "Polygon", "coordinates": [ [ [ 107.522387, -6.890033, 0.0 ], [ 107.522284, -6.89043, 0.0 ], [ 107.522239, -6.89071, 0.0 ], [ 107.522179, -6.890906, 0.0 ], [ 107.522119, -6.890898, 0.0 ], [ 107.521993, -6.89086, 0.0 ], [ 107.521896, -6.890797, 0.0 ], [ 107.521839, -6.890785, 0.0 ], [ 107.521805, -6.890742, 0.0 ], [ 107.52182, -6.890682, 0.0 ], [ 107.521811, -6.890654, 0.0 ], [ 107.521834, -6.890526, 0.0 ], [ 107.521856, -6.89047, 0.0 ], [ 107.521761, -6.890443, 0.0 ], [ 107.521749, -6.890435, 0.0 ], [ 107.521749, -6.890422, 0.0 ], [ 107.521724, -6.890404, 0.0 ], [ 107.521498, -6.890327, 0.0 ], [ 107.521503, -6.890305, 0.0 ], [ 107.521246, -6.890199, 0.0 ], [ 107.521193, -6.890282, 0.0 ], [ 107.521203, -6.890299, 0.0 ], [ 107.521119, -6.890419, 0.0 ], [ 107.520956, -6.890332, 0.0 ], [ 107.521073, -6.890088, 0.0 ], [ 107.521193, -6.89015, 0.0 ], [ 107.521417, -6.889642, 0.0 ], [ 107.522055, -6.889893, 0.0 ], [ 107.522193, -6.889927, 0.0 ], [ 107.522343, -6.889987, 0.0 ], [ 107.522349, -6.890003, 0.0 ], [ 107.522389, -6.890009, 0.0 ], [ 107.522387, -6.890033, 0.0 ] ] ] } },
{ "type": "Feature", "properties": { "NAMOBJ": "Sawah", "JSWH": "Non Irigasi", "CTKSWH": "Tidak Ada Cetak Sawah", "LUASHA": 0.94567233114500004, "WADMKK": "Kota Cimahi" }, "geometry": { "type": "Polygon", "coordinates": [ [ [ 107.559957, -6.882928, 0.0 ], [ 107.559932, -6.883049, 0.0 ], [ 107.559967, -6.883059, 0.0 ], [ 107.560012, -6.88298, 0.0 ], [ 107.5603, -6.883014, 0.0 ], [ 107.560362, -6.882985, 0.0 ], [ 107.560461, -6.883005, 0.0 ], [ 107.560411, -6.883123, 0.0 ], [ 107.56035, -6.883212, 0.0 ], [ 107.560282, -6.883284, 0.0 ], [ 107.560241, -6.88328, 0.0 ], [ 107.560227, -6.883307, 0.0 ], [ 107.56023, -6.883334, 0.0 ], [ 107.560251, -6.883356, 0.0 ], [ 107.560167, -6.883462, 0.0 ], [ 107.560114, -6.883468, 0.0 ], [ 107.559983, -6.883415, 0.0 ], [ 107.559977, -6.883326, 0.0 ], [ 107.559705, -6.883233, 0.0 ], [ 107.559711, -6.88321, 0.0 ], [ 107.559319, -6.883092, 0.0 ], [ 107.559314, -6.88306, 0.0 ], [ 107.559226, -6.883033, 0.0 ], [ 107.559211, -6.88301, 0.0 ], [ 107.559157, -6.882993, 0.0 ], [ 107.559134, -6.883004, 0.0 ], [ 107.55912, -6.883056, 0.0 ], [ 107.559027, -6.883232, 0.0 ], [ 107.558908, -6.883645, 0.0 ], [ 107.558545, -6.883561, 0.0 ], [ 107.558841, -6.88265, 0.0 ], [ 107.559456, -6.882816, 0.0 ], [ 107.559957, -6.882928, 0.0 ] ] ] } },
{ "type": "Feature", "properties": { "NAMOBJ": "Non Sawah", "JSWH": "Irigasi", "CTKSWH": "Tidak Ada Cetak Sawah", "LUASHA": 0.32584314937199998, "WADMKK": "Kota Cimahi" }, "geometry": { "type": "Polygon", "coordinates": [ [ [ 107.523651, -6.895699, 0.0 ], [ 107.523868, -6.896125, 0.0 ], [ 107.523642, -6.896192, 0.0 ], [ 107.523437, -6.895753, 0.0 ], [ 107.523199, -6.895803, 0.0 ], [ 107.523134, -6.895554, 0.0 ], [ 107.523526, -6.895422, 0.0 ], [ 107.523586, -6.895382, 0.0 ], [ 107.52379, -6.895626, 0.0 ], [ 107.523651, -6.895699, 0.0 ] ] ] } },
{ "type": "Feature", "properties": { "NAMOBJ": "Sawah", "JSWH": "Tadah Hujan", "CTKSWH": "Tidak Ada Cetak Sawah", "LUASHA": 2.5831175797200001, "WADMKK": "Kota Cimahi" }, "geometry": { "type": "Polygon", "coordinates": [ [ [ 107.514499, -6.895071, 0.0 ], [ 107.514691, -6.895154, 0.0 ], [ 107.514715, -6.895107, 0.0 ], [ 107.514839, -6.895196, 0.0 ], [ 107.514907, -6.895228, 0.0 ], [ 107.514938, -6.895197, 0.0 ], [ 107.515038, -6.895251, 0.0 ], [ 107.515027, -6.895323, 0.0 ], [ 107.515147, -6.895368, 0.0 ], [ 107.515152, -6.895346, 0.0 ], [ 107.515182, -6.895334, 0.0 ], [ 107.515242, -6.895394, 0.0 ], [ 107.515328, -6.895501, 0.0 ], [ 107.515227, -6.895671, 0.0 ], [ 107.515236, -6.895681, 0.0 ], [ 107.515108, -6.895942, 0.0 ], [ 107.515118, -6.895952, 0.0 ], [ 107.51536, -6.896012, 0.0 ], [ 107.51555, -6.896023, 0.0 ], [ 107.515541, -6.896078, 0.0 ], [ 107.515629, -6.896107, 0.0 ], [ 107.515634, -6.896117, 0.0 ], [ 107.515499, -6.896501, 0.0 ], [ 107.515707, -6.896595, 0.0 ], [ 107.515632, -6.896784, 0.0 ], [ 107.515807, -6.896893, 0.0 ], [ 107.515762, -6.896951, 0.0 ], [ 107.51574, -6.897034, 0.0 ], [ 107.515644, -6.897015, 0.0 ], [ 107.515261, -6.896789, 0.0 ], [ 107.515144, -6.896715, 0.0 ], [ 107.515071, -6.896658, 0.0 ], [ 107.515196, -6.896356, 0.0 ], [ 107.514705, -6.896153, 0.0 ], [ 107.514705, -6.896139, 0.0 ], [ 107.514204, -6.896142, 0.0 ], [ 107.514092, -6.89612, 0.0 ], [ 107.514028, -6.896074, 0.0 ], [ 107.514159, -6.895709, 0.0 ], [ 107.513984, -6.895643, 0.0 ], [ 107.513923, -6.895861, 0.0 ], [ 107.513808, -6.895836, 0.0 ], [ 107.513799, -6.895842, 0.0 ], [ 107.513796, -6.89524, 0.0 ], [ 107.513323, -6.895243, 0.0 ], [ 107.513304, -6.895151, 0.0 ], [ 107.513413, -6.895088, 0.0 ], [ 107.513488, -6.895021, 0.0 ], [ 107.513654, -6.894916, 0.0 ], [ 107.513714, -6.894867, 0.0 ], [ 107.51407, -6.894658, 0.0 ], [ 107.514169, -6.894585, 0.0 ], [ 107.514257, -6.894649, 0.0 ], [ 107.514332, -6.894674, 0.0 ], [ 107.514331, -6.894713, 0.0 ], [ 107.514353, -6.894736, 0.0 ], [ 107.514359, -6.89476, 0.0 ], [ 107.514343, -6.894803, 0.0 ], [ 107.514356, -6.894811, 0.0 ], [ 107.514347, -6.894849, 0.0 ], [ 107.514358, -6.894853, 0.0 ], [ 107.514326, -6.894927, 0.0 ], [ 107.514409, -6.894975, 0.0 ], [ 107.514403, -6.895027, 0.0 ], [ 107.514498, -6.895062, 0.0 ], [ 107.514499, -6.895071, 0.0 ] ], [ [ 107.515093, -6.895572, 0.0 ], [ 107.515098, -6.895574, 0.0 ], [ 107.515107, -6.895537, 0.0 ], [ 107.515093, -6.895572, 0.0 ] ], [ [ 107.515109, -6.895962, 0.0 ], [ 107.51512, -6.895965, 0.0 ], [ 107.515107, -6.89596, 0.0 ], [ 107.515109, -6.895962, 0.0 ] ] ] } },
{ "type": "Feature", "properties": { "NAMOBJ": "Non Sawah", "JSWH": "Non Irigasi", "CTKSWH": "Tidak Ada Cetak Sawah", "LUASHA": 3.2249979344200002, "WADMKK": "Kota Cimahi" }, "geometry": { "type": "Polygon", "coordinates": [ [ [ 107.555618, -6.914584, 0.0 ], [ 107.555078, -6.915256, 0.0 ], [ 107.555072, -6.915298, 0.0 ], [ 107.555021, -6.915298, 0.0 ], [ 107.555005, -6.915336, 0.0 ], [ 107.554957, -6.915392, 0.0 ], [ 107.554911, -6.915368, 0.0 ], [ 107.554847, -6.915385, 0.0 ], [ 107.554818, -6.915409, 0.0 ], [ 107.554778, -6.915493, 0.0 ], [ 107.554689, -6.915462, 0.0 ], [ 107.554641, -6.915432, 0.0 ], [ 107.554538, -6.915437, 0.0 ], [ 107.554268, -6.915489, 0.0 ], [ 107.554213, -6.915508, 0.0 ], [ 107.554189, -6.915543, 0.0 ], [ 107.554177, -6.915539, 0.0 ], [ 107.554126, -6.915551, 0.0 ], [ 107.553673, -6.916023, 0.0 ], [ 107.553632, -6.916045, 0.0 ], [ 107.55359, -6.916032, 0.0 ], [ 107.553551, -6.915995, 0.0 ], [ 107.55351, -6.915976, 0.0 ], [ 107.55347, -6.91597, 0.0 ], [ 107.553237, -6.915983, 0.0 ], [ 107.553072, -6.915973, 0.0 ], [ 107.552979, -6.915934, 0.0 ], [ 107.552906, -6.915884, 0.0 ], [ 107.552892, -6.915866, 0.0 ], [ 107.552891, -6.915846, 0.0 ], [ 107.552903, -6.915822, 0.0 ], [ 107.552898, -6.915798, 0.0 ], [ 107.552771, -6.91573, 0.0 ], [ 107.552748, -6.915692, 0.0 ], [ 107.55276, -6.915644, 0.0 ], [ 107.552862, -6.915498, 0.0 ], [ 107.552964, -6.915373, 0.0 ], [ 107.552979, -6.915332, 0.0 ], [ 107.55303, -6.91526, 0.0 ], [ 107.553084, -6.915075, 0.0 ], [ 107.553101, -6.914808, 0.0 ], [ 107.553072, -6.914685, 0.0 ], [ 107.553177, -6.914467, 0.0 ], [ 107.553205, -6.914484, 0.0 ], [ 107.553218, -6.914422, 0.0 ], [ 107.553232, -6.914427, 0.0 ], [ 107.553261, -6.914368, 0.0 ], [ 107.553418, -6.914167, 0.0 ], [ 107.553903, -6.91427, 0.0 ], [ 107.554145, -6.914391, 0.0 ], [ 107.554562, -6.914524, 0.0 ], [ 107.55451, -6.914614, 0.0 ], [ 107.554438, -6.914612, 0.0 ], [ 107.554398, -6.914629, 0.0 ], [ 107.554077, -6.914542, 0.0 ], [ 107.553935, -6.914935, 0.0 ], [ 107.554305, -6.915101, 0.0 ], [ 107.554336, -6.91517, 0.0 ], [ 107.554494, -6.915253, 0.0 ], [ 107.55468, -6.914972, 0.0 ], [ 107.554862, -6.915081, 0.0 ], [ 107.555107, -6.914805, 0.0 ], [ 107.555241, -6.914892, 0.0 ], [ 107.555334, -6.914772, 0.0 ], [ 107.555067, -6.914549, 0.0 ], [ 107.555124, -6.914503, 0.0 ], [ 107.555304, -6.914612, 0.0 ], [ 107.555559, -6.914319, 0.0 ], [ 107.555506, -6.91426, 0.0 ], [ 107.555549, -6.914207, 0.0 ], [ 107.55558, -6.914185, 0.0 ], [ 107.555462, -6.914093, 0.0 ], [ 107.555371, -6.913979, 0.0 ], [ 107.555669, -6.913512, 0.0 ], [ 107.55588, -6.913628, 0.0 ], [ 107.555802, -6.913885, 0.0 ], [ 107.55579, -6.914055, 0.0 ], [ 107.555757, -6.914108, 0.0 ], [ 107.555803, -6.914141, 0.0 ], [ 107.555856, -6.914287, 0.0 ], [ 107.555618, -6.914584, 0.0 ] ] ] } },
{ "type": "Feature", "properties": { "NAMOBJ": "Sawah", "JSWH": "Tadah Hujan", "CTKSWH": "Tidak Ada Cetak Sawah", "LUASHA": 5.1487194586299996, "WADMKK": "Kota Cimahi" }, "geometry": { "type": "Polygon", "coordinates": [ [ [ 107.5278, -6.896385, 0.0 ], [ 107.527783, -6.896432, 0.0 ], [ 107.527723, -6.896421, 0.0 ], [ 107.527747, -6.896536, 0.0 ], [ 107.527721, -6.896598, 0.0 ], [ 107.527579, -6.89658, 0.0 ], [ 107.527564, -6.896843, 0.0 ], [ 107.527629, -6.896852, 0.0 ], [ 107.527619, -6.896895, 0.0 ], [ 107.527635, -6.89697, 0.0 ], [ 107.5276, -6.897118, 0.0 ], [ 107.527581, -6.897148, 0.0 ], [ 107.527537, -6.897192, 0.0 ], [ 107.527472, -6.897215, 0.0 ], [ 107.527479, -6.897338, 0.0 ], [ 107.527384, -6.897517, 0.0 ], [ 107.52738, -6.897589, 0.0 ], [ 107.52732, -6.89767, 0.0 ], [ 107.526947, -6.89777, 0.0 ], [ 107.526533, -6.897825, 0.0 ], [ 107.525938, -6.897768, 0.0 ], [ 107.525739, -6.897714, 0.0 ], [ 107.525625, -6.897598, 0.0 ], [ 107.525631, -6.897571, 0.0 ], [ 107.525483, -6.897448, 0.0 ], [ 107.525442, -6.897405, 0.0 ], [ 107.525479, -6.897307, 0.0 ], [ 107.525431, -6.89718, 0.0 ], [ 107.525339, -6.897045, 0.0 ], [ 107.525177, -6.896916, 0.0 ], [ 107.525102, -6.896829, 0.0 ], [ 107.525054, -6.89679, 0.0 ], [ 107.525342, -6.896482, 0.0 ], [ 107.525191, -6.896395, 0.0 ], [ 107.525166, -6.89637, 0.0 ], [ 107.525134, -6.896271, 0.0 ], [ 107.525212, -6.896214, 0.0 ], [ 107.525212, -6.896045, 0.0 ], [ 107.525115, -6.896023, 0.0 ], [ 107.525154, -6.895896, 0.0 ], [ 107.527836, -6.895961, 0.0 ], [ 107.527829, -6.896121, 0.0 ], [ 107.5278, -6.896385, 0.0 ] ] ] } },
{ "type": "Feature", "properties": { "NAMOBJ": "Sawah", "JSWH": "Non Irigasi", "CTKSWH": "Tidak Ada Cetak Sawah", "LUASHA": 8.2332762135700008, "WADMKK": "Kota Cimahi" }, "geometry": { "type": "MultiPolygon", "coordinates": [ [ [ [ 107.548343, -6.916534, 0.0 ], [ 107.548352, -6.916733, 0.0 ], [ 107.548275, -6.916636, 0.0 ], [ 107.548268, -6.915359, 0.0 ], [ 107.548447, -6.915506, 0.0 ], [ 107.548505, -6.91561, 0.0 ], [ 107.548524, -6.915808, 0.0 ], [ 107.548447, -6.916015, 0.0 ], [ 107.548352, -6.916242, 0.0 ], [ 107.548343, -6.916534, 0.0 ] ] ], [ [ [ 107.545424, -6.914439, 0.0 ], [ 107.545377, -6.914628, 0.0 ], [ 107.545551, -6.914676, 0.0 ], [ 107.545558, -6.915857, 0.0 ], [ 107.546462, -6.915852, 0.0 ], [ 107.54646, -6.915554, 0.0 ], [ 107.546611, -6.915588, 0.0 ], [ 107.546623, -6.915547, 0.0 ], [ 107.546636, -6.915549, 0.0 ], [ 107.546775, -6.915007, 0.0 ], [ 107.546551, -6.914948, 0.0 ], [ 107.547337, -6.914944, 0.0 ], [ 107.547329, -6.915016, 0.0 ], [ 107.547289, -6.915118, 0.0 ], [ 107.547281, -6.915174, 0.0 ], [ 107.547362, -6.91521, 0.0 ], [ 107.547363, -6.915264, 0.0 ], [ 107.547338, -6.915327, 0.0 ], [ 107.547355, -6.915367, 0.0 ], [ 107.547363, -6.915367, 0.0 ], [ 107.547365, -6.91562, 0.0 ], [ 107.547338, -6.915699, 0.0 ], [ 107.547323, -6.915775, 0.0 ], [ 107.547298, -6.91581, 0.0 ], [ 107.547366, -6.915849, 0.0 ], [ 107.547368, -6.916235, 0.0 ], [ 107.547259, -6.916185, 0.0 ], [ 107.547097, -6.916412, 0.0 ], [ 107.547031, -6.91661, 0.0 ], [ 107.546924, -6.91715, 0.0 ], [ 107.546927, -6.91723, 0.0 ], [ 107.546905, -6.917259, 0.0 ], [ 107.546815, -6.917232, 0.0 ], [ 107.546743, -6.917238, 0.0 ], [ 107.54669, -6.917323, 0.0 ], [ 107.546587, -6.917375, 0.0 ], [ 107.546557, -6.917383, 0.0 ], [ 107.546236, -6.917327, 0.0 ], [ 107.546219, -6.917498, 0.0 ], [ 107.546637, -6.917569, 0.0 ], [ 107.546702, -6.917702, 0.0 ], [ 107.546803, -6.91795, 0.0 ], [ 107.546485, -6.918284, 0.0 ], [ 107.546417, -6.91839, 0.0 ], [ 107.546325, -6.91839, 0.0 ], [ 107.546224, -6.918344, 0.0 ], [ 107.545961, -6.918192, 0.0 ], [ 107.545937, -6.918203, 0.0 ], [ 107.54587, -6.918169, 0.0 ], [ 107.545783, -6.918224, 0.0 ], [ 107.545643, -6.918225, 0.0 ], [ 107.545605, -6.918073, 0.0 ], [ 107.54551, -6.918063, 0.0 ], [ 107.545462, -6.917979, 0.0 ], [ 107.545358, -6.917866, 0.0 ], [ 107.545244, -6.917884, 0.0 ], [ 107.54516, -6.917816, 0.0 ], [ 107.544945, -6.917746, 0.0 ], [ 107.544939, -6.917705, 0.0 ], [ 107.544958, -6.917459, 0.0 ], [ 107.544863, -6.917374, 0.0 ], [ 107.544759, -6.917374, 0.0 ], [ 107.544616, -6.917318, 0.0 ], [ 107.544607, -6.91694, 0.0 ], [ 107.544626, -6.916591, 0.0 ], [ 107.544597, -6.916421, 0.0 ], [ 107.544626, -6.916336, 0.0 ], [ 107.544683, -6.916223, 0.0 ], [ 107.544768, -6.916157, 0.0 ], [ 107.544778, -6.916034, 0.0 ], [ 107.544749, -6.915921, 0.0 ], [ 107.544664, -6.915836, 0.0 ], [ 107.544635, -6.915723, 0.0 ], [ 107.544702, -6.915628, 0.0 ], [ 107.54474, -6.915525, 0.0 ], [ 107.54474, -6.915392, 0.0 ], [ 107.544778, -6.915251, 0.0 ], [ 107.54473, -6.915024, 0.0 ], [ 107.544835, -6.915034, 0.0 ], [ 107.54492, -6.915015, 0.0 ], [ 107.544968, -6.914949, 0.0 ], [ 107.544977, -6.914873, 0.0 ], [ 107.544968, -6.91476, 0.0 ], [ 107.54492, -6.9146, 0.0 ], [ 107.54493, -6.914468, 0.0 ], [ 107.544977, -6.914477, 0.0 ], [ 107.545424, -6.914439, 0.0 ] ], [ [ 107.546278, -6.916896, 0.0 ], [ 107.546267, -6.917008, 0.0 ], [ 107.546269, -6.917, 0.0 ], [ 107.546428, -6.917037, 0.0 ], [ 107.546431, -6.916914, 0.0 ], [ 107.546278, -6.916896, 0.0 ] ] ] ] } },
{ "type": "Feature", "properties": { "NAMOBJ": "Non Sawah", "JSWH": "Irigasi", "CTKSWH": "Tidak Ada Cetak Sawah", "LUASHA": 0.411476638113, "WADMKK": "Kota Cimahi" }, "geometry": { "type": "Polygon", "coordinates": [ [ [ 107.5247, -6.896206, 0.0 ], [ 107.524783, -6.896295, 0.0 ], [ 107.524534, -6.896415, 0.0 ], [ 107.524381, -6.896211, 0.0 ], [ 107.52409, -6.896337, 0.0 ], [ 107.524251, -6.89658, 0.0 ], [ 107.524161, -6.89664, 0.0 ], [ 107.523995, -6.896422, 0.0 ], [ 107.523787, -6.896497, 0.0 ], [ 107.523798, -6.896491, 0.0 ], [ 107.523639, -6.896193, 0.0 ], [ 107.524007, -6.896084, 0.0 ], [ 107.524108, -6.895978, 0.0 ], [ 107.524371, -6.895968, 0.0 ], [ 107.52444, -6.895988, 0.0 ], [ 107.524503, -6.896049, 0.0 ], [ 107.5247, -6.896206, 0.0 ] ] ] } },
{ "type": "Feature", "properties": { "NAMOBJ": "Non Sawah", "JSWH": "Irigasi", "CTKSWH": "Tidak Ada Cetak Sawah", "LUASHA": 0.32749593443300001, "WADMKK": "Kota Cimahi" }, "geometry": { "type": "Polygon", "coordinates": [ [ [ 107.523034, -6.895865, 0.0 ], [ 107.522856, -6.895959, 0.0 ], [ 107.522753, -6.895649, 0.0 ], [ 107.522911, -6.895578, 0.0 ], [ 107.522874, -6.895492, 0.0 ], [ 107.522756, -6.895114, 0.0 ], [ 107.523312, -6.894942, 0.0 ], [ 107.523417, -6.895128, 0.0 ], [ 107.523003, -6.895223, 0.0 ], [ 107.523039, -6.895446, 0.0 ], [ 107.523129, -6.895827, 0.0 ], [ 107.523034, -6.895865, 0.0 ] ] ] } },
{ "type": "Feature", "properties": { "NAMOBJ": "Sawah", "JSWH": "Irigasi", "CTKSWH": "Tidak Ada Cetak Sawah", "LUASHA": 5.9226244236899997e-05, "WADMKK": "Kota Cimahi" }, "geometry": { "type": "Polygon", "coordinates": [ [ [ 107.533628, -6.914913, 0.0 ], [ 107.533628, -6.914915, 0.0 ], [ 107.533624, -6.914895, 0.0 ], [ 107.53363, -6.914897, 0.0 ], [ 107.533628, -6.914913, 0.0 ] ] ] } },
{ "type": "Feature", "properties": { "NAMOBJ": "Sawah", "JSWH": "Irigasi", "CTKSWH": "Tidak Ada Cetak Sawah", "LUASHA": 0.00029411235616100002, "WADMKK": "Kota Cimahi" }, "geometry": { "type": "Polygon", "coordinates": [ [ [ 107.533603, -6.914819, 0.0 ], [ 107.533604, -6.914825, 0.0 ], [ 107.533588, -6.914791, 0.0 ], [ 107.533605, -6.914802, 0.0 ], [ 107.533603, -6.914819, 0.0 ] ] ] } },
{ "type": "Feature", "properties": { "NAMOBJ": "Sawah", "JSWH": "Irigasi", "CTKSWH": "Tidak Ada Cetak Sawah", "LUASHA": 0.00074947009630200003, "WADMKK": "Kota Cimahi" }, "geometry": { "type": "Polygon", "coordinates": [ [ [ 107.532119, -6.91141, 0.0 ], [ 107.532102, -6.911438, 0.0 ], [ 107.532075, -6.91141, 0.0 ], [ 107.532119, -6.91141, 0.0 ] ] ] } },
{ "type": "Feature", "properties": { "NAMOBJ": "Sawah", "JSWH": "Irigasi", "CTKSWH": "Tidak Ada Cetak Sawah", "LUASHA": 0.0076421152647000003, "WADMKK": "Kota Cimahi" }, "geometry": { "type": "Polygon", "coordinates": [ [ [ 107.518187, -6.917541, 0.0 ], [ 107.518182, -6.917581, 0.0 ], [ 107.51811, -6.917585, 0.0 ], [ 107.518082, -6.917578, 0.0 ], [ 107.518052, -6.917537, 0.0 ], [ 107.518178, -6.917524, 0.0 ], [ 107.518187, -6.917541, 0.0 ] ] ] } },
{ "type": "Feature", "properties": { "NAMOBJ": "Sawah", "JSWH": "Irigasi", "CTKSWH": "Tidak Ada Cetak Sawah", "LUASHA": 0.0361492469114, "WADMKK": "Kota Cimahi" }, "geometry": { "type": "Polygon", "coordinates": [ [ [ 107.533536, -6.910207, 0.0 ], [ 107.533539, -6.910216, 0.0 ], [ 107.533563, -6.910219, 0.0 ], [ 107.533583, -6.910192, 0.0 ], [ 107.533587, -6.910209, 0.0 ], [ 107.533643, -6.910243, 0.0 ], [ 107.533712, -6.910236, 0.0 ], [ 107.533711, -6.910247, 0.0 ], [ 107.533725, -6.910258, 0.0 ], [ 107.533758, -6.91039, 0.0 ], [ 107.533807, -6.910488, 0.0 ], [ 107.533796, -6.910549, 0.0 ], [ 107.533785, -6.910565, 0.0 ], [ 107.533768, -6.910506, 0.0 ], [ 107.533578, -6.910255, 0.0 ], [ 107.533457, -6.910167, 0.0 ], [ 107.533517, -6.910173, 0.0 ], [ 107.533534, -6.910192, 0.0 ], [ 107.533536, -6.910207, 0.0 ] ] ] } },
{ "type": "Feature", "properties": { "NAMOBJ": "Sawah", "JSWH": "Irigasi", "CTKSWH": "Tidak Ada Cetak Sawah", "LUASHA": 0.040214725376200001, "WADMKK": "Kota Cimahi" }, "geometry": { "type": "Polygon", "coordinates": [ [ [ 107.517946, -6.917223, 0.0 ], [ 107.517912, -6.917269, 0.0 ], [ 107.517904, -6.917229, 0.0 ], [ 107.517904, -6.917101, 0.0 ], [ 107.517918, -6.916987, 0.0 ], [ 107.517946, -6.916901, 0.0 ], [ 107.518003, -6.916837, 0.0 ], [ 107.518155, -6.916821, 0.0 ], [ 107.518081, -6.916853, 0.0 ], [ 107.518035, -6.91689, 0.0 ], [ 107.518, -6.916936, 0.0 ], [ 107.517992, -6.916988, 0.0 ], [ 107.517997, -6.91714, 0.0 ], [ 107.517988, -6.917178, 0.0 ], [ 107.517946, -6.917223, 0.0 ] ] ] } },
{ "type": "Feature", "properties": { "NAMOBJ": "Sawah", "JSWH": "Irigasi", "CTKSWH": "Tidak Ada Cetak Sawah", "LUASHA": 0.046605310309699999, "WADMKK": "Kota Cimahi" }, "geometry": { "type": "Polygon", "coordinates": [ [ [ 107.532346, -6.911799, 0.0 ], [ 107.53226, -6.911901, 0.0 ], [ 107.532132, -6.911781, 0.0 ], [ 107.532135, -6.911766, 0.0 ], [ 107.532253, -6.911617, 0.0 ], [ 107.532379, -6.911716, 0.0 ], [ 107.532346, -6.911799, 0.0 ] ] ] } },
{ "type": "Feature", "properties": { "NAMOBJ": "Sawah", "JSWH": "Irigasi", "CTKSWH": "Tidak Ada Cetak Sawah", "LUASHA": 0.10849263642699999, "WADMKK": "Kota Cimahi" }, "geometry": { "type": "Polygon", "coordinates": [ [ [ 107.528355, -6.909984, 0.0 ], [ 107.528685, -6.910199, 0.0 ], [ 107.528553, -6.910408, 0.0 ], [ 107.528345, -6.910263, 0.0 ], [ 107.528368, -6.910227, 0.0 ], [ 107.528334, -6.910188, 0.0 ], [ 107.5283, -6.910163, 0.0 ], [ 107.528285, -6.910163, 0.0 ], [ 107.528259, -6.910203, 0.0 ], [ 107.528234, -6.910186, 0.0 ], [ 107.528355, -6.909984, 0.0 ] ] ] } },
{ "type": "Feature", "properties": { "NAMOBJ": "Sawah", "JSWH": "Irigasi", "CTKSWH": "Tidak Ada Cetak Sawah", "LUASHA": 0.111671438323, "WADMKK": "Kota Cimahi" }, "geometry": { "type": "MultiPolygon", "coordinates": [ [ [ [ 107.53295, -6.912711, 0.0 ], [ 107.532961, -6.91271, 0.0 ], [ 107.532969, -6.912734, 0.0 ], [ 107.533033, -6.912794, 0.0 ], [ 107.532959, -6.912841, 0.0 ], [ 107.532985, -6.912943, 0.0 ], [ 107.533095, -6.912962, 0.0 ], [ 107.533137, -6.912957, 0.0 ], [ 107.533176, -6.912964, 0.0 ], [ 107.533165, -6.912975, 0.0 ], [ 107.533235, -6.912987, 0.0 ], [ 107.533171, -6.913102, 0.0 ], [ 107.533078, -6.913119, 0.0 ], [ 107.533075, -6.913141, 0.0 ], [ 107.532986, -6.913168, 0.0 ], [ 107.532954, -6.913214, 0.0 ], [ 107.532883, -6.913214, 0.0 ], [ 107.53288, -6.91265, 0.0 ], [ 107.532903, -6.912681, 0.0 ], [ 107.53295, -6.912711, 0.0 ] ] ], [ [ [ 107.532881, -6.912622, 0.0 ], [ 107.53288, -6.912624, 0.0 ], [ 107.532879, -6.912507, 0.0 ], [ 107.532904, -6.91258, 0.0 ], [ 107.532881, -6.912622, 0.0 ] ] ] ] } },
{ "type": "Feature", "properties": { "NAMOBJ": "Sawah", "JSWH": "Irigasi", "CTKSWH": "Tidak Ada Cetak Sawah", "LUASHA": 0.179757765992, "WADMKK": "Kota Cimahi" }, "geometry": { "type": "Polygon", "coordinates": [ [ [ 107.529267, -6.910555, 0.0 ], [ 107.529074, -6.91091, 0.0 ], [ 107.528872, -6.910698, 0.0 ], [ 107.528742, -6.910578, 0.0 ], [ 107.528884, -6.910358, 0.0 ], [ 107.528921, -6.910393, 0.0 ], [ 107.52896, -6.910411, 0.0 ], [ 107.529066, -6.910449, 0.0 ], [ 107.529136, -6.910458, 0.0 ], [ 107.529267, -6.910555, 0.0 ] ] ] } },
{ "type": "Feature", "properties": { "NAMOBJ": "Sawah", "JSWH": "Irigasi", "CTKSWH": "Tidak Ada Cetak Sawah", "LUASHA": 0.18869363817199999, "WADMKK": "Kota Cimahi" }, "geometry": { "type": "Polygon", "coordinates": [ [ [ 107.532967, -6.913471, 0.0 ], [ 107.532986, -6.913471, 0.0 ], [ 107.533005, -6.913482, 0.0 ], [ 107.533014, -6.913474, 0.0 ], [ 107.533023, -6.913507, 0.0 ], [ 107.533113, -6.913568, 0.0 ], [ 107.533042, -6.913681, 0.0 ], [ 107.533073, -6.913732, 0.0 ], [ 107.533113, -6.913775, 0.0 ], [ 107.53318, -6.913823, 0.0 ], [ 107.533242, -6.913886, 0.0 ], [ 107.533106, -6.914081, 0.0 ], [ 107.533144, -6.914116, 0.0 ], [ 107.532888, -6.914117, 0.0 ], [ 107.532884, -6.913422, 0.0 ], [ 107.532967, -6.913471, 0.0 ] ] ] } },
{ "type": "Feature", "properties": { "NAMOBJ": "Sawah", "JSWH": "Irigasi", "CTKSWH": "Tidak Ada Cetak Sawah", "LUASHA": 0.223545133402, "WADMKK": "Kota Cimahi" }, "geometry": { "type": "Polygon", "coordinates": [ [ [ 107.532522, -6.911803, 0.0 ], [ 107.532665, -6.911847, 0.0 ], [ 107.532685, -6.911882, 0.0 ], [ 107.532649, -6.911973, 0.0 ], [ 107.532652, -6.911988, 0.0 ], [ 107.532643, -6.912009, 0.0 ], [ 107.532652, -6.912059, 0.0 ], [ 107.532556, -6.912166, 0.0 ], [ 107.532535, -6.912203, 0.0 ], [ 107.532547, -6.912224, 0.0 ], [ 107.532575, -6.912236, 0.0 ], [ 107.532641, -6.912294, 0.0 ], [ 107.532656, -6.912294, 0.0 ], [ 107.532667, -6.912311, 0.0 ], [ 107.532147, -6.912314, 0.0 ], [ 107.532135, -6.912122, 0.0 ], [ 107.532188, -6.912118, 0.0 ], [ 107.532328, -6.911977, 0.0 ], [ 107.532494, -6.911789, 0.0 ], [ 107.532522, -6.911803, 0.0 ] ] ] } },
{ "type": "Feature", "properties": { "NAMOBJ": "Sawah", "JSWH": "Irigasi", "CTKSWH": "Tidak Ada Cetak Sawah", "LUASHA": 0.23133650323900001, "WADMKK": "Kota Cimahi" }, "geometry": { "type": "Polygon", "coordinates": [ [ [ 107.531381, -6.908052, 0.0 ], [ 107.531372, -6.908096, 0.0 ], [ 107.531329, -6.908055, 0.0 ], [ 107.531306, -6.908058, 0.0 ], [ 107.531139, -6.908188, 0.0 ], [ 107.531057, -6.908114, 0.0 ], [ 107.530985, -6.908188, 0.0 ], [ 107.530973, -6.908174, 0.0 ], [ 107.530833, -6.90809, 0.0 ], [ 107.530789, -6.908049, 0.0 ], [ 107.530749, -6.908005, 0.0 ], [ 107.530731, -6.90795, 0.0 ], [ 107.530749, -6.90791, 0.0 ], [ 107.530808, -6.907873, 0.0 ], [ 107.531167, -6.907789, 0.0 ], [ 107.531347, -6.907785, 0.0 ], [ 107.531376, -6.907807, 0.0 ], [ 107.531399, -6.907848, 0.0 ], [ 107.531391, -6.908002, 0.0 ], [ 107.531381, -6.908052, 0.0 ] ] ] } },
{ "type": "Feature", "properties": { "NAMOBJ": "Sawah", "JSWH": "Irigasi", "CTKSWH": "Tidak Ada Cetak Sawah", "LUASHA": 0.29735751427599999, "WADMKK": "Kota Cimahi" }, "geometry": { "type": "Polygon", "coordinates": [ [ [ 107.541757, -6.913233, 0.0 ], [ 107.541712, -6.913279, 0.0 ], [ 107.5416, -6.913269, 0.0 ], [ 107.541528, -6.913251, 0.0 ], [ 107.541424, -6.913176, 0.0 ], [ 107.541272, -6.913016, 0.0 ], [ 107.541207, -6.91298, 0.0 ], [ 107.541275, -6.912826, 0.0 ], [ 107.541207, -6.912819, 0.0 ], [ 107.541224, -6.912711, 0.0 ], [ 107.541205, -6.912503, 0.0 ], [ 107.541183, -6.912471, 0.0 ], [ 107.541161, -6.912349, 0.0 ], [ 107.541226, -6.91228, 0.0 ], [ 107.541334, -6.912455, 0.0 ], [ 107.541757, -6.913233, 0.0 ] ] ] } },
{ "type": "Feature", "properties": { "NAMOBJ": "Sawah", "JSWH": "Irigasi", "CTKSWH": "Tidak Ada Cetak Sawah", "LUASHA": 0.48723201503399999, "WADMKK": "Kota Cimahi" }, "geometry": { "type": "Polygon", "coordinates": [ [ [ 107.52967, -6.910889, 0.0 ], [ 107.529732, -6.910919, 0.0 ], [ 107.529762, -6.910947, 0.0 ], [ 107.529929, -6.911125, 0.0 ], [ 107.530019, -6.911257, 0.0 ], [ 107.530247, -6.911461, 0.0 ], [ 107.530367, -6.911584, 0.0 ], [ 107.53032, -6.911652, 0.0 ], [ 107.530147, -6.911528, 0.0 ], [ 107.529986, -6.911721, 0.0 ], [ 107.530124, -6.911839, 0.0 ], [ 107.530136, -6.911868, 0.0 ], [ 107.530032, -6.91203, 0.0 ], [ 107.530012, -6.912027, 0.0 ], [ 107.529968, -6.911972, 0.0 ], [ 107.529827, -6.911692, 0.0 ], [ 107.529772, -6.911634, 0.0 ], [ 107.529712, -6.911386, 0.0 ], [ 107.529578, -6.911242, 0.0 ], [ 107.529651, -6.911072, 0.0 ], [ 107.529444, -6.910936, 0.0 ], [ 107.529379, -6.910917, 0.0 ], [ 107.529299, -6.91107, 0.0 ], [ 107.529259, -6.911048, 0.0 ], [ 107.529398, -6.910733, 0.0 ], [ 107.529436, -6.910753, 0.0 ], [ 107.529482, -6.910757, 0.0 ], [ 107.529596, -6.910845, 0.0 ], [ 107.52967, -6.910889, 0.0 ] ] ] } },
{ "type": "Feature", "properties": { "NAMOBJ": "Non Sawah", "JSWH": "Irigasi", "CTKSWH": "Tidak Ada Cetak Sawah", "LUASHA": 0.44854224626799999, "WADMKK": "Kota Cimahi" }, "geometry": { "type": "Polygon", "coordinates": [ [ [ 107.535924, -6.914099, 0.0 ], [ 107.535933, -6.91411, 0.0 ], [ 107.535976, -6.914112, 0.0 ], [ 107.535986, -6.914147, 0.0 ], [ 107.535985, -6.914184, 0.0 ], [ 107.535964, -6.914243, 0.0 ], [ 107.535963, -6.914297, 0.0 ], [ 107.53594, -6.914346, 0.0 ], [ 107.535945, -6.914367, 0.0 ], [ 107.535973, -6.914352, 0.0 ], [ 107.535986, -6.914358, 0.0 ], [ 107.535988, -6.914386, 0.0 ], [ 107.535975, -6.914406, 0.0 ], [ 107.535978, -6.914454, 0.0 ], [ 107.535986, -6.914504, 0.0 ], [ 107.536001, -6.914514, 0.0 ], [ 107.536008, -6.914538, 0.0 ], [ 107.536012, -6.914581, 0.0 ], [ 107.536003, -6.914591, 0.0 ], [ 107.536017, -6.914614, 0.0 ], [ 107.536, -6.914671, 0.0 ], [ 107.53588, -6.91477, 0.0 ], [ 107.53586, -6.91478, 0.0 ], [ 107.535811, -6.914778, 0.0 ], [ 107.535791, -6.914809, 0.0 ], [ 107.535687, -6.914871, 0.0 ], [ 107.535625, -6.914962, 0.0 ], [ 107.535582, -6.914966, 0.0 ], [ 107.535367, -6.914835, 0.0 ], [ 107.535375, -6.914766, 0.0 ], [ 107.53539, -6.914727, 0.0 ], [ 107.53542, -6.914694, 0.0 ], [ 107.535489, -6.914558, 0.0 ], [ 107.535538, -6.914388, 0.0 ], [ 107.535543, -6.914348, 0.0 ], [ 107.535537, -6.914292, 0.0 ], [ 107.535498, -6.914233, 0.0 ], [ 107.535492, -6.914203, 0.0 ], [ 107.535715, -6.914125, 0.0 ], [ 107.53573, -6.914132, 0.0 ], [ 107.535759, -6.91413, 0.0 ], [ 107.535805, -6.914111, 0.0 ], [ 107.535836, -6.914077, 0.0 ], [ 107.535924, -6.914081, 0.0 ], [ 107.535924, -6.914099, 0.0 ] ] ] } },
{ "type": "Feature", "properties": { "NAMOBJ": "Sawah", "JSWH": "Irigasi", "CTKSWH": "Tidak Ada Cetak Sawah", "LUASHA": 0.73378853556800006, "WADMKK": "Kota Cimahi" }, "geometry": { "type": "Polygon", "coordinates": [ [ [ 107.519978, -6.915804, 0.0 ], [ 107.520238, -6.915879, 0.0 ], [ 107.520238, -6.915926, 0.0 ], [ 107.520207, -6.916092, 0.0 ], [ 107.520167, -6.916138, 0.0 ], [ 107.520132, -6.916147, 0.0 ], [ 107.519915, -6.916098, 0.0 ], [ 107.519791, -6.916098, 0.0 ], [ 107.519708, -6.916084, 0.0 ], [ 107.519625, -6.916061, 0.0 ], [ 107.519502, -6.916001, 0.0 ], [ 107.519333, -6.915989, 0.0 ], [ 107.518857, -6.915837, 0.0 ], [ 107.518837, -6.915849, 0.0 ], [ 107.518814, -6.915989, 0.0 ], [ 107.518777, -6.916012, 0.0 ], [ 107.518754, -6.916006, 0.0 ], [ 107.518751, -6.915872, 0.0 ], [ 107.51874, -6.915852, 0.0 ], [ 107.518665, -6.915843, 0.0 ], [ 107.518654, -6.91586, 0.0 ], [ 107.518608, -6.916147, 0.0 ], [ 107.518591, -6.916181, 0.0 ], [ 107.518516, -6.916198, 0.0 ], [ 107.518493, -6.916267, 0.0 ], [ 107.518476, -6.916273, 0.0 ], [ 107.518241, -6.916244, 0.0 ], [ 107.518318, -6.916135, 0.0 ], [ 107.518356, -6.916135, 0.0 ], [ 107.51841, -6.916161, 0.0 ], [ 107.518456, -6.916155, 0.0 ], [ 107.518496, -6.916115, 0.0 ], [ 107.518556, -6.916018, 0.0 ], [ 107.518548, -6.915972, 0.0 ], [ 107.518488, -6.91592, 0.0 ], [ 107.51849, -6.915892, 0.0 ], [ 107.518669, -6.9154, 0.0 ], [ 107.518764, -6.915491, 0.0 ], [ 107.519124, -6.91561, 0.0 ], [ 107.51948, -6.915717, 0.0 ], [ 107.519716, -6.915775, 0.0 ], [ 107.519978, -6.915804, 0.0 ] ] ] } },
{ "type": "Feature", "properties": { "NAMOBJ": "Sawah", "JSWH": "Irigasi", "CTKSWH": "Tidak Ada Cetak Sawah", "LUASHA": 1.1354733259700001, "WADMKK": "Kota Cimahi" }, "geometry": { "type": "Polygon", "coordinates": [ [ [ 107.520238, -6.915878, 0.0 ], [ 107.519978, -6.915804, 0.0 ], [ 107.519716, -6.915775, 0.0 ], [ 107.51948, -6.915717, 0.0 ], [ 107.519124, -6.91561, 0.0 ], [ 107.518764, -6.915491, 0.0 ], [ 107.518669, -6.9154, 0.0 ], [ 107.518705, -6.915314, 0.0 ], [ 107.518809, -6.915138, 0.0 ], [ 107.518951, -6.914941, 0.0 ], [ 107.519063, -6.914711, 0.0 ], [ 107.519086, -6.914688, 0.0 ], [ 107.519135, -6.914667, 0.0 ], [ 107.519222, -6.914688, 0.0 ], [ 107.519308, -6.914722, 0.0 ], [ 107.519464, -6.914823, 0.0 ], [ 107.519551, -6.914892, 0.0 ], [ 107.519721, -6.915158, 0.0 ], [ 107.519906, -6.915319, 0.0 ], [ 107.519938, -6.915418, 0.0 ], [ 107.519929, -6.915481, 0.0 ], [ 107.519946, -6.915533, 0.0 ], [ 107.520062, -6.915588, 0.0 ], [ 107.520134, -6.915643, 0.0 ], [ 107.52018, -6.915709, 0.0 ], [ 107.520209, -6.915764, 0.0 ], [ 107.520238, -6.915878, 0.0 ] ] ] } },
{ "type": "Feature", "properties": { "NAMOBJ": "Sawah", "JSWH": "Irigasi", "CTKSWH": "Tidak Ada Cetak Sawah", "LUASHA": 1.14292505387, "WADMKK": "Kota Cimahi" }, "geometry": { "type": "Polygon", "coordinates": [ [ [ 107.539185, -6.911004, 0.0 ], [ 107.539079, -6.911286, 0.0 ], [ 107.539024, -6.911486, 0.0 ], [ 107.53902, -6.911446, 0.0 ], [ 107.538455, -6.911141, 0.0 ], [ 107.538445, -6.911155, 0.0 ], [ 107.538191, -6.911047, 0.0 ], [ 107.538194, -6.911028, 0.0 ], [ 107.538239, -6.911016, 0.0 ], [ 107.538305, -6.910969, 0.0 ], [ 107.538365, -6.910949, 0.0 ], [ 107.53872, -6.910708, 0.0 ], [ 107.538635, -6.910585, 0.0 ], [ 107.539305, -6.90994, 0.0 ], [ 107.539455, -6.910046, 0.0 ], [ 107.539569, -6.91023, 0.0 ], [ 107.539702, -6.91038, 0.0 ], [ 107.539559, -6.91053, 0.0 ], [ 107.539185, -6.911004, 0.0 ] ] ] } },
{ "type": "Feature", "properties": { "NAMOBJ": "Non Sawah", "JSWH": "Irigasi", "CTKSWH": "Tidak Ada Cetak Sawah", "LUASHA": 1.0154415592799999, "WADMKK": "Kota Cimahi" }, "geometry": { "type": "Polygon", "coordinates": [ [ [ 107.535413, -6.915247, 0.0 ], [ 107.535445, -6.915251, 0.0 ], [ 107.535465, -6.915216, 0.0 ], [ 107.535503, -6.915221, 0.0 ], [ 107.535531, -6.915238, 0.0 ], [ 107.535571, -6.91524, 0.0 ], [ 107.535613, -6.915254, 0.0 ], [ 107.535624, -6.91525, 0.0 ], [ 107.53564, -6.915217, 0.0 ], [ 107.535656, -6.915204, 0.0 ], [ 107.535671, -6.915201, 0.0 ], [ 107.535739, -6.915238, 0.0 ], [ 107.535792, -6.915213, 0.0 ], [ 107.535814, -6.915222, 0.0 ], [ 107.53586, -6.915272, 0.0 ], [ 107.535857, -6.915298, 0.0 ], [ 107.535867, -6.915322, 0.0 ], [ 107.535913, -6.915379, 0.0 ], [ 107.535945, -6.915392, 0.0 ], [ 107.535991, -6.915389, 0.0 ], [ 107.53599, -6.915445, 0.0 ], [ 107.536012, -6.915538, 0.0 ], [ 107.536057, -6.915621, 0.0 ], [ 107.53612, -6.915694, 0.0 ], [ 107.536043, -6.915764, 0.0 ], [ 107.536019, -6.915777, 0.0 ], [ 107.535998, -6.915808, 0.0 ], [ 107.536019, -6.915863, 0.0 ], [ 107.536076, -6.915941, 0.0 ], [ 107.536067, -6.916026, 0.0 ], [ 107.536075, -6.91607, 0.0 ], [ 107.536067, -6.916086, 0.0 ], [ 107.536074, -6.916248, 0.0 ], [ 107.536067, -6.916284, 0.0 ], [ 107.535993, -6.916288, 0.0 ], [ 107.535944, -6.916307, 0.0 ], [ 107.535871, -6.91622, 0.0 ], [ 107.535858, -6.916225, 0.0 ], [ 107.535835, -6.9162, 0.0 ], [ 107.535802, -6.916183, 0.0 ], [ 107.535765, -6.916194, 0.0 ], [ 107.535744, -6.916174, 0.0 ], [ 107.535735, -6.916072, 0.0 ], [ 107.535724, -6.916026, 0.0 ], [ 107.535684, -6.916009, 0.0 ], [ 107.535625, -6.915949, 0.0 ], [ 107.535551, -6.915945, 0.0 ], [ 107.535377, -6.915955, 0.0 ], [ 107.535391, -6.916098, 0.0 ], [ 107.535386, -6.916116, 0.0 ], [ 107.53532, -6.916102, 0.0 ], [ 107.535223, -6.916208, 0.0 ], [ 107.535239, -6.916241, 0.0 ], [ 107.53523, -6.916272, 0.0 ], [ 107.53521, -6.91629, 0.0 ], [ 107.535177, -6.916302, 0.0 ], [ 107.534958, -6.91623, 0.0 ], [ 107.534929, -6.916215, 0.0 ], [ 107.534892, -6.916181, 0.0 ], [ 107.534927, -6.916019, 0.0 ], [ 107.535103, -6.916021, 0.0 ], [ 107.535112, -6.915928, 0.0 ], [ 107.535142, -6.915867, 0.0 ], [ 107.535174, -6.915759, 0.0 ], [ 107.535246, -6.915575, 0.0 ], [ 107.535263, -6.915512, 0.0 ], [ 107.535263, -6.915464, 0.0 ], [ 107.535275, -6.915418, 0.0 ], [ 107.535263, -6.915397, 0.0 ], [ 107.535146, -6.915325, 0.0 ], [ 107.535179, -6.915262, 0.0 ], [ 107.535288, -6.915127, 0.0 ], [ 107.53538, -6.915037, 0.0 ], [ 107.535444, -6.914987, 0.0 ], [ 107.535514, -6.91506, 0.0 ], [ 107.5355, -6.915087, 0.0 ], [ 107.535474, -6.915106, 0.0 ], [ 107.53544, -6.915155, 0.0 ], [ 107.535413, -6.915247, 0.0 ] ] ] } },
{ "type": "Feature", "properties": { "NAMOBJ": "Sawah", "JSWH": "Irigasi", "CTKSWH": "Tidak Ada Cetak Sawah", "LUASHA": 1.8056576958399999, "WADMKK": "Kota Cimahi" }, "geometry": { "type": "Polygon", "coordinates": [ [ [ 107.540069, -6.910686, 0.0 ], [ 107.540242, -6.910807, 0.0 ], [ 107.540372, -6.911014, 0.0 ], [ 107.540585, -6.911282, 0.0 ], [ 107.540572, -6.911563, 0.0 ], [ 107.5405, -6.911607, 0.0 ], [ 107.540461, -6.911697, 0.0 ], [ 107.540373, -6.912041, 0.0 ], [ 107.540107, -6.911989, 0.0 ], [ 107.539777, -6.911897, 0.0 ], [ 107.539647, -6.911837, 0.0 ], [ 107.539615, -6.911841, 0.0 ], [ 107.53944, -6.911914, 0.0 ], [ 107.539375, -6.911869, 0.0 ], [ 107.539344, -6.911817, 0.0 ], [ 107.539327, -6.911808, 0.0 ], [ 107.539298, -6.911754, 0.0 ], [ 107.539133, -6.911687, 0.0 ], [ 107.539162, -6.911529, 0.0 ], [ 107.539221, -6.911409, 0.0 ], [ 107.53932, -6.911014, 0.0 ], [ 107.539385, -6.910858, 0.0 ], [ 107.539452, -6.910773, 0.0 ], [ 107.539558, -6.910788, 0.0 ], [ 107.539576, -6.910767, 0.0 ], [ 107.539624, -6.910511, 0.0 ], [ 107.539736, -6.910458, 0.0 ], [ 107.539725, -6.910506, 0.0 ], [ 107.539924, -6.910589, 0.0 ], [ 107.540069, -6.910686, 0.0 ] ] ] } },
{ "type": "Feature", "properties": { "NAMOBJ": "Sawah", "JSWH": "Irigasi", "CTKSWH": "Tidak Ada Cetak Sawah", "LUASHA": 3.03154658419, "WADMKK": "Kota Cimahi" }, "geometry": { "type": "Polygon", "coordinates": [ [ [ 107.53288, -6.91265, 0.0 ], [ 107.532883, -6.913296, 0.0 ], [ 107.532855, -6.913323, 0.0 ], [ 107.532834, -6.91339, 0.0 ], [ 107.532839, -6.9134, 0.0 ], [ 107.532884, -6.913422, 0.0 ], [ 107.532888, -6.914117, 0.0 ], [ 107.533141, -6.914116, 0.0 ], [ 107.533199, -6.914175, 0.0 ], [ 107.533334, -6.914252, 0.0 ], [ 107.533389, -6.914206, 0.0 ], [ 107.53346, -6.914197, 0.0 ], [ 107.533567, -6.914218, 0.0 ], [ 107.533615, -6.914254, 0.0 ], [ 107.533558, -6.914368, 0.0 ], [ 107.533544, -6.914428, 0.0 ], [ 107.533562, -6.914539, 0.0 ], [ 107.533554, -6.914547, 0.0 ], [ 107.533554, -6.914644, 0.0 ], [ 107.533569, -6.914678, 0.0 ], [ 107.533558, -6.914688, 0.0 ], [ 107.533559, -6.91471, 0.0 ], [ 107.533573, -6.914729, 0.0 ], [ 107.533581, -6.914783, 0.0 ], [ 107.533599, -6.914822, 0.0 ], [ 107.533481, -6.914802, 0.0 ], [ 107.533433, -6.914835, 0.0 ], [ 107.533367, -6.914946, 0.0 ], [ 107.53328, -6.914927, 0.0 ], [ 107.533093, -6.91477, 0.0 ], [ 107.532867, -6.914575, 0.0 ], [ 107.53279, -6.914456, 0.0 ], [ 107.532651, -6.91439, 0.0 ], [ 107.532473, -6.914329, 0.0 ], [ 107.532305, -6.914186, 0.0 ], [ 107.532093, -6.913986, 0.0 ], [ 107.531805, -6.913797, 0.0 ], [ 107.531714, -6.913711, 0.0 ], [ 107.531665, -6.91352, 0.0 ], [ 107.531568, -6.913391, 0.0 ], [ 107.531381, -6.913273, 0.0 ], [ 107.531757, -6.912912, 0.0 ], [ 107.531722, -6.912828, 0.0 ], [ 107.531761, -6.912805, 0.0 ], [ 107.531794, -6.912768, 0.0 ], [ 107.531817, -6.9127, 0.0 ], [ 107.531909, -6.912633, 0.0 ], [ 107.532062, -6.912753, 0.0 ], [ 107.532229, -6.91253, 0.0 ], [ 107.532128, -6.912447, 0.0 ], [ 107.532151, -6.912377, 0.0 ], [ 107.532147, -6.912314, 0.0 ], [ 107.532667, -6.912311, 0.0 ], [ 107.532784, -6.912407, 0.0 ], [ 107.532836, -6.912435, 0.0 ], [ 107.532858, -6.912467, 0.0 ], [ 107.532879, -6.912507, 0.0 ], [ 107.53288, -6.912624, 0.0 ], [ 107.532873, -6.912633, 0.0 ], [ 107.53288, -6.91265, 0.0 ] ] ] } },
{ "type": "Feature", "properties": { "NAMOBJ": "Sawah", "JSWH": "Irigasi", "CTKSWH": "Tidak Ada Cetak Sawah", "LUASHA": 4.2269656755599998, "WADMKK": "Kota Cimahi" }, "geometry": { "type": "Polygon", "coordinates": [ [ [ 107.531535, -6.908498, 0.0 ], [ 107.531627, -6.908555, 0.0 ], [ 107.531632, -6.908568, 0.0 ], [ 107.531684, -6.908584, 0.0 ], [ 107.531721, -6.908631, 0.0 ], [ 107.531769, -6.908673, 0.0 ], [ 107.531801, -6.908694, 0.0 ], [ 107.531841, -6.908707, 0.0 ], [ 107.531918, -6.908775, 0.0 ], [ 107.53205, -6.908847, 0.0 ], [ 107.532085, -6.90889, 0.0 ], [ 107.532096, -6.908889, 0.0 ], [ 107.532118, -6.908921, 0.0 ], [ 107.532143, -6.908939, 0.0 ], [ 107.532147, -6.90897, 0.0 ], [ 107.532187, -6.909021, 0.0 ], [ 107.532242, -6.909064, 0.0 ], [ 107.532246, -6.9091, 0.0 ], [ 107.532291, -6.909154, 0.0 ], [ 107.532327, -6.909283, 0.0 ], [ 107.532344, -6.909304, 0.0 ], [ 107.532341, -6.909367, 0.0 ], [ 107.532325, -6.909413, 0.0 ], [ 107.532306, -6.90943, 0.0 ], [ 107.53227, -6.909438, 0.0 ], [ 107.532238, -6.909457, 0.0 ], [ 107.532184, -6.909521, 0.0 ], [ 107.532208, -6.90953, 0.0 ], [ 107.532282, -6.9096, 0.0 ], [ 107.532347, -6.909637, 0.0 ], [ 107.532381, -6.909665, 0.0 ], [ 107.532435, -6.909729, 0.0 ], [ 107.532483, -6.909754, 0.0 ], [ 107.532525, -6.9098, 0.0 ], [ 107.532607, -6.909868, 0.0 ], [ 107.532619, -6.909888, 0.0 ], [ 107.532657, -6.909904, 0.0 ], [ 107.532686, -6.909875, 0.0 ], [ 107.532738, -6.909865, 0.0 ], [ 107.532795, -6.909893, 0.0 ], [ 107.532812, -6.909908, 0.0 ], [ 107.53282, -6.909929, 0.0 ], [ 107.532833, -6.909931, 0.0 ], [ 107.532897, -6.909988, 0.0 ], [ 107.532915, -6.909989, 0.0 ], [ 107.532919, -6.909971, 0.0 ], [ 107.533007, -6.910022, 0.0 ], [ 107.533054, -6.910018, 0.0 ], [ 107.533101, -6.910032, 0.0 ], [ 107.533134, -6.910052, 0.0 ], [ 107.53316, -6.91008, 0.0 ], [ 107.533187, -6.91008, 0.0 ], [ 107.533192, -6.910089, 0.0 ], [ 107.53318, -6.91011, 0.0 ], [ 107.533197, -6.910092, 0.0 ], [ 107.533225, -6.910088, 0.0 ], [ 107.533273, -6.910114, 0.0 ], [ 107.53332, -6.910121, 0.0 ], [ 107.533332, -6.910114, 0.0 ], [ 107.533346, -6.910117, 0.0 ], [ 107.533368, -6.910146, 0.0 ], [ 107.533392, -6.910159, 0.0 ], [ 107.533411, -6.910154, 0.0 ], [ 107.533448, -6.910173, 0.0 ], [ 107.533457, -6.910167, 0.0 ], [ 107.533578, -6.910255, 0.0 ], [ 107.533768, -6.910506, 0.0 ], [ 107.533785, -6.910565, 0.0 ], [ 107.53376, -6.910604, 0.0 ], [ 107.533756, -6.910597, 0.0 ], [ 107.533745, -6.910613, 0.0 ], [ 107.533755, -6.91063, 0.0 ], [ 107.533747, -6.9107, 0.0 ], [ 107.533773, -6.910743, 0.0 ], [ 107.533764, -6.91078, 0.0 ], [ 107.533684, -6.910795, 0.0 ], [ 107.533551, -6.910763, 0.0 ], [ 107.533515, -6.910745, 0.0 ], [ 107.533447, -6.910774, 0.0 ], [ 107.53338, -6.91085, 0.0 ], [ 107.533387, -6.910968, 0.0 ], [ 107.533377, -6.91104, 0.0 ], [ 107.533292, -6.911195, 0.0 ], [ 107.533117, -6.91108, 0.0 ], [ 107.533071, -6.911081, 0.0 ], [ 107.532963, -6.911051, 0.0 ], [ 107.532953, -6.911022, 0.0 ], [ 107.532918, -6.91099, 0.0 ], [ 107.532841, -6.910957, 0.0 ], [ 107.532783, -6.910963, 0.0 ], [ 107.532759, -6.910985, 0.0 ], [ 107.532622, -6.911242, 0.0 ], [ 107.532413, -6.911097, 0.0 ], [ 107.532267, -6.911025, 0.0 ], [ 107.532227, -6.911104, 0.0 ], [ 107.53226, -6.911171, 0.0 ], [ 107.532119, -6.91141, 0.0 ], [ 107.532075, -6.91141, 0.0 ], [ 107.532044, -6.911378, 0.0 ], [ 107.53199, -6.911349, 0.0 ], [ 107.532047, -6.911257, 0.0 ], [ 107.531977, -6.911222, 0.0 ], [ 107.53192, -6.91131, 0.0 ], [ 107.531547, -6.911095, 0.0 ], [ 107.531559, -6.911027, 0.0 ], [ 107.531519, -6.911011, 0.0 ], [ 107.531538, -6.91087, 0.0 ], [ 107.531533, -6.910714, 0.0 ], [ 107.531503, -6.910575, 0.0 ], [ 107.531558, -6.91048, 0.0 ], [ 107.531602, -6.910504, 0.0 ], [ 107.531677, -6.910365, 0.0 ], [ 107.532032, -6.910547, 0.0 ], [ 107.532085, -6.910522, 0.0 ], [ 107.532085, -6.910444, 0.0 ], [ 107.532132, -6.910398, 0.0 ], [ 107.532207, -6.91038, 0.0 ], [ 107.532274, -6.910373, 0.0 ], [ 107.532292, -6.910378, 0.0 ], [ 107.532317, -6.910336, 0.0 ], [ 107.53234, -6.910327, 0.0 ], [ 107.53245, -6.910359, 0.0 ], [ 107.532477, -6.910357, 0.0 ], [ 107.532508, -6.910327, 0.0 ], [ 107.532545, -6.910258, 0.0 ], [ 107.53259, -6.910259, 0.0 ], [ 107.532577, -6.910221, 0.0 ], [ 107.532513, -6.910207, 0.0 ], [ 107.532435, -6.910221, 0.0 ], [ 107.532385, -6.910186, 0.0 ], [ 107.531896, -6.909945, 0.0 ], [ 107.531843, -6.910023, 0.0 ], [ 107.531818, -6.91009, 0.0 ], [ 107.531768, -6.910171, 0.0 ], [ 107.531768, -6.910246, 0.0 ], [ 107.531722, -6.91031, 0.0 ], [ 107.531705, -6.910353, 0.0 ], [ 107.531611, -6.910314, 0.0 ], [ 107.531555, -6.910407, 0.0 ], [ 107.531516, -6.910456, 0.0 ], [ 107.531479, -6.910481, 0.0 ], [ 107.531435, -6.910404, 0.0 ], [ 107.531336, -6.910272, 0.0 ], [ 107.531279, -6.91024, 0.0 ], [ 107.531387, -6.910044, 0.0 ], [ 107.531282, -6.909985, 0.0 ], [ 107.531175, -6.910172, 0.0 ], [ 107.531131, -6.910114, 0.0 ], [ 107.531065, -6.910048, 0.0 ], [ 107.531037, -6.910004, 0.0 ], [ 107.531015, -6.909914, 0.0 ], [ 107.531018, -6.909799, 0.0 ], [ 107.531051, -6.909685, 0.0 ], [ 107.531119, -6.909574, 0.0 ], [ 107.531165, -6.909558, 0.0 ], [ 107.53117, -6.909531, 0.0 ], [ 107.531161, -6.909496, 0.0 ], [ 107.531316, -6.909367, 0.0 ], [ 107.531454, -6.909213, 0.0 ], [ 107.531549, -6.90909, 0.0 ], [ 107.531597, -6.908932, 0.0 ], [ 107.5316, -6.908837, 0.0 ], [ 107.531578, -6.908767, 0.0 ], [ 107.531542, -6.908712, 0.0 ], [ 107.531518, -6.908695, 0.0 ], [ 107.531516, -6.908672, 0.0 ], [ 107.531473, -6.90864, 0.0 ], [ 107.531429, -6.908561, 0.0 ], [ 107.531476, -6.908499, 0.0 ], [ 107.531512, -6.908493, 0.0 ], [ 107.531535, -6.908498, 0.0 ] ] ] } },
{ "type": "Feature", "properties": { "NAMOBJ": "Sawah", "JSWH": "Irigasi", "CTKSWH": "Tidak Ada Cetak Sawah", "LUASHA": 9.8063448315800006, "WADMKK": "Kota Cimahi" }, "geometry": { "type": "Polygon", "coordinates": [ [ [ 107.530736, -6.912008, 0.0 ], [ 107.530848, -6.912065, 0.0 ], [ 107.530901, -6.912138, 0.0 ], [ 107.531101, -6.912333, 0.0 ], [ 107.531189, -6.91245, 0.0 ], [ 107.531182, -6.91248, 0.0 ], [ 107.53113, -6.912528, 0.0 ], [ 107.531257, -6.912752, 0.0 ], [ 107.531218, -6.912773, 0.0 ], [ 107.531255, -6.912825, 0.0 ], [ 107.531315, -6.91287, 0.0 ], [ 107.531413, -6.912917, 0.0 ], [ 107.531494, -6.912971, 0.0 ], [ 107.531471, -6.913012, 0.0 ], [ 107.531507, -6.913023, 0.0 ], [ 107.531316, -6.913229, 0.0 ], [ 107.531326, -6.913315, 0.0 ], [ 107.531456, -6.913396, 0.0 ], [ 107.531576, -6.913534, 0.0 ], [ 107.531649, -6.913758, 0.0 ], [ 107.53176, -6.913892, 0.0 ], [ 107.532144, -6.914138, 0.0 ], [ 107.53226, -6.914252, 0.0 ], [ 107.532399, -6.914419, 0.0 ], [ 107.532543, -6.91449, 0.0 ], [ 107.532697, -6.914537, 0.0 ], [ 107.532904, -6.914722, 0.0 ], [ 107.533182, -6.91495, 0.0 ], [ 107.533264, -6.915007, 0.0 ], [ 107.533393, -6.914992, 0.0 ], [ 107.533488, -6.914915, 0.0 ], [ 107.533536, -6.914863, 0.0 ], [ 107.533624, -6.914895, 0.0 ], [ 107.533628, -6.91493, 0.0 ], [ 107.533618, -6.91494, 0.0 ], [ 107.533608, -6.914996, 0.0 ], [ 107.533599, -6.91501, 0.0 ], [ 107.533605, -6.915053, 0.0 ], [ 107.53358, -6.915135, 0.0 ], [ 107.533596, -6.915193, 0.0 ], [ 107.533581, -6.915232, 0.0 ], [ 107.533486, -6.915317, 0.0 ], [ 107.533465, -6.915315, 0.0 ], [ 107.533397, -6.915352, 0.0 ], [ 107.533325, -6.915409, 0.0 ], [ 107.533314, -6.915423, 0.0 ], [ 107.533313, -6.915453, 0.0 ], [ 107.533297, -6.915482, 0.0 ], [ 107.533242, -6.915519, 0.0 ], [ 107.533228, -6.915539, 0.0 ], [ 107.533187, -6.915674, 0.0 ], [ 107.53313, -6.915664, 0.0 ], [ 107.533103, -6.915681, 0.0 ], [ 107.533081, -6.915779, 0.0 ], [ 107.53305, -6.915828, 0.0 ], [ 107.533057, -6.915875, 0.0 ], [ 107.533053, -6.915936, 0.0 ], [ 107.533085, -6.91596, 0.0 ], [ 107.533088, -6.915971, 0.0 ], [ 107.533077, -6.916057, 0.0 ], [ 107.53308, -6.916118, 0.0 ], [ 107.533071, -6.916163, 0.0 ], [ 107.533079, -6.916191, 0.0 ], [ 107.533076, -6.916222, 0.0 ], [ 107.533122, -6.916244, 0.0 ], [ 107.533132, -6.916286, 0.0 ], [ 107.533119, -6.916371, 0.0 ], [ 107.533131, -6.916446, 0.0 ], [ 107.533113, -6.916522, 0.0 ], [ 107.533122, -6.916528, 0.0 ], [ 107.533146, -6.916608, 0.0 ], [ 107.533147, -6.916642, 0.0 ], [ 107.533159, -6.916664, 0.0 ], [ 107.533149, -6.916661, 0.0 ], [ 107.533139, -6.916734, 0.0 ], [ 107.533165, -6.916774, 0.0 ], [ 107.533169, -6.916797, 0.0 ], [ 107.533163, -6.916883, 0.0 ], [ 107.533175, -6.91692, 0.0 ], [ 107.533175, -6.91696, 0.0 ], [ 107.533165, -6.916967, 0.0 ], [ 107.533165, -6.917013, 0.0 ], [ 107.533175, -6.91713, 0.0 ], [ 107.533156, -6.917214, 0.0 ], [ 107.533175, -6.91736, 0.0 ], [ 107.533141, -6.91736, 0.0 ], [ 107.533079, -6.917336, 0.0 ], [ 107.533072, -6.917346, 0.0 ], [ 107.53308, -6.917352, 0.0 ], [ 107.533079, -6.917371, 0.0 ], [ 107.533052, -6.91738, 0.0 ], [ 107.533013, -6.917416, 0.0 ], [ 107.533026, -6.917428, 0.0 ], [ 107.533022, -6.917508, 0.0 ], [ 107.533045, -6.91754, 0.0 ], [ 107.533078, -6.917566, 0.0 ], [ 107.533107, -6.917557, 0.0 ], [ 107.533131, -6.917563, 0.0 ], [ 107.533214, -6.917641, 0.0 ], [ 107.533328, -6.917701, 0.0 ], [ 107.533335, -6.917715, 0.0 ], [ 107.533323, -6.917742, 0.0 ], [ 107.533318, -6.917787, 0.0 ], [ 107.533377, -6.917816, 0.0 ], [ 107.533427, -6.917852, 0.0 ], [ 107.533425, -6.917901, 0.0 ], [ 107.533354, -6.918097, 0.0 ], [ 107.533354, -6.918166, 0.0 ], [ 107.533179, -6.918097, 0.0 ], [ 107.53316, -6.918028, 0.0 ], [ 107.533115, -6.917992, 0.0 ], [ 107.532951, -6.917937, 0.0 ], [ 107.53283, -6.917923, 0.0 ], [ 107.532739, -6.917883, 0.0 ], [ 107.532646, -6.917859, 0.0 ], [ 107.532323, -6.91773, 0.0 ], [ 107.53213, -6.917647, 0.0 ], [ 107.532075, -6.917616, 0.0 ], [ 107.532049, -6.917583, 0.0 ], [ 107.532097, -6.917438, 0.0 ], [ 107.531835, -6.917419, 0.0 ], [ 107.531633, -6.917426, 0.0 ], [ 107.531492, -6.9174, 0.0 ], [ 107.531342, -6.917449, 0.0 ], [ 107.531241, -6.917434, 0.0 ], [ 107.531174, -6.917401, 0.0 ], [ 107.531183, -6.917299, 0.0 ], [ 107.531194, -6.917301, 0.0 ], [ 107.531201, -6.917269, 0.0 ], [ 107.531189, -6.917075, 0.0 ], [ 107.531123, -6.916745, 0.0 ], [ 107.530914, -6.916745, 0.0 ], [ 107.530896, -6.916716, 0.0 ], [ 107.530875, -6.916567, 0.0 ], [ 107.530906, -6.916569, 0.0 ], [ 107.530913, -6.91656, 0.0 ], [ 107.530909, -6.916554, 0.0 ], [ 107.530926, -6.916545, 0.0 ], [ 107.530901, -6.916528, 0.0 ], [ 107.53088, -6.916498, 0.0 ], [ 107.531328, -6.91647, 0.0 ], [ 107.531328, -6.916377, 0.0 ], [ 107.53145, -6.916365, 0.0 ], [ 107.531464, -6.916286, 0.0 ], [ 107.531625, -6.916271, 0.0 ], [ 107.531612, -6.915938, 0.0 ], [ 107.531566, -6.915888, 0.0 ], [ 107.531565, -6.915712, 0.0 ], [ 107.531748, -6.915747, 0.0 ], [ 107.531739, -6.915532, 0.0 ], [ 107.531668, -6.91551, 0.0 ], [ 107.531714, -6.915223, 0.0 ], [ 107.531423, -6.915151, 0.0 ], [ 107.531412, -6.915204, 0.0 ], [ 107.531455, -6.91532, 0.0 ], [ 107.531307, -6.915328, 0.0 ], [ 107.5313, -6.915301, 0.0 ], [ 107.531289, -6.915295, 0.0 ], [ 107.531292, -6.915274, 0.0 ], [ 107.531276, -6.915243, 0.0 ], [ 107.531275, -6.915216, 0.0 ], [ 107.531282, -6.915179, 0.0 ], [ 107.531335, -6.915124, 0.0 ], [ 107.531343, -6.915106, 0.0 ], [ 107.53132, -6.915023, 0.0 ], [ 107.531322, -6.914997, 0.0 ], [ 107.53131, -6.914951, 0.0 ], [ 107.531313, -6.914912, 0.0 ], [ 107.531304, -6.914889, 0.0 ], [ 107.531325, -6.9148, 0.0 ], [ 107.531208, -6.914755, 0.0 ], [ 107.531095, -6.914756, 0.0 ], [ 107.531091, -6.914691, 0.0 ], [ 107.531096, -6.91468, 0.0 ], [ 107.531159, -6.914674, 0.0 ], [ 107.53117, -6.914663, 0.0 ], [ 107.531152, -6.914613, 0.0 ], [ 107.53117, -6.914563, 0.0 ], [ 107.531199, -6.914513, 0.0 ], [ 107.531211, -6.914452, 0.0 ], [ 107.531206, -6.914411, 0.0 ], [ 107.53123, -6.914366, 0.0 ], [ 107.531239, -6.91431, 0.0 ], [ 107.531286, -6.914275, 0.0 ], [ 107.531306, -6.914251, 0.0 ], [ 107.531331, -6.914149, 0.0 ], [ 107.531246, -6.914084, 0.0 ], [ 107.531256, -6.914025, 0.0 ], [ 107.531302, -6.913953, 0.0 ], [ 107.5313, -6.91394, 0.0 ], [ 107.531164, -6.913868, 0.0 ], [ 107.531101, -6.913823, 0.0 ], [ 107.531095, -6.913797, 0.0 ], [ 107.531079, -6.913785, 0.0 ], [ 107.531085, -6.913738, 0.0 ], [ 107.530943, -6.913636, 0.0 ], [ 107.531007, -6.9135, 0.0 ], [ 107.531041, -6.913515, 0.0 ], [ 107.531145, -6.913298, 0.0 ], [ 107.531205, -6.913312, 0.0 ], [ 107.531262, -6.913216, 0.0 ], [ 107.531013, -6.913098, 0.0 ], [ 107.530948, -6.913206, 0.0 ], [ 107.530841, -6.913427, 0.0 ], [ 107.530736, -6.91361, 0.0 ], [ 107.530693, -6.913715, 0.0 ], [ 107.530681, -6.913733, 0.0 ], [ 107.530657, -6.913733, 0.0 ], [ 107.530642, -6.913721, 0.0 ], [ 107.530535, -6.913565, 0.0 ], [ 107.530557, -6.9135, 0.0 ], [ 107.530538, -6.913491, 0.0 ], [ 107.530602, -6.913387, 0.0 ], [ 107.530427, -6.913328, 0.0 ], [ 107.530428, -6.913244, 0.0 ], [ 107.530455, -6.913128, 0.0 ], [ 107.53052, -6.912979, 0.0 ], [ 107.530304, -6.912889, 0.0 ], [ 107.530255, -6.912974, 0.0 ], [ 107.530174, -6.913145, 0.0 ], [ 107.530133, -6.913174, 0.0 ], [ 107.530073, -6.91318, 0.0 ], [ 107.530025, -6.913132, 0.0 ], [ 107.529935, -6.912832, 0.0 ], [ 107.529965, -6.91273, 0.0 ], [ 107.530049, -6.912575, 0.0 ], [ 107.530076, -6.912484, 0.0 ], [ 107.530208, -6.912546, 0.0 ], [ 107.530261, -6.912445, 0.0 ], [ 107.530296, -6.912405, 0.0 ], [ 107.53019, -6.912319, 0.0 ], [ 107.530088, -6.912259, 0.0 ], [ 107.530092, -6.912202, 0.0 ], [ 107.530169, -6.912084, 0.0 ], [ 107.530155, -6.912084, 0.0 ], [ 107.530148, -6.912064, 0.0 ], [ 107.530192, -6.912055, 0.0 ], [ 107.530203, -6.912036, 0.0 ], [ 107.530232, -6.912038, 0.0 ], [ 107.530246, -6.91207, 0.0 ], [ 107.53028, -6.912086, 0.0 ], [ 107.53031, -6.912122, 0.0 ], [ 107.530361, -6.912135, 0.0 ], [ 107.530448, -6.912181, 0.0 ], [ 107.530478, -6.91216, 0.0 ], [ 107.53049, -6.912118, 0.0 ], [ 107.530539, -6.912116, 0.0 ], [ 107.53057, -6.912089, 0.0 ], [ 107.530616, -6.91202, 0.0 ], [ 107.530632, -6.912039, 0.0 ], [ 107.530657, -6.912051, 0.0 ], [ 107.530705, -6.912063, 0.0 ], [ 107.530736, -6.912008, 0.0 ] ], [ [ 107.530317, -6.91267, 0.0 ], [ 107.530394, -6.912707, 0.0 ], [ 107.53042, -6.912643, 0.0 ], [ 107.530349, -6.912605, 0.0 ], [ 107.530317, -6.91267, 0.0 ] ], [ [ 107.531107, -6.913507, 0.0 ], [ 107.531171, -6.913539, 0.0 ], [ 107.531203, -6.913484, 0.0 ], [ 107.531146, -6.913448, 0.0 ], [ 107.531107, -6.913507, 0.0 ] ] ] } },
{ "type": "Feature", "properties": { "NAMOBJ": "Sawah", "JSWH": "Non Irigasi", "CTKSWH": "Tidak Ada Cetak Sawah", "LUASHA": 0.00096535726901300005, "WADMKK": "Kota Cimahi" }, "geometry": { "type": "Polygon", "coordinates": [ [ [ 107.530427, -6.913325, 0.0 ], [ 107.530408, -6.913314, 0.0 ], [ 107.530421, -6.913286, 0.0 ], [ 107.530418, -6.913274, 0.0 ], [ 107.530428, -6.913244, 0.0 ], [ 107.530427, -6.913325, 0.0 ] ] ] } },
{ "type": "Feature", "properties": { "NAMOBJ": "Non Sawah", "JSWH": "Irigasi", "CTKSWH": "Tidak Ada Cetak Sawah", "LUASHA": 0.022426526006500001, "WADMKK": "Kota Cimahi" }, "geometry": { "type": "Polygon", "coordinates": [ [ [ 107.53052, -6.912979, 0.0 ], [ 107.530455, -6.913128, 0.0 ], [ 107.530471, -6.913048, 0.0 ], [ 107.530301, -6.91299, 0.0 ], [ 107.530337, -6.912919, 0.0 ], [ 107.530296, -6.912904, 0.0 ], [ 107.530304, -6.912889, 0.0 ], [ 107.53052, -6.912979, 0.0 ] ] ] } },
{ "type": "Feature", "properties": { "NAMOBJ": "Sawah", "JSWH": "Non Irigasi", "CTKSWH": "Tidak Ada Cetak Sawah", "LUASHA": 0.0073199864211099998, "WADMKK": "Kota Cimahi" }, "geometry": { "type": "Polygon", "coordinates": [ [ [ 107.532151, -6.912377, 0.0 ], [ 107.532128, -6.912447, 0.0 ], [ 107.532076, -6.912404, 0.0 ], [ 107.532098, -6.912378, 0.0 ], [ 107.532105, -6.912314, 0.0 ], [ 107.532147, -6.912314, 0.0 ], [ 107.532151, -6.912377, 0.0 ] ] ] } },
{ "type": "Feature", "properties": { "NAMOBJ": "Non Sawah", "JSWH": "Irigasi", "CTKSWH": "Tidak Ada Cetak Sawah", "LUASHA": 0.033289822398100001, "WADMKK": "Kota Cimahi" }, "geometry": { "type": "Polygon", "coordinates": [ [ [ 107.532229, -6.91253, 0.0 ], [ 107.532062, -6.912753, 0.0 ], [ 107.531909, -6.912633, 0.0 ], [ 107.531994, -6.91257, 0.0 ], [ 107.532081, -6.91263, 0.0 ], [ 107.532134, -6.91256, 0.0 ], [ 107.532149, -6.912572, 0.0 ], [ 107.532201, -6.912507, 0.0 ], [ 107.532229, -6.91253, 0.0 ] ] ] } },
{ "type": "Feature", "properties": { "NAMOBJ": "Sawah", "JSWH": "Non Irigasi", "CTKSWH": "Tidak Ada Cetak Sawah", "LUASHA": 0.00038103770031499998, "WADMKK": "Kota Cimahi" }, "geometry": { "type": "Polygon", "coordinates": [ [ [ 107.530089, -6.912222, 0.0 ], [ 107.530088, -6.912259, 0.0 ], [ 107.530078, -6.912254, 0.0 ], [ 107.530091, -6.912205, 0.0 ], [ 107.530089, -6.912222, 0.0 ] ] ] } },
{ "type": "Feature", "properties": { "NAMOBJ": "Sawah", "JSWH": "Irigasi", "CTKSWH": "Tidak Ada Cetak Sawah", "LUASHA": 0.0075813198153099996, "WADMKK": "Kota Cimahi" }, "geometry": { "type": "Polygon", "coordinates": [ [ [ 107.535071, -6.91544, 0.0 ], [ 107.535023, -6.915437, 0.0 ], [ 107.535113, -6.915305, 0.0 ], [ 107.535146, -6.915325, 0.0 ], [ 107.535117, -6.915379, 0.0 ], [ 107.535071, -6.91544, 0.0 ] ] ] } },
{ "type": "Feature", "properties": { "NAMOBJ": "Sawah", "JSWH": "Irigasi", "CTKSWH": "Tidak Ada Cetak Sawah", "LUASHA": 0.19279993340900001, "WADMKK": "Kota Cimahi" }, "geometry": { "type": "Polygon", "coordinates": [ [ [ 107.535275, -6.915418, 0.0 ], [ 107.535263, -6.915464, 0.0 ], [ 107.535263, -6.915512, 0.0 ], [ 107.535246, -6.915575, 0.0 ], [ 107.535174, -6.915759, 0.0 ], [ 107.535142, -6.915867, 0.0 ], [ 107.535112, -6.915928, 0.0 ], [ 107.535103, -6.916021, 0.0 ], [ 107.534927, -6.916019, 0.0 ], [ 107.534928, -6.915994, 0.0 ], [ 107.534914, -6.915984, 0.0 ], [ 107.534902, -6.915881, 0.0 ], [ 107.534912, -6.915851, 0.0 ], [ 107.534924, -6.915686, 0.0 ], [ 107.534942, -6.915622, 0.0 ], [ 107.534963, -6.915595, 0.0 ], [ 107.534967, -6.915568, 0.0 ], [ 107.53498, -6.915559, 0.0 ], [ 107.534994, -6.915485, 0.0 ], [ 107.535008, -6.915456, 0.0 ], [ 107.535023, -6.915437, 0.0 ], [ 107.535071, -6.91544, 0.0 ], [ 107.535117, -6.915379, 0.0 ], [ 107.535146, -6.915325, 0.0 ], [ 107.535263, -6.915397, 0.0 ], [ 107.535275, -6.915418, 0.0 ] ] ] } },
{ "type": "Feature", "properties": { "NAMOBJ": "Non Sawah", "JSWH": "Irigasi", "CTKSWH": "Tidak Ada Cetak Sawah", "LUASHA": 0.038455604206399999, "WADMKK": "Kota Cimahi" }, "geometry": { "type": "Polygon", "coordinates": [ [ [ 107.53557, -6.914982, 0.0 ], [ 107.535514, -6.91506, 0.0 ], [ 107.535444, -6.914987, 0.0 ], [ 107.53538, -6.915037, 0.0 ], [ 107.535288, -6.915127, 0.0 ], [ 107.535179, -6.915262, 0.0 ], [ 107.535146, -6.915325, 0.0 ], [ 107.535113, -6.915305, 0.0 ], [ 107.535194, -6.915183, 0.0 ], [ 107.53521, -6.915182, 0.0 ], [ 107.535236, -6.915141, 0.0 ], [ 107.535251, -6.915135, 0.0 ], [ 107.535333, -6.915042, 0.0 ], [ 107.535357, -6.915026, 0.0 ], [ 107.535412, -6.914939, 0.0 ], [ 107.535418, -6.914922, 0.0 ], [ 107.535414, -6.914907, 0.0 ], [ 107.535394, -6.914873, 0.0 ], [ 107.53537, -6.914856, 0.0 ], [ 107.535367, -6.914835, 0.0 ], [ 107.535582, -6.914966, 0.0 ], [ 107.53557, -6.914982, 0.0 ] ] ] } },
{ "type": "Feature", "properties": { "NAMOBJ": "Non Sawah", "JSWH": "Non Irigasi", "CTKSWH": "Tidak Ada Cetak Sawah", "LUASHA": 0.0070827608520499996, "WADMKK": "Kota Cimahi" }, "geometry": { "type": "Polygon", "coordinates": [ [ [ 107.535474, -6.915954, 0.0 ], [ 107.535427, -6.915956, 0.0 ], [ 107.535401, -6.915987, 0.0 ], [ 107.53543, -6.916122, 0.0 ], [ 107.535386, -6.916116, 0.0 ], [ 107.535391, -6.916098, 0.0 ], [ 107.535377, -6.915955, 0.0 ], [ 107.535474, -6.915954, 0.0 ] ] ] } },
{ "type": "Feature", "properties": { "NAMOBJ": "Non Sawah", "JSWH": "Non Irigasi", "CTKSWH": "Tidak Ada Cetak Sawah", "LUASHA": 0.0021264693531299998, "WADMKK": "Kota Cimahi" }, "geometry": { "type": "Polygon", "coordinates": [ [ [ 107.535194, -6.915183, 0.0 ], [ 107.535113, -6.915305, 0.0 ], [ 107.535101, -6.915298, 0.0 ], [ 107.535148, -6.915224, 0.0 ], [ 107.535194, -6.915183, 0.0 ] ] ] } },
{ "type": "Feature", "properties": { "NAMOBJ": "Non Sawah", "JSWH": "Non Irigasi", "CTKSWH": "Tidak Ada Cetak Sawah", "LUASHA": 0.0019511693610800001, "WADMKK": "Kota Cimahi" }, "geometry": { "type": "Polygon", "coordinates": [ [ [ 107.535925, -6.914067, 0.0 ], [ 107.535924, -6.914081, 0.0 ], [ 107.535836, -6.914077, 0.0 ], [ 107.535885, -6.914065, 0.0 ], [ 107.535907, -6.914046, 0.0 ], [ 107.535928, -6.914043, 0.0 ], [ 107.535925, -6.914067, 0.0 ] ] ] } },
{ "type": "Feature", "properties": { "NAMOBJ": "Sawah", "JSWH": "Non Irigasi", "CTKSWH": "Tidak Ada Cetak Sawah", "LUASHA": 0.12887189472400001, "WADMKK": "Kota Cimahi" }, "geometry": { "type": "Polygon", "coordinates": [ [ [ 107.549617, -6.850293, 0.0 ], [ 107.549463, -6.850704, 0.0 ], [ 107.549436, -6.850695, 0.0 ], [ 107.549296, -6.850511, 0.0 ], [ 107.549276, -6.850702, 0.0 ], [ 107.549212, -6.850663, 0.0 ], [ 107.549193, -6.850756, 0.0 ], [ 107.549135, -6.850867, 0.0 ], [ 107.549064, -6.850851, 0.0 ], [ 107.549138, -6.850742, 0.0 ], [ 107.54917, -6.850465, 0.0 ], [ 107.549305, -6.850487, 0.0 ], [ 107.549485, -6.850478, 0.0 ], [ 107.549731, -6.849863, 0.0 ], [ 107.549778, -6.849863, 0.0 ], [ 107.549617, -6.850293, 0.0 ] ] ] } },
{ "type": "Feature", "properties": { "NAMOBJ": "Sawah", "JSWH": "Non Irigasi", "CTKSWH": "Tidak Ada Cetak Sawah", "LUASHA": 3.81311974358e-05, "WADMKK": "Kota Cimahi" }, "geometry": { "type": "Polygon", "coordinates": [ [ [ 107.554201, -6.862547, 0.0 ], [ 107.554187, -6.862572, 0.0 ], [ 107.554185, -6.862571, 0.0 ], [ 107.554201, -6.862547, 0.0 ] ] ] } },
{ "type": "Feature", "properties": { "NAMOBJ": "Sawah", "JSWH": "Non Irigasi", "CTKSWH": "Tidak Ada Cetak Sawah", "LUASHA": 0.00068571120430700001, "WADMKK": "Kota Cimahi" }, "geometry": { "type": "Polygon", "coordinates": [ [ [ 107.554871, -6.854511, 0.0 ], [ 107.554884, -6.854535, 0.0 ], [ 107.554848, -6.854519, 0.0 ], [ 107.554864, -6.854496, 0.0 ], [ 107.554871, -6.854511, 0.0 ] ] ] } },
{ "type": "Feature", "properties": { "NAMOBJ": "Sawah", "JSWH": "Non Irigasi", "CTKSWH": "Tidak Ada Cetak Sawah", "LUASHA": 0.00070999739554800003, "WADMKK": "Kota Cimahi" }, "geometry": { "type": "Polygon", "coordinates": [ [ [ 107.553981, -6.861589, 0.0 ], [ 107.553973, -6.861589, 0.0 ], [ 107.554035, -6.861445, 0.0 ], [ 107.553981, -6.861589, 0.0 ] ] ] } },
{ "type": "Feature", "properties": { "NAMOBJ": "Sawah", "JSWH": "Non Irigasi", "CTKSWH": "Tidak Ada Cetak Sawah", "LUASHA": 0.00128695181402, "WADMKK": "Kota Cimahi" }, "geometry": { "type": "MultiPolygon", "coordinates": [ [ [ [ 107.552403, -6.854744, 0.0 ], [ 107.552358, -6.854785, 0.0 ], [ 107.552347, -6.854771, 0.0 ], [ 107.552403, -6.854744, 0.0 ] ] ], [ [ [ 107.552943, -6.854283, 0.0 ], [ 107.552977, -6.85424, 0.0 ], [ 107.552991, -6.85425, 0.0 ], [ 107.55297, -6.854266, 0.0 ], [ 107.552943, -6.854283, 0.0 ] ] ] ] } },
{ "type": "Feature", "properties": { "NAMOBJ": "Sawah", "JSWH": "Non Irigasi", "CTKSWH": "Tidak Ada Cetak Sawah", "LUASHA": 0.0018477019465700001, "WADMKK": "Kota Cimahi" }, "geometry": { "type": "MultiPolygon", "coordinates": [ [ [ [ 107.554027, -6.855222, 0.0 ], [ 107.553923, -6.855421, 0.0 ], [ 107.554015, -6.855218, 0.0 ], [ 107.554027, -6.855222, 0.0 ] ] ], [ [ [ 107.554143, -6.854998, 0.0 ], [ 107.554137, -6.855011, 0.0 ], [ 107.554122, -6.855005, 0.0 ], [ 107.554143, -6.854998, 0.0 ] ] ] ] } },
{ "type": "Feature", "properties": { "NAMOBJ": "Sawah", "JSWH": "Non Irigasi", "CTKSWH": "Tidak Ada Cetak Sawah", "LUASHA": 0.0022134893697599999, "WADMKK": "Kota Cimahi" }, "geometry": { "type": "Polygon", "coordinates": [ [ [ 107.555623, -6.866576, 0.0 ], [ 107.555484, -6.866791, 0.0 ], [ 107.555479, -6.866788, 0.0 ], [ 107.555616, -6.866572, 0.0 ], [ 107.555623, -6.866576, 0.0 ] ] ] } },
{ "type": "Feature", "properties": { "NAMOBJ": "Sawah", "JSWH": "Non Irigasi", "CTKSWH": "Tidak Ada Cetak Sawah", "LUASHA": 0.00244378647431, "WADMKK": "Kota Cimahi" }, "geometry": { "type": "Polygon", "coordinates": [ [ [ 107.556149, -6.866315, 0.0 ], [ 107.556134, -6.866344, 0.0 ], [ 107.556045, -6.866268, 0.0 ], [ 107.556046, -6.866267, 0.0 ], [ 107.556149, -6.866315, 0.0 ] ] ] } },
{ "type": "Feature", "properties": { "NAMOBJ": "Sawah", "JSWH": "Non Irigasi", "CTKSWH": "Tidak Ada Cetak Sawah", "LUASHA": 0.0053379190862199999, "WADMKK": "Kota Cimahi" }, "geometry": { "type": "Polygon", "coordinates": [ [ [ 107.561563, -6.862765, 0.0 ], [ 107.561539, -6.862753, 0.0 ], [ 107.561538, -6.862731, 0.0 ], [ 107.561587, -6.862578, 0.0 ], [ 107.561592, -6.862639, 0.0 ], [ 107.561563, -6.862765, 0.0 ] ] ] } },
{ "type": "Feature", "properties": { "NAMOBJ": "Non Sawah", "JSWH": "Non Irigasi", "CTKSWH": "Tidak Ada Cetak Sawah", "LUASHA": 0.00551029562085, "WADMKK": "Kota Cimahi" }, "geometry": { "type": "Polygon", "coordinates": [ [ [ 107.528918, -6.876429, 0.0 ], [ 107.52884, -6.876586, 0.0 ], [ 107.528831, -6.876582, 0.0 ], [ 107.528943, -6.876312, 0.0 ], [ 107.52895, -6.876316, 0.0 ], [ 107.528918, -6.876429, 0.0 ] ] ] } },
{ "type": "Feature", "properties": { "NAMOBJ": "Sawah", "JSWH": "Non Irigasi", "CTKSWH": "Tidak Ada Cetak Sawah", "LUASHA": 0.0081232208693899997, "WADMKK": "Kota Cimahi" }, "geometry": { "type": "Polygon", "coordinates": [ [ [ 107.5544, -6.862197, 0.0 ], [ 107.554355, -6.862276, 0.0 ], [ 107.554314, -6.862248, 0.0 ], [ 107.554313, -6.862147, 0.0 ], [ 107.5544, -6.862197, 0.0 ] ] ] } },
{ "type": "Feature", "properties": { "NAMOBJ": "Sawah", "JSWH": "Non Irigasi", "CTKSWH": "Tidak Ada Cetak Sawah", "LUASHA": 0.0098962444301599999, "WADMKK": "Kota Cimahi" }, "geometry": { "type": "MultiPolygon", "coordinates": [ [ [ [ 107.561433, -6.859672, 0.0 ], [ 107.561413, -6.859683, 0.0 ], [ 107.561426, -6.859658, 0.0 ], [ 107.561477, -6.859638, 0.0 ], [ 107.561469, -6.859655, 0.0 ], [ 107.561433, -6.859672, 0.0 ] ] ], [ [ [ 107.561838, -6.859392, 0.0 ], [ 107.561766, -6.859444, 0.0 ], [ 107.56172, -6.859412, 0.0 ], [ 107.561701, -6.859446, 0.0 ], [ 107.561687, -6.859453, 0.0 ], [ 107.561661, -6.85945, 0.0 ], [ 107.56175, -6.859355, 0.0 ], [ 107.561838, -6.859392, 0.0 ] ] ] ] } },
{ "type": "Feature", "properties": { "NAMOBJ": "Sawah", "JSWH": "Non Irigasi", "CTKSWH": "Tidak Ada Cetak Sawah", "LUASHA": 0.0101339441574, "WADMKK": "Kota Cimahi" }, "geometry": { "type": "MultiPolygon", "coordinates": [ [ [ [ 107.554595, -6.868952, 0.0 ], [ 107.554547, -6.869049, 0.0 ], [ 107.554547, -6.869003, 0.0 ], [ 107.554569, -6.868975, 0.0 ], [ 107.55459, -6.868906, 0.0 ], [ 107.554624, -6.868867, 0.0 ], [ 107.554671, -6.868844, 0.0 ], [ 107.554697, -6.868839, 0.0 ], [ 107.554595, -6.868952, 0.0 ] ] ], [ [ [ 107.555126, -6.868637, 0.0 ], [ 107.555073, -6.868643, 0.0 ], [ 107.555119, -6.868627, 0.0 ], [ 107.555142, -6.868628, 0.0 ], [ 107.555126, -6.868637, 0.0 ] ] ], [ [ [ 107.555526, -6.867938, 0.0 ], [ 107.555526, -6.867952, 0.0 ], [ 107.555503, -6.867825, 0.0 ], [ 107.555531, -6.867787, 0.0 ], [ 107.555526, -6.867938, 0.0 ] ] ] ] } },
{ "type": "Feature", "properties": { "NAMOBJ": "Non Sawah", "JSWH": "Non Irigasi", "CTKSWH": "Tidak Ada Cetak Sawah", "LUASHA": 0.0102442065758, "WADMKK": "Kota Cimahi" }, "geometry": { "type": "MultiPolygon", "coordinates": [ [ [ [ 107.527762, -6.876021, 0.0 ], [ 107.527669, -6.876144, 0.0 ], [ 107.527658, -6.87614, 0.0 ], [ 107.52776, -6.87602, 0.0 ], [ 107.527762, -6.876021, 0.0 ] ] ], [ [ [ 107.527188, -6.875962, 0.0 ], [ 107.527199, -6.875972, 0.0 ], [ 107.527128, -6.87595, 0.0 ], [ 107.527064, -6.875837, 0.0 ], [ 107.527075, -6.875823, 0.0 ], [ 107.527188, -6.875962, 0.0 ] ] ], [ [ [ 107.527825, -6.875581, 0.0 ], [ 107.52762, -6.875829, 0.0 ], [ 107.527863, -6.875537, 0.0 ], [ 107.527825, -6.875581, 0.0 ] ] ], [ [ [ 107.527452, -6.875417, 0.0 ], [ 107.527153, -6.875729, 0.0 ], [ 107.52742, -6.875439, 0.0 ], [ 107.527452, -6.875417, 0.0 ] ] ] ] } },
{ "type": "Feature", "properties": { "NAMOBJ": "Sawah", "JSWH": "Non Irigasi", "CTKSWH": "Tidak Ada Cetak Sawah", "LUASHA": 0.011288576558, "WADMKK": "Kota Cimahi" }, "geometry": { "type": "Polygon", "coordinates": [ [ [ 107.55408, -6.861843, 0.0 ], [ 107.554062, -6.861871, 0.0 ], [ 107.553897, -6.861767, 0.0 ], [ 107.553973, -6.861589, 0.0 ], [ 107.553981, -6.861589, 0.0 ], [ 107.553926, -6.861736, 0.0 ], [ 107.55408, -6.861843, 0.0 ] ] ] } },
{ "type": "Feature", "properties": { "NAMOBJ": "Sawah", "JSWH": "Non Irigasi", "CTKSWH": "Tidak Ada Cetak Sawah", "LUASHA": 0.0071791090254699997, "WADMKK": "Kota Cimahi" }, "geometry": { "type": "Polygon", "coordinates": [ [ [ 107.533097, -6.871139, 0.0 ], [ 107.532745, -6.871435, 0.0 ], [ 107.532735, -6.871427, 0.0 ], [ 107.533088, -6.87113, 0.0 ], [ 107.533097, -6.871139, 0.0 ] ] ] } },
{ "type": "Feature", "properties": { "NAMOBJ": "Sawah", "JSWH": "Non Irigasi", "CTKSWH": "Tidak Ada Cetak Sawah", "LUASHA": 0.0156193142887, "WADMKK": "Kota Cimahi" }, "geometry": { "type": "Polygon", "coordinates": [ [ [ 107.553217, -6.861571, 0.0 ], [ 107.553017, -6.86197, 0.0 ], [ 107.552989, -6.861956, 0.0 ], [ 107.553195, -6.861559, 0.0 ], [ 107.553217, -6.861571, 0.0 ] ] ] } },
{ "type": "Feature", "properties": { "NAMOBJ": "Sawah", "JSWH": "Non Irigasi", "CTKSWH": "Tidak Ada Cetak Sawah", "LUASHA": 0.0165525268332, "WADMKK": "Kota Cimahi" }, "geometry": { "type": "Polygon", "coordinates": [ [ [ 107.559381, -6.855649, 0.0 ], [ 107.559354, -6.855706, 0.0 ], [ 107.559204, -6.855633, 0.0 ], [ 107.559235, -6.855561, 0.0 ], [ 107.559387, -6.855631, 0.0 ], [ 107.559381, -6.855649, 0.0 ] ] ] } },
{ "type": "Feature", "properties": { "NAMOBJ": "Non Sawah", "JSWH": "Non Irigasi", "CTKSWH": "Tidak Ada Cetak Sawah", "LUASHA": 0.0165964383709, "WADMKK": "Kota Cimahi" }, "geometry": { "type": "Polygon", "coordinates": [ [ [ 107.528721, -6.876826, 0.0 ], [ 107.528432, -6.87743, 0.0 ], [ 107.528154, -6.877125, 0.0 ], [ 107.528164, -6.877107, 0.0 ], [ 107.528401, -6.877368, 0.0 ], [ 107.528442, -6.877371, 0.0 ], [ 107.528474, -6.877336, 0.0 ], [ 107.528831, -6.876582, 0.0 ], [ 107.52884, -6.876586, 0.0 ], [ 107.528721, -6.876826, 0.0 ] ] ] } },
{ "type": "Feature", "properties": { "NAMOBJ": "Sawah", "JSWH": "Non Irigasi", "CTKSWH": "Tidak Ada Cetak Sawah", "LUASHA": 0.025445194913499999, "WADMKK": "Kota Cimahi" }, "geometry": { "type": "Polygon", "coordinates": [ [ [ 107.553405, -6.861416, 0.0 ], [ 107.553406, -6.861525, 0.0 ], [ 107.553254, -6.861496, 0.0 ], [ 107.553217, -6.861571, 0.0 ], [ 107.553195, -6.861559, 0.0 ], [ 107.553292, -6.861365, 0.0 ], [ 107.553318, -6.861365, 0.0 ], [ 107.553405, -6.861416, 0.0 ] ] ] } },
{ "type": "Feature", "properties": { "NAMOBJ": "Sawah", "JSWH": "Non Irigasi", "CTKSWH": "Tidak Ada Cetak Sawah", "LUASHA": 0.026409838644000001, "WADMKK": "Kota Cimahi" }, "geometry": { "type": "Polygon", "coordinates": [ [ [ 107.559097, -6.866468, 0.0 ], [ 107.559014, -6.866204, 0.0 ], [ 107.558993, -6.86599, 0.0 ], [ 107.559003, -6.865869, 0.0 ], [ 107.559038, -6.866002, 0.0 ], [ 107.559044, -6.866181, 0.0 ], [ 107.559082, -6.866237, 0.0 ], [ 107.559112, -6.866347, 0.0 ], [ 107.559097, -6.866468, 0.0 ] ] ] } },
{ "type": "Feature", "properties": { "NAMOBJ": "Sawah", "JSWH": "Non Irigasi", "CTKSWH": "Tidak Ada Cetak Sawah", "LUASHA": 0.028555461555200001, "WADMKK": "Kota Cimahi" }, "geometry": { "type": "Polygon", "coordinates": [ [ [ 107.550498, -6.866607, 0.0 ], [ 107.550461, -6.866695, 0.0 ], [ 107.550235, -6.866651, 0.0 ], [ 107.550282, -6.866549, 0.0 ], [ 107.550498, -6.866607, 0.0 ] ] ] } },
{ "type": "Feature", "properties": { "NAMOBJ": "Non Sawah", "JSWH": "Non Irigasi", "CTKSWH": "Tidak Ada Cetak Sawah", "LUASHA": 0.030209338814600001, "WADMKK": "Kota Cimahi" }, "geometry": { "type": "MultiPolygon", "coordinates": [ [ [ [ 107.552966, -6.865366, 0.0 ], [ 107.552881, -6.865492, 0.0 ], [ 107.552924, -6.865429, 0.0 ], [ 107.552842, -6.865274, 0.0 ], [ 107.552966, -6.865366, 0.0 ] ] ], [ [ [ 107.552998, -6.864934, 0.0 ], [ 107.552969, -6.864983, 0.0 ], [ 107.552886, -6.864867, 0.0 ], [ 107.552478, -6.864654, 0.0 ], [ 107.552495, -6.864646, 0.0 ], [ 107.55271, -6.864731, 0.0 ], [ 107.55282, -6.864792, 0.0 ], [ 107.552998, -6.864934, 0.0 ] ] ] ] } },
{ "type": "Feature", "properties": { "NAMOBJ": "Sawah", "JSWH": "Non Irigasi", "CTKSWH": "Tidak Ada Cetak Sawah", "LUASHA": 0.033313997268200002, "WADMKK": "Kota Cimahi" }, "geometry": { "type": "Polygon", "coordinates": [ [ [ 107.554313, -6.862147, 0.0 ], [ 107.554314, -6.862248, 0.0 ], [ 107.553968, -6.862017, 0.0 ], [ 107.554, -6.861971, 0.0 ], [ 107.554313, -6.862147, 0.0 ] ] ] } },
{ "type": "Feature", "properties": { "NAMOBJ": "Sawah", "JSWH": "Non Irigasi", "CTKSWH": "Tidak Ada Cetak Sawah", "LUASHA": 0.033447735537900002, "WADMKK": "Kota Cimahi" }, "geometry": { "type": "Polygon", "coordinates": [ [ [ 107.561904, -6.860035, 0.0 ], [ 107.561843, -6.860089, 0.0 ], [ 107.561774, -6.860055, 0.0 ], [ 107.562143, -6.859702, 0.0 ], [ 107.562166, -6.859691, 0.0 ], [ 107.562076, -6.859836, 0.0 ], [ 107.561904, -6.860035, 0.0 ] ] ] } },
{ "type": "Feature", "properties": { "NAMOBJ": "Sawah", "JSWH": "Non Irigasi", "CTKSWH": "Tidak Ada Cetak Sawah", "LUASHA": 0.036407511302999997, "WADMKK": "Kota Cimahi" }, "geometry": { "type": "Polygon", "coordinates": [ [ [ 107.553784, -6.86123, 0.0 ], [ 107.554058, -6.861382, 0.0 ], [ 107.554045, -6.861417, 0.0 ], [ 107.55379, -6.861311, 0.0 ], [ 107.553653, -6.861535, 0.0 ], [ 107.553609, -6.861515, 0.0 ], [ 107.553784, -6.86123, 0.0 ] ] ] } },
{ "type": "Feature", "properties": { "NAMOBJ": "Sawah", "JSWH": "Non Irigasi", "CTKSWH": "Tidak Ada Cetak Sawah", "LUASHA": 0.039636446021900001, "WADMKK": "Kota Cimahi" }, "geometry": { "type": "Polygon", "coordinates": [ [ [ 107.556513, -6.868955, 0.0 ], [ 107.556502, -6.869075, 0.0 ], [ 107.556375, -6.86904, 0.0 ], [ 107.556315, -6.869014, 0.0 ], [ 107.556319, -6.868955, 0.0 ], [ 107.556553, -6.868804, 0.0 ], [ 107.556513, -6.868955, 0.0 ] ] ] } },
{ "type": "Feature", "properties": { "NAMOBJ": "Sawah", "JSWH": "Non Irigasi", "CTKSWH": "Tidak Ada Cetak Sawah", "LUASHA": 0.045171848314, "WADMKK": "Kota Cimahi" }, "geometry": { "type": "MultiPolygon", "coordinates": [ [ [ [ 107.551435, -6.854523, 0.0 ], [ 107.551483, -6.854751, 0.0 ], [ 107.55151, -6.854762, 0.0 ], [ 107.551463, -6.854746, 0.0 ], [ 107.551388, -6.85475, 0.0 ], [ 107.551338, -6.854724, 0.0 ], [ 107.551394, -6.854502, 0.0 ], [ 107.551435, -6.854523, 0.0 ] ] ], [ [ [ 107.551252, -6.854146, 0.0 ], [ 107.551477, -6.854233, 0.0 ], [ 107.551627, -6.85428, 0.0 ], [ 107.551762, -6.854301, 0.0 ], [ 107.551871, -6.854333, 0.0 ], [ 107.551664, -6.854333, 0.0 ], [ 107.551293, -6.854171, 0.0 ], [ 107.551232, -6.854177, 0.0 ], [ 107.551252, -6.854146, 0.0 ] ] ] ] } },
{ "type": "Feature", "properties": { "NAMOBJ": "Sawah", "JSWH": "Non Irigasi", "CTKSWH": "Tidak Ada Cetak Sawah", "LUASHA": 0.048352339777799999, "WADMKK": "Kota Cimahi" }, "geometry": { "type": "MultiPolygon", "coordinates": [ [ [ [ 107.561569, -6.862627, 0.0 ], [ 107.561538, -6.862731, 0.0 ], [ 107.561526, -6.862413, 0.0 ], [ 107.561576, -6.862177, 0.0 ], [ 107.561675, -6.862043, 0.0 ], [ 107.561625, -6.862148, 0.0 ], [ 107.561576, -6.862445, 0.0 ], [ 107.561587, -6.862578, 0.0 ], [ 107.561569, -6.862627, 0.0 ] ] ], [ [ [ 107.561033, -6.861863, 0.0 ], [ 107.560932, -6.862021, 0.0 ], [ 107.560988, -6.861864, 0.0 ], [ 107.561026, -6.86179, 0.0 ], [ 107.561166, -6.861659, 0.0 ], [ 107.561174, -6.86166, 0.0 ], [ 107.561148, -6.861713, 0.0 ], [ 107.561033, -6.861863, 0.0 ] ] ] ] } },
{ "type": "Feature", "properties": { "NAMOBJ": "Sawah", "JSWH": "Non Irigasi", "CTKSWH": "Tidak Ada Cetak Sawah", "LUASHA": 0.049612353692199997, "WADMKK": "Kota Cimahi" }, "geometry": { "type": "Polygon", "coordinates": [ [ [ 107.562582, -6.859, 0.0 ], [ 107.562505, -6.859085, 0.0 ], [ 107.562593, -6.858896, 0.0 ], [ 107.56265, -6.858867, 0.0 ], [ 107.562699, -6.858793, 0.0 ], [ 107.562737, -6.858772, 0.0 ], [ 107.562795, -6.858666, 0.0 ], [ 107.562811, -6.858723, 0.0 ], [ 107.562845, -6.858766, 0.0 ], [ 107.562893, -6.858793, 0.0 ], [ 107.562956, -6.858812, 0.0 ], [ 107.562804, -6.858865, 0.0 ], [ 107.562582, -6.859, 0.0 ] ] ] } },
{ "type": "Feature", "properties": { "NAMOBJ": "Sawah", "JSWH": "Non Irigasi", "CTKSWH": "Tidak Ada Cetak Sawah", "LUASHA": 0.0516891414979, "WADMKK": "Kota Cimahi" }, "geometry": { "type": "Polygon", "coordinates": [ [ [ 107.537627, -6.863497, 0.0 ], [ 107.537484, -6.863545, 0.0 ], [ 107.537239, -6.863609, 0.0 ], [ 107.537141, -6.863646, 0.0 ], [ 107.53714, -6.863486, 0.0 ], [ 107.537654, -6.863483, 0.0 ], [ 107.537627, -6.863497, 0.0 ] ] ] } },
{ "type": "Feature", "properties": { "NAMOBJ": "Non Sawah", "JSWH": "Non Irigasi", "CTKSWH": "Tidak Ada Cetak Sawah", "LUASHA": 0.061125234291499998, "WADMKK": "Kota Cimahi" }, "geometry": { "type": "Polygon", "coordinates": [ [ [ 107.528272, -6.874812, 0.0 ], [ 107.528322, -6.874865, 0.0 ], [ 107.528319, -6.874875, 0.0 ], [ 107.528305, -6.874901, 0.0 ], [ 107.528211, -6.875, 0.0 ], [ 107.528031, -6.875, 0.0 ], [ 107.527959, -6.874961, 0.0 ], [ 107.528087, -6.874838, 0.0 ], [ 107.52811, -6.874827, 0.0 ], [ 107.528113, -6.874816, 0.0 ], [ 107.528154, -6.874814, 0.0 ], [ 107.528224, -6.874762, 0.0 ], [ 107.528272, -6.874812, 0.0 ] ] ] } },
{ "type": "Feature", "properties": { "NAMOBJ": "Non Sawah", "JSWH": "Non Irigasi", "CTKSWH": "Tidak Ada Cetak Sawah", "LUASHA": 0.062779258399900006, "WADMKK": "Kota Cimahi" }, "geometry": { "type": "Polygon", "coordinates": [ [ [ 107.527309, -6.876079, 0.0 ], [ 107.527575, -6.876237, 0.0 ], [ 107.527658, -6.87614, 0.0 ], [ 107.527669, -6.876144, 0.0 ], [ 107.527629, -6.876197, 0.0 ], [ 107.527795, -6.876328, 0.0 ], [ 107.5277, -6.876433, 0.0 ], [ 107.527688, -6.876441, 0.0 ], [ 107.52765, -6.876438, 0.0 ], [ 107.527597, -6.876395, 0.0 ], [ 107.527565, -6.876357, 0.0 ], [ 107.527559, -6.876333, 0.0 ], [ 107.527579, -6.876303, 0.0 ], [ 107.527564, -6.876282, 0.0 ], [ 107.527372, -6.876125, 0.0 ], [ 107.527338, -6.876138, 0.0 ], [ 107.527271, -6.876098, 0.0 ], [ 107.527132, -6.875954, 0.0 ], [ 107.527199, -6.875972, 0.0 ], [ 107.527309, -6.876079, 0.0 ] ] ] } },
{ "type": "Feature", "properties": { "NAMOBJ": "Sawah", "JSWH": "Non Irigasi", "CTKSWH": "Tidak Ada Cetak Sawah", "LUASHA": 0.062813651737100004, "WADMKK": "Kota Cimahi" }, "geometry": { "type": "Polygon", "coordinates": [ [ [ 107.559355, -6.855972, 0.0 ], [ 107.559315, -6.85606, 0.0 ], [ 107.559043, -6.855954, 0.0 ], [ 107.55913, -6.855763, 0.0 ], [ 107.559313, -6.855827, 0.0 ], [ 107.559274, -6.855934, 0.0 ], [ 107.559355, -6.855972, 0.0 ] ] ] } },
{ "type": "Feature", "properties": { "NAMOBJ": "Non Sawah", "JSWH": "Non Irigasi", "CTKSWH": "Tidak Ada Cetak Sawah", "LUASHA": 0.068439159022600005, "WADMKK": "Kota Cimahi" }, "geometry": { "type": "MultiPolygon", "coordinates": [ [ [ [ 107.554369, -6.865576, 0.0 ], [ 107.554264, -6.86569, 0.0 ], [ 107.554595, -6.865219, 0.0 ], [ 107.554396, -6.865557, 0.0 ], [ 107.554369, -6.865576, 0.0 ] ] ], [ [ [ 107.553562, -6.864361, 0.0 ], [ 107.55311, -6.864959, 0.0 ], [ 107.553085, -6.864948, 0.0 ], [ 107.553082, -6.864914, 0.0 ], [ 107.553168, -6.864834, 0.0 ], [ 107.553273, -6.864714, 0.0 ], [ 107.553296, -6.864627, 0.0 ], [ 107.553304, -6.864567, 0.0 ], [ 107.553377, -6.864413, 0.0 ], [ 107.553439, -6.864343, 0.0 ], [ 107.553506, -6.864348, 0.0 ], [ 107.553562, -6.864361, 0.0 ] ] ] ] } },
{ "type": "Feature", "properties": { "NAMOBJ": "Sawah", "JSWH": "Non Irigasi", "CTKSWH": "Tidak Ada Cetak Sawah", "LUASHA": 0.075879462192300004, "WADMKK": "Kota Cimahi" }, "geometry": { "type": "MultiPolygon", "coordinates": [ [ [ [ 107.556103, -6.867424, 0.0 ], [ 107.555969, -6.867464, 0.0 ], [ 107.555946, -6.867463, 0.0 ], [ 107.556028, -6.867421, 0.0 ], [ 107.556103, -6.867424, 0.0 ] ] ], [ [ [ 107.556764, -6.867283, 0.0 ], [ 107.556738, -6.867287, 0.0 ], [ 107.556773, -6.867203, 0.0 ], [ 107.556787, -6.867082, 0.0 ], [ 107.55673, -6.866711, 0.0 ], [ 107.556686, -6.866689, 0.0 ], [ 107.556686, -6.866587, 0.0 ], [ 107.55685, -6.866661, 0.0 ], [ 107.556857, -6.86669, 0.0 ], [ 107.556846, -6.866734, 0.0 ], [ 107.556839, -6.866871, 0.0 ], [ 107.556843, -6.867001, 0.0 ], [ 107.556868, -6.867106, 0.0 ], [ 107.556853, -6.867164, 0.0 ], [ 107.556811, -6.867261, 0.0 ], [ 107.556764, -6.867283, 0.0 ] ] ] ] } },
{ "type": "Feature", "properties": { "NAMOBJ": "Sawah", "JSWH": "Non Irigasi", "CTKSWH": "Tidak Ada Cetak Sawah", "LUASHA": 0.086648308257399997, "WADMKK": "Kota Cimahi" }, "geometry": { "type": "Polygon", "coordinates": [ [ [ 107.552981, -6.868646, 0.0 ], [ 107.552919, -6.86873, 0.0 ], [ 107.552727, -6.868605, 0.0 ], [ 107.552958, -6.868354, 0.0 ], [ 107.553119, -6.868505, 0.0 ], [ 107.553045, -6.868589, 0.0 ], [ 107.552981, -6.868646, 0.0 ] ] ] } },
{ "type": "Feature", "properties": { "NAMOBJ": "Sawah", "JSWH": "Non Irigasi", "CTKSWH": "Tidak Ada Cetak Sawah", "LUASHA": 0.095018957163699999, "WADMKK": "Kota Cimahi" }, "geometry": { "type": "MultiPolygon", "coordinates": [ [ [ [ 107.552074, -6.855331, 0.0 ], [ 107.551949, -6.855416, 0.0 ], [ 107.55197, -6.855334, 0.0 ], [ 107.552074, -6.855331, 0.0 ] ] ], [ [ [ 107.554143, -6.854998, 0.0 ], [ 107.554122, -6.855005, 0.0 ], [ 107.553839, -6.854905, 0.0 ], [ 107.553853, -6.854874, 0.0 ], [ 107.554156, -6.854974, 0.0 ], [ 107.554143, -6.854998, 0.0 ] ] ], [ [ [ 107.553122, -6.854555, 0.0 ], [ 107.553497, -6.854691, 0.0 ], [ 107.553455, -6.854862, 0.0 ], [ 107.553771, -6.855008, 0.0 ], [ 107.553748, -6.855046, 0.0 ], [ 107.553444, -6.854932, 0.0 ], [ 107.553453, -6.854742, 0.0 ], [ 107.553044, -6.854666, 0.0 ], [ 107.553013, -6.854687, 0.0 ], [ 107.553122, -6.854555, 0.0 ] ] ] ] } },
{ "type": "Feature", "properties": { "NAMOBJ": "Sawah", "JSWH": "Non Irigasi", "CTKSWH": "Tidak Ada Cetak Sawah", "LUASHA": 0.101121008507, "WADMKK": "Kota Cimahi" }, "geometry": { "type": "Polygon", "coordinates": [ [ [ 107.560931, -6.859575, 0.0 ], [ 107.56135, -6.859689, 0.0 ], [ 107.561426, -6.859658, 0.0 ], [ 107.561413, -6.859683, 0.0 ], [ 107.561329, -6.859734, 0.0 ], [ 107.561298, -6.859768, 0.0 ], [ 107.561251, -6.859795, 0.0 ], [ 107.560872, -6.859596, 0.0 ], [ 107.560802, -6.859693, 0.0 ], [ 107.560606, -6.859595, 0.0 ], [ 107.560689, -6.859432, 0.0 ], [ 107.560931, -6.859575, 0.0 ] ] ] } },
{ "type": "Feature", "properties": { "NAMOBJ": "Sawah", "JSWH": "Non Irigasi", "CTKSWH": "Tidak Ada Cetak Sawah", "LUASHA": 0.10182807130300001, "WADMKK": "Kota Cimahi" }, "geometry": { "type": "Polygon", "coordinates": [ [ [ 107.549108, -6.87613, 0.0 ], [ 107.549069, -6.876175, 0.0 ], [ 107.548817, -6.876056, 0.0 ], [ 107.548836, -6.875944, 0.0 ], [ 107.548467, -6.87575, 0.0 ], [ 107.548445, -6.875724, 0.0 ], [ 107.548444, -6.875657, 0.0 ], [ 107.548384, -6.875501, 0.0 ], [ 107.548276, -6.875387, 0.0 ], [ 107.548191, -6.875283, 0.0 ], [ 107.548246, -6.875251, 0.0 ], [ 107.548326, -6.875246, 0.0 ], [ 107.548315, -6.875292, 0.0 ], [ 107.548534, -6.875694, 0.0 ], [ 107.548594, -6.875756, 0.0 ], [ 107.548882, -6.875901, 0.0 ], [ 107.548909, -6.875928, 0.0 ], [ 107.548909, -6.87596, 0.0 ], [ 107.548894, -6.875999, 0.0 ], [ 107.548897, -6.876038, 0.0 ], [ 107.549108, -6.87613, 0.0 ] ] ] } },
{ "type": "Feature", "properties": { "NAMOBJ": "Sawah", "JSWH": "Non Irigasi", "CTKSWH": "Tidak Ada Cetak Sawah", "LUASHA": 0.120035762793, "WADMKK": "Kota Cimahi" }, "geometry": { "type": "Polygon", "coordinates": [ [ [ 107.561347, -6.861306, 0.0 ], [ 107.561224, -6.861557, 0.0 ], [ 107.561151, -6.861558, 0.0 ], [ 107.561062, -6.861594, 0.0 ], [ 107.561033, -6.861619, 0.0 ], [ 107.560952, -6.861727, 0.0 ], [ 107.560875, -6.861846, 0.0 ], [ 107.560809, -6.861967, 0.0 ], [ 107.560739, -6.862141, 0.0 ], [ 107.56071, -6.862091, 0.0 ], [ 107.560713, -6.862045, 0.0 ], [ 107.560665, -6.861988, 0.0 ], [ 107.560791, -6.861846, 0.0 ], [ 107.560933, -6.861537, 0.0 ], [ 107.561119, -6.861493, 0.0 ], [ 107.561262, -6.861363, 0.0 ], [ 107.561354, -6.861192, 0.0 ], [ 107.561424, -6.861142, 0.0 ], [ 107.561347, -6.861306, 0.0 ] ] ] } },
{ "type": "Feature", "properties": { "NAMOBJ": "Sawah", "JSWH": "Non Irigasi", "CTKSWH": "Tidak Ada Cetak Sawah", "LUASHA": 0.13546689347400001, "WADMKK": "Kota Cimahi" }, "geometry": { "type": "Polygon", "coordinates": [ [ [ 107.531733, -6.871611, 0.0 ], [ 107.531442, -6.871909, 0.0 ], [ 107.531308, -6.871795, 0.0 ], [ 107.53169, -6.871353, 0.0 ], [ 107.531836, -6.871482, 0.0 ], [ 107.531766, -6.871547, 0.0 ], [ 107.53176, -6.871574, 0.0 ], [ 107.531733, -6.871611, 0.0 ] ] ] } },
{ "type": "Feature", "properties": { "NAMOBJ": "Sawah", "JSWH": "Non Irigasi", "CTKSWH": "Tidak Ada Cetak Sawah", "LUASHA": 0.14658049623399999, "WADMKK": "Kota Cimahi" }, "geometry": { "type": "Polygon", "coordinates": [ [ [ 107.558804, -6.858433, 0.0 ], [ 107.558827, -6.858448, 0.0 ], [ 107.559106, -6.85855, 0.0 ], [ 107.559082, -6.858609, 0.0 ], [ 107.558981, -6.858564, 0.0 ], [ 107.558962, -6.858596, 0.0 ], [ 107.558797, -6.858526, 0.0 ], [ 107.558784, -6.858533, 0.0 ], [ 107.558755, -6.858526, 0.0 ], [ 107.558741, -6.85855, 0.0 ], [ 107.558725, -6.858559, 0.0 ], [ 107.558666, -6.858538, 0.0 ], [ 107.558605, -6.858683, 0.0 ], [ 107.558373, -6.858582, 0.0 ], [ 107.55848, -6.858343, 0.0 ], [ 107.558658, -6.858433, 0.0 ], [ 107.558729, -6.858277, 0.0 ], [ 107.558848, -6.858306, 0.0 ], [ 107.558852, -6.85831, 0.0 ], [ 107.558804, -6.858419, 0.0 ], [ 107.558804, -6.858433, 0.0 ] ] ] } },
{ "type": "Feature", "properties": { "NAMOBJ": "Sawah", "JSWH": "Non Irigasi", "CTKSWH": "Tidak Ada Cetak Sawah", "LUASHA": 0.14822765124500001, "WADMKK": "Kota Cimahi" }, "geometry": { "type": "Polygon", "coordinates": [ [ [ 107.563119, -6.856282, 0.0 ], [ 107.563046, -6.856394, 0.0 ], [ 107.56303, -6.8565, 0.0 ], [ 107.563006, -6.856502, 0.0 ], [ 107.562999, -6.856481, 0.0 ], [ 107.563003, -6.856441, 0.0 ], [ 107.562995, -6.856366, 0.0 ], [ 107.56294, -6.856363, 0.0 ], [ 107.562926, -6.856342, 0.0 ], [ 107.562919, -6.856314, 0.0 ], [ 107.562922, -6.856231, 0.0 ], [ 107.562936, -6.856202, 0.0 ], [ 107.562913, -6.856165, 0.0 ], [ 107.562904, -6.856084, 0.0 ], [ 107.562867, -6.856066, 0.0 ], [ 107.562779, -6.855993, 0.0 ], [ 107.562628, -6.855903, 0.0 ], [ 107.562785, -6.855863, 0.0 ], [ 107.562885, -6.855852, 0.0 ], [ 107.562949, -6.855867, 0.0 ], [ 107.562997, -6.855928, 0.0 ], [ 107.563019, -6.855973, 0.0 ], [ 107.563089, -6.856031, 0.0 ], [ 107.563119, -6.856074, 0.0 ], [ 107.563118, -6.856111, 0.0 ], [ 107.563138, -6.856253, 0.0 ], [ 107.563119, -6.856282, 0.0 ] ] ] } },
{ "type": "Feature", "properties": { "NAMOBJ": "Sawah", "JSWH": "Non Irigasi", "CTKSWH": "Tidak Ada Cetak Sawah", "LUASHA": 0.14849670230199999, "WADMKK": "Kota Cimahi" }, "geometry": { "type": "Polygon", "coordinates": [ [ [ 107.539822, -6.862073, 0.0 ], [ 107.539835, -6.862159, 0.0 ], [ 107.539937, -6.862159, 0.0 ], [ 107.539945, -6.862196, 0.0 ], [ 107.540031, -6.862187, 0.0 ], [ 107.540017, -6.862117, 0.0 ], [ 107.540214, -6.862121, 0.0 ], [ 107.540253, -6.862228, 0.0 ], [ 107.540263, -6.862289, 0.0 ], [ 107.540284, -6.862329, 0.0 ], [ 107.540242, -6.862369, 0.0 ], [ 107.540139, -6.862389, 0.0 ], [ 107.540109, -6.862407, 0.0 ], [ 107.540071, -6.862316, 0.0 ], [ 107.540008, -6.862343, 0.0 ], [ 107.539907, -6.862327, 0.0 ], [ 107.539815, -6.862327, 0.0 ], [ 107.539753, -6.862256, 0.0 ], [ 107.539706, -6.86225, 0.0 ], [ 107.539647, -6.86222, 0.0 ], [ 107.539677, -6.862095, 0.0 ], [ 107.539719, -6.862054, 0.0 ], [ 107.539742, -6.862047, 0.0 ], [ 107.539822, -6.862073, 0.0 ] ] ] } },
{ "type": "Feature", "properties": { "NAMOBJ": "Sawah", "JSWH": "Non Irigasi", "CTKSWH": "Tidak Ada Cetak Sawah", "LUASHA": 0.15800559622599999, "WADMKK": "Kota Cimahi" }, "geometry": { "type": "Polygon", "coordinates": [ [ [ 107.549648, -6.855326, 0.0 ], [ 107.549896, -6.855397, 0.0 ], [ 107.549909, -6.855357, 0.0 ], [ 107.549988, -6.855363, 0.0 ], [ 107.549997, -6.855472, 0.0 ], [ 107.549978, -6.855605, 0.0 ], [ 107.549971, -6.855633, 0.0 ], [ 107.549957, -6.855648, 0.0 ], [ 107.549885, -6.855664, 0.0 ], [ 107.549821, -6.855664, 0.0 ], [ 107.549726, -6.855636, 0.0 ], [ 107.5495, -6.855513, 0.0 ], [ 107.549516, -6.855488, 0.0 ], [ 107.549448, -6.855426, 0.0 ], [ 107.54944, -6.855407, 0.0 ], [ 107.549463, -6.855395, 0.0 ], [ 107.549482, -6.8554, 0.0 ], [ 107.549525, -6.855374, 0.0 ], [ 107.549538, -6.855341, 0.0 ], [ 107.549558, -6.855334, 0.0 ], [ 107.549629, -6.855338, 0.0 ], [ 107.549648, -6.855326, 0.0 ] ] ] } },
{ "type": "Feature", "properties": { "NAMOBJ": "Sawah", "JSWH": "Non Irigasi", "CTKSWH": "Tidak Ada Cetak Sawah", "LUASHA": 0.17808812202400001, "WADMKK": "Kota Cimahi" }, "geometry": { "type": "Polygon", "coordinates": [ [ [ 107.544992, -6.869547, 0.0 ], [ 107.544939, -6.869654, 0.0 ], [ 107.544648, -6.86946, 0.0 ], [ 107.544711, -6.86935, 0.0 ], [ 107.54471, -6.869238, 0.0 ], [ 107.544795, -6.86912, 0.0 ], [ 107.545149, -6.869321, 0.0 ], [ 107.545093, -6.869422, 0.0 ], [ 107.54505, -6.869483, 0.0 ], [ 107.545035, -6.869492, 0.0 ], [ 107.544992, -6.869547, 0.0 ] ] ] } },
{ "type": "Feature", "properties": { "NAMOBJ": "Sawah", "JSWH": "Non Irigasi", "CTKSWH": "Tidak Ada Cetak Sawah", "LUASHA": 0.18183008410400001, "WADMKK": "Kota Cimahi" }, "geometry": { "type": "Polygon", "coordinates": [ [ [ 107.538423, -6.848447, 0.0 ], [ 107.538391, -6.848474, 0.0 ], [ 107.538366, -6.848465, 0.0 ], [ 107.538353, -6.848451, 0.0 ], [ 107.538342, -6.848409, 0.0 ], [ 107.538307, -6.848355, 0.0 ], [ 107.53825, -6.848314, 0.0 ], [ 107.538283, -6.848152, 0.0 ], [ 107.538305, -6.848129, 0.0 ], [ 107.538321, -6.848097, 0.0 ], [ 107.538317, -6.848027, 0.0 ], [ 107.538326, -6.847885, 0.0 ], [ 107.538355, -6.847859, 0.0 ], [ 107.538486, -6.847844, 0.0 ], [ 107.538556, -6.847858, 0.0 ], [ 107.538585, -6.847871, 0.0 ], [ 107.53865, -6.847917, 0.0 ], [ 107.538661, -6.847954, 0.0 ], [ 107.538638, -6.848029, 0.0 ], [ 107.538558, -6.848135, 0.0 ], [ 107.538526, -6.848208, 0.0 ], [ 107.538518, -6.848251, 0.0 ], [ 107.538423, -6.848447, 0.0 ] ] ] } },
{ "type": "Feature", "properties": { "NAMOBJ": "Sawah", "JSWH": "Non Irigasi", "CTKSWH": "Tidak Ada Cetak Sawah", "LUASHA": 0.20276108725200001, "WADMKK": "Kota Cimahi" }, "geometry": { "type": "MultiPolygon", "coordinates": [ [ [ [ 107.55464, -6.854149, 0.0 ], [ 107.554707, -6.854205, 0.0 ], [ 107.554713, -6.854203, 0.0 ], [ 107.554864, -6.854496, 0.0 ], [ 107.554848, -6.854519, 0.0 ], [ 107.554766, -6.854484, 0.0 ], [ 107.554584, -6.854384, 0.0 ], [ 107.554456, -6.8545, 0.0 ], [ 107.554311, -6.854372, 0.0 ], [ 107.554202, -6.854325, 0.0 ], [ 107.554529, -6.85418, 0.0 ], [ 107.554637, -6.854123, 0.0 ], [ 107.55464, -6.854149, 0.0 ] ] ], [ [ [ 107.553685, -6.853924, 0.0 ], [ 107.553763, -6.85393, 0.0 ], [ 107.553748, -6.853957, 0.0 ], [ 107.553895, -6.853977, 0.0 ], [ 107.554023, -6.854059, 0.0 ], [ 107.554005, -6.854085, 0.0 ], [ 107.553625, -6.85398, 0.0 ], [ 107.553568, -6.853943, 0.0 ], [ 107.553605, -6.853905, 0.0 ], [ 107.553685, -6.853924, 0.0 ] ] ], [ [ [ 107.55479, -6.853776, 0.0 ], [ 107.554738, -6.85378, 0.0 ], [ 107.554624, -6.853723, 0.0 ], [ 107.554614, -6.853658, 0.0 ], [ 107.554619, -6.853636, 0.0 ], [ 107.554657, -6.85364, 0.0 ], [ 107.554692, -6.853654, 0.0 ], [ 107.554687, -6.853734, 0.0 ], [ 107.554796, -6.853751, 0.0 ], [ 107.55479, -6.853776, 0.0 ] ] ], [ [ [ 107.554553, -6.853576, 0.0 ], [ 107.554548, -6.8536, 0.0 ], [ 107.554367, -6.8536, 0.0 ], [ 107.554271, -6.853568, 0.0 ], [ 107.554343, -6.853583, 0.0 ], [ 107.554376, -6.853564, 0.0 ], [ 107.554553, -6.853576, 0.0 ] ] ] ] } },
{ "type": "Feature", "properties": { "NAMOBJ": "Sawah", "JSWH": "Non Irigasi", "CTKSWH": "Tidak Ada Cetak Sawah", "LUASHA": 0.208410710636, "WADMKK": "Kota Cimahi" }, "geometry": { "type": "Polygon", "coordinates": [ [ [ 107.563109, -6.85823, 0.0 ], [ 107.563102, -6.858231, 0.0 ], [ 107.56311, -6.858171, 0.0 ], [ 107.563122, -6.858141, 0.0 ], [ 107.563126, -6.858055, 0.0 ], [ 107.563107, -6.858025, 0.0 ], [ 107.563103, -6.857856, 0.0 ], [ 107.563078, -6.857805, 0.0 ], [ 107.563086, -6.857754, 0.0 ], [ 107.563062, -6.857718, 0.0 ], [ 107.563071, -6.857658, 0.0 ], [ 107.563058, -6.857606, 0.0 ], [ 107.563085, -6.857372, 0.0 ], [ 107.56308, -6.857166, 0.0 ], [ 107.563065, -6.857135, 0.0 ], [ 107.56306, -6.857092, 0.0 ], [ 107.563064, -6.857077, 0.0 ], [ 107.563085, -6.857068, 0.0 ], [ 107.563089, -6.85705, 0.0 ], [ 107.563112, -6.857048, 0.0 ], [ 107.563133, -6.857052, 0.0 ], [ 107.563196, -6.857104, 0.0 ], [ 107.563227, -6.857117, 0.0 ], [ 107.563267, -6.85717, 0.0 ], [ 107.563287, -6.857477, 0.0 ], [ 107.563273, -6.857595, 0.0 ], [ 107.563243, -6.857665, 0.0 ], [ 107.56324, -6.857741, 0.0 ], [ 107.563218, -6.857776, 0.0 ], [ 107.56321, -6.857804, 0.0 ], [ 107.563213, -6.857859, 0.0 ], [ 107.563186, -6.858012, 0.0 ], [ 107.56319, -6.858074, 0.0 ], [ 107.563177, -6.858152, 0.0 ], [ 107.563158, -6.858201, 0.0 ], [ 107.563109, -6.85823, 0.0 ] ] ] } },
{ "type": "Feature", "properties": { "NAMOBJ": "Non Sawah", "JSWH": "Non Irigasi", "CTKSWH": "Tidak Ada Cetak Sawah", "LUASHA": 0.23324380489800001, "WADMKK": "Kota Cimahi" }, "geometry": { "type": "MultiPolygon", "coordinates": [ [ [ [ 107.556557, -6.859377, 0.0 ], [ 107.556519, -6.859453, 0.0 ], [ 107.556497, -6.859441, 0.0 ], [ 107.556775, -6.858932, 0.0 ], [ 107.556856, -6.858769, 0.0 ], [ 107.556557, -6.859377, 0.0 ] ] ], [ [ [ 107.555571, -6.858345, 0.0 ], [ 107.555569, -6.858353, 0.0 ], [ 107.555567, -6.858352, 0.0 ], [ 107.555571, -6.858345, 0.0 ] ] ], [ [ [ 107.556274, -6.858312, 0.0 ], [ 107.555833, -6.859151, 0.0 ], [ 107.555815, -6.859145, 0.0 ], [ 107.556116, -6.858529, 0.0 ], [ 107.556244, -6.858306, 0.0 ], [ 107.556274, -6.858312, 0.0 ] ] ], [ [ [ 107.55733, -6.858406, 0.0 ], [ 107.55732, -6.858478, 0.0 ], [ 107.557442, -6.858556, 0.0 ], [ 107.557391, -6.858691, 0.0 ], [ 107.557008, -6.858469, 0.0 ], [ 107.556864, -6.858752, 0.0 ], [ 107.55695, -6.85858, 0.0 ], [ 107.556893, -6.858495, 0.0 ], [ 107.556972, -6.858309, 0.0 ], [ 107.5573, -6.85843, 0.0 ], [ 107.557378, -6.85827, 0.0 ], [ 107.55733, -6.858406, 0.0 ] ] ], [ [ [ 107.557722, -6.858166, 0.0 ], [ 107.557715, -6.85818, 0.0 ], [ 107.557715, -6.85818, 0.0 ], [ 107.557722, -6.858166, 0.0 ] ] ], [ [ [ 107.557814, -6.858004, 0.0 ], [ 107.557767, -6.858079, 0.0 ], [ 107.557792, -6.858031, 0.0 ], [ 107.557507, -6.857923, 0.0 ], [ 107.557559, -6.857773, 0.0 ], [ 107.557571, -6.857783, 0.0 ], [ 107.557547, -6.857846, 0.0 ], [ 107.557679, -6.857926, 0.0 ], [ 107.557677, -6.857943, 0.0 ], [ 107.557814, -6.858004, 0.0 ] ] ], [ [ [ 107.557852, -6.857527, 0.0 ], [ 107.557783, -6.857636, 0.0 ], [ 107.557675, -6.85757, 0.0 ], [ 107.557578, -6.85772, 0.0 ], [ 107.557673, -6.857447, 0.0 ], [ 107.557852, -6.857527, 0.0 ] ] ], [ [ [ 107.556045, -6.85688, 0.0 ], [ 107.555762, -6.857387, 0.0 ], [ 107.555987, -6.85685, 0.0 ], [ 107.556045, -6.85688, 0.0 ] ] ] ] } },
{ "type": "Feature", "properties": { "NAMOBJ": "Sawah", "JSWH": "Non Irigasi", "CTKSWH": "Tidak Ada Cetak Sawah", "LUASHA": 0.25024256910800002, "WADMKK": "Kota Cimahi" }, "geometry": { "type": "MultiPolygon", "coordinates": [ [ [ [ 107.555873, -6.867353, 0.0 ], [ 107.555923, -6.867417, 0.0 ], [ 107.556028, -6.867421, 0.0 ], [ 107.555946, -6.867463, 0.0 ], [ 107.555666, -6.867453, 0.0 ], [ 107.555516, -6.867355, 0.0 ], [ 107.555609, -6.867214, 0.0 ], [ 107.555872, -6.867355, 0.0 ], [ 107.555962, -6.867187, 0.0 ], [ 107.555969, -6.867179, 0.0 ], [ 107.555999, -6.867175, 0.0 ], [ 107.555873, -6.867353, 0.0 ] ] ], [ [ [ 107.556336, -6.866556, 0.0 ], [ 107.556522, -6.866611, 0.0 ], [ 107.556557, -6.866553, 0.0 ], [ 107.556572, -6.866549, 0.0 ], [ 107.556668, -6.866578, 0.0 ], [ 107.556686, -6.866587, 0.0 ], [ 107.556686, -6.866689, 0.0 ], [ 107.556616, -6.866654, 0.0 ], [ 107.556487, -6.866618, 0.0 ], [ 107.556387, -6.866618, 0.0 ], [ 107.556345, -6.866668, 0.0 ], [ 107.556359, -6.866622, 0.0 ], [ 107.556323, -6.866593, 0.0 ], [ 107.556125, -6.866485, 0.0 ], [ 107.556138, -6.866468, 0.0 ], [ 107.556143, -6.866387, 0.0 ], [ 107.55645, -6.865924, 0.0 ], [ 107.556536, -6.865978, 0.0 ], [ 107.55655, -6.866, 0.0 ], [ 107.556547, -6.86604, 0.0 ], [ 107.556397, -6.866361, 0.0 ], [ 107.556336, -6.866556, 0.0 ] ] ] ] } },
{ "type": "Feature", "properties": { "NAMOBJ": "Sawah", "JSWH": "Non Irigasi", "CTKSWH": "Tidak Ada Cetak Sawah", "LUASHA": 0.25882503066000001, "WADMKK": "Kota Cimahi" }, "geometry": { "type": "MultiPolygon", "coordinates": [ [ [ [ 107.554977, -6.859519, 0.0 ], [ 107.554904, -6.859625, 0.0 ], [ 107.554936, -6.859504, 0.0 ], [ 107.554977, -6.859519, 0.0 ] ] ], [ [ [ 107.55484, -6.859071, 0.0 ], [ 107.555326, -6.859249, 0.0 ], [ 107.555328, -6.859235, 0.0 ], [ 107.555356, -6.859206, 0.0 ], [ 107.555527, -6.859267, 0.0 ], [ 107.555459, -6.859428, 0.0 ], [ 107.555358, -6.859629, 0.0 ], [ 107.555175, -6.859559, 0.0 ], [ 107.555195, -6.859491, 0.0 ], [ 107.555083, -6.859448, 0.0 ], [ 107.555103, -6.859368, 0.0 ], [ 107.555005, -6.859322, 0.0 ], [ 107.554968, -6.859384, 0.0 ], [ 107.554849, -6.859336, 0.0 ], [ 107.554686, -6.859251, 0.0 ], [ 107.554747, -6.859117, 0.0 ], [ 107.554806, -6.859136, 0.0 ], [ 107.55484, -6.859071, 0.0 ] ] ] ] } },
{ "type": "Feature", "properties": { "NAMOBJ": "Sawah", "JSWH": "Non Irigasi", "CTKSWH": "Tidak Ada Cetak Sawah", "LUASHA": 0.28956328099799999, "WADMKK": "Kota Cimahi" }, "geometry": { "type": "Polygon", "coordinates": [ [ [ 107.538057, -6.863249, 0.0 ], [ 107.538043, -6.863258, 0.0 ], [ 107.538039, -6.86266, 0.0 ], [ 107.538149, -6.862591, 0.0 ], [ 107.538143, -6.862576, 0.0 ], [ 107.538561, -6.862574, 0.0 ], [ 107.538557, -6.86259, 0.0 ], [ 107.538569, -6.862644, 0.0 ], [ 107.538555, -6.862658, 0.0 ], [ 107.538517, -6.862672, 0.0 ], [ 107.538501, -6.862703, 0.0 ], [ 107.538513, -6.862732, 0.0 ], [ 107.538507, -6.86274, 0.0 ], [ 107.538508, -6.862818, 0.0 ], [ 107.538493, -6.862856, 0.0 ], [ 107.538497, -6.86287, 0.0 ], [ 107.538435, -6.862981, 0.0 ], [ 107.538328, -6.863045, 0.0 ], [ 107.538057, -6.863249, 0.0 ] ] ] } },
{ "type": "Feature", "properties": { "NAMOBJ": "Sawah", "JSWH": "Non Irigasi", "CTKSWH": "Tidak Ada Cetak Sawah", "LUASHA": 0.287941702671, "WADMKK": "Kota Cimahi" }, "geometry": { "type": "Polygon", "coordinates": [ [ [ 107.548751, -6.85713, 0.0 ], [ 107.548859, -6.857174, 0.0 ], [ 107.54887, -6.857186, 0.0 ], [ 107.548758, -6.857274, 0.0 ], [ 107.548296, -6.857585, 0.0 ], [ 107.547988, -6.857716, 0.0 ], [ 107.547704, -6.85764, 0.0 ], [ 107.547677, -6.857357, 0.0 ], [ 107.547676, -6.857231, 0.0 ], [ 107.547725, -6.857177, 0.0 ], [ 107.547728, -6.857231, 0.0 ], [ 107.547761, -6.857307, 0.0 ], [ 107.547775, -6.857441, 0.0 ], [ 107.547816, -6.857527, 0.0 ], [ 107.547846, -6.857535, 0.0 ], [ 107.547854, -6.857504, 0.0 ], [ 107.547839, -6.85749, 0.0 ], [ 107.547849, -6.857452, 0.0 ], [ 107.54788, -6.857399, 0.0 ], [ 107.547918, -6.85722, 0.0 ], [ 107.547933, -6.857189, 0.0 ], [ 107.54798, -6.857199, 0.0 ], [ 107.548003, -6.85723, 0.0 ], [ 107.548032, -6.857276, 0.0 ], [ 107.548045, -6.857324, 0.0 ], [ 107.548037, -6.857363, 0.0 ], [ 107.54804, -6.857411, 0.0 ], [ 107.54814, -6.857509, 0.0 ], [ 107.548259, -6.857489, 0.0 ], [ 107.548336, -6.857444, 0.0 ], [ 107.548507, -6.857328, 0.0 ], [ 107.548717, -6.857159, 0.0 ], [ 107.548723, -6.857167, 0.0 ], [ 107.548751, -6.85713, 0.0 ] ] ] } },
{ "type": "Feature", "properties": { "NAMOBJ": "Sawah", "JSWH": "Non Irigasi", "CTKSWH": "Tidak Ada Cetak Sawah", "LUASHA": 0.30022152916799999, "WADMKK": "Kota Cimahi" }, "geometry": { "type": "MultiPolygon", "coordinates": [ [ [ [ 107.550027, -6.85556, 0.0 ], [ 107.55019, -6.855672, 0.0 ], [ 107.550144, -6.855645, 0.0 ], [ 107.550133, -6.855686, 0.0 ], [ 107.550097, -6.855699, 0.0 ], [ 107.550076, -6.855696, 0.0 ], [ 107.550045, -6.855659, 0.0 ], [ 107.550045, -6.855643, 0.0 ], [ 107.550027, -6.855614, 0.0 ], [ 107.550014, -6.855569, 0.0 ], [ 107.550013, -6.855403, 0.0 ], [ 107.55009, -6.855392, 0.0 ], [ 107.550027, -6.85556, 0.0 ] ] ], [ [ [ 107.550721, -6.85468, 0.0 ], [ 107.550716, -6.854746, 0.0 ], [ 107.550787, -6.854796, 0.0 ], [ 107.550803, -6.854846, 0.0 ], [ 107.550849, -6.854879, 0.0 ], [ 107.550721, -6.855235, 0.0 ], [ 107.550658, -6.855341, 0.0 ], [ 107.550642, -6.855341, 0.0 ], [ 107.550655, -6.855322, 0.0 ], [ 107.550779, -6.854942, 0.0 ], [ 107.550693, -6.854723, 0.0 ], [ 107.550598, -6.854694, 0.0 ], [ 107.550379, -6.854913, 0.0 ], [ 107.55017, -6.85518, 0.0 ], [ 107.550154, -6.855221, 0.0 ], [ 107.55014, -6.855218, 0.0 ], [ 107.550139, -6.855187, 0.0 ], [ 107.550112, -6.855179, 0.0 ], [ 107.550045, -6.855215, 0.0 ], [ 107.549946, -6.855161, 0.0 ], [ 107.549776, -6.855132, 0.0 ], [ 107.549781, -6.855123, 0.0 ], [ 107.549744, -6.855107, 0.0 ], [ 107.549741, -6.855075, 0.0 ], [ 107.549808, -6.854889, 0.0 ], [ 107.549873, -6.854907, 0.0 ], [ 107.549927, -6.854727, 0.0 ], [ 107.550002, -6.854753, 0.0 ], [ 107.549978, -6.854834, 0.0 ], [ 107.550014, -6.854847, 0.0 ], [ 107.550024, -6.854838, 0.0 ], [ 107.550084, -6.854864, 0.0 ], [ 107.550096, -6.854853, 0.0 ], [ 107.550118, -6.854854, 0.0 ], [ 107.550081, -6.854941, 0.0 ], [ 107.550064, -6.855019, 0.0 ], [ 107.550069, -6.855031, 0.0 ], [ 107.550092, -6.855041, 0.0 ], [ 107.550124, -6.855041, 0.0 ], [ 107.550129, -6.855065, 0.0 ], [ 107.55012, -6.855092, 0.0 ], [ 107.550133, -6.855113, 0.0 ], [ 107.550149, -6.85506, 0.0 ], [ 107.550168, -6.854895, 0.0 ], [ 107.550363, -6.854846, 0.0 ], [ 107.550376, -6.854831, 0.0 ], [ 107.550382, -6.854798, 0.0 ], [ 107.5504, -6.854776, 0.0 ], [ 107.550405, -6.854706, 0.0 ], [ 107.550417, -6.854693, 0.0 ], [ 107.550443, -6.85469, 0.0 ], [ 107.550543, -6.854639, 0.0 ], [ 107.550559, -6.854603, 0.0 ], [ 107.550624, -6.854578, 0.0 ], [ 107.550673, -6.854532, 0.0 ], [ 107.550737, -6.854593, 0.0 ], [ 107.55071, -6.854653, 0.0 ], [ 107.550721, -6.85468, 0.0 ] ] ] ] } },
{ "type": "Feature", "properties": { "NAMOBJ": "Sawah", "JSWH": "Non Irigasi", "CTKSWH": "Tidak Ada Cetak Sawah", "LUASHA": 0.30157609441599997, "WADMKK": "Kota Cimahi" }, "geometry": { "type": "Polygon", "coordinates": [ [ [ 107.52659, -6.86766, 0.0 ], [ 107.526735, -6.867684, 0.0 ], [ 107.526624, -6.868047, 0.0 ], [ 107.526405, -6.868028, 0.0 ], [ 107.526192, -6.868021, 0.0 ], [ 107.526067, -6.868006, 0.0 ], [ 107.525913, -6.867967, 0.0 ], [ 107.526075, -6.867675, 0.0 ], [ 107.526129, -6.867664, 0.0 ], [ 107.526529, -6.867665, 0.0 ], [ 107.52659, -6.86766, 0.0 ] ] ] } },
{ "type": "Feature", "properties": { "NAMOBJ": "Sawah", "JSWH": "Non Irigasi", "CTKSWH": "Tidak Ada Cetak Sawah", "LUASHA": 0.315584344553, "WADMKK": "Kota Cimahi" }, "geometry": { "type": "MultiPolygon", "coordinates": [ [ [ [ 107.543522, -6.851108, 0.0 ], [ 107.543457, -6.851111, 0.0 ], [ 107.543516, -6.851105, 0.0 ], [ 107.543522, -6.851108, 0.0 ] ] ], [ [ [ 107.545487, -6.850267, 0.0 ], [ 107.545511, -6.850276, 0.0 ], [ 107.545564, -6.850249, 0.0 ], [ 107.54558, -6.850269, 0.0 ], [ 107.545574, -6.850292, 0.0 ], [ 107.545536, -6.850317, 0.0 ], [ 107.545465, -6.850389, 0.0 ], [ 107.545451, -6.85043, 0.0 ], [ 107.545406, -6.850475, 0.0 ], [ 107.545363, -6.850488, 0.0 ], [ 107.545331, -6.850513, 0.0 ], [ 107.545301, -6.850492, 0.0 ], [ 107.545279, -6.850496, 0.0 ], [ 107.5452, -6.850543, 0.0 ], [ 107.545159, -6.850557, 0.0 ], [ 107.545059, -6.850703, 0.0 ], [ 107.545035, -6.850775, 0.0 ], [ 107.545036, -6.850825, 0.0 ], [ 107.544987, -6.850943, 0.0 ], [ 107.544945, -6.850999, 0.0 ], [ 107.544865, -6.851048, 0.0 ], [ 107.544872, -6.851073, 0.0 ], [ 107.544847, -6.85114, 0.0 ], [ 107.544863, -6.851148, 0.0 ], [ 107.544958, -6.851156, 0.0 ], [ 107.545021, -6.851201, 0.0 ], [ 107.545072, -6.851264, 0.0 ], [ 107.545094, -6.85133, 0.0 ], [ 107.5451, -6.851381, 0.0 ], [ 107.544734, -6.851221, 0.0 ], [ 107.544626, -6.851202, 0.0 ], [ 107.544682, -6.851181, 0.0 ], [ 107.544708, -6.850979, 0.0 ], [ 107.544748, -6.850868, 0.0 ], [ 107.54483, -6.850791, 0.0 ], [ 107.544991, -6.850528, 0.0 ], [ 107.545062, -6.850463, 0.0 ], [ 107.545079, -6.850484, 0.0 ], [ 107.545106, -6.850476, 0.0 ], [ 107.545137, -6.850424, 0.0 ], [ 107.545169, -6.850394, 0.0 ], [ 107.545228, -6.850364, 0.0 ], [ 107.545248, -6.850326, 0.0 ], [ 107.545312, -6.850264, 0.0 ], [ 107.545369, -6.850262, 0.0 ], [ 107.545375, -6.850268, 0.0 ], [ 107.545387, -6.85025, 0.0 ], [ 107.545452, -6.850221, 0.0 ], [ 107.54548, -6.850224, 0.0 ], [ 107.545487, -6.850267, 0.0 ] ] ] ] } },
{ "type": "Feature", "properties": { "NAMOBJ": "Sawah", "JSWH": "Non Irigasi", "CTKSWH": "Tidak Ada Cetak Sawah", "LUASHA": 0.32902557815700001, "WADMKK": "Kota Cimahi" }, "geometry": { "type": "MultiPolygon", "coordinates": [ [ [ [ 107.554164, -6.863588, 0.0 ], [ 107.55421, -6.863605, 0.0 ], [ 107.554257, -6.863591, 0.0 ], [ 107.553987, -6.863885, 0.0 ], [ 107.553976, -6.863878, 0.0 ], [ 107.554111, -6.863561, 0.0 ], [ 107.554164, -6.863588, 0.0 ] ] ], [ [ [ 107.555817, -6.863215, 0.0 ], [ 107.555635, -6.863517, 0.0 ], [ 107.555464, -6.863418, 0.0 ], [ 107.555429, -6.863415, 0.0 ], [ 107.555393, -6.863444, 0.0 ], [ 107.555262, -6.863597, 0.0 ], [ 107.555576, -6.863098, 0.0 ], [ 107.555817, -6.863215, 0.0 ] ] ], [ [ [ 107.55565, -6.862946, 0.0 ], [ 107.555585, -6.863076, 0.0 ], [ 107.555322, -6.862964, 0.0 ], [ 107.554942, -6.863525, 0.0 ], [ 107.554485, -6.863392, 0.0 ], [ 107.554299, -6.863554, 0.0 ], [ 107.554418, -6.863361, 0.0 ], [ 107.554454, -6.863316, 0.0 ], [ 107.554489, -6.863301, 0.0 ], [ 107.554527, -6.863301, 0.0 ], [ 107.55478, -6.863473, 0.0 ], [ 107.554834, -6.863473, 0.0 ], [ 107.554896, -6.863445, 0.0 ], [ 107.55495, -6.863387, 0.0 ], [ 107.555088, -6.863165, 0.0 ], [ 107.55536, -6.862768, 0.0 ], [ 107.55565, -6.862946, 0.0 ] ] ] ] } },
{ "type": "Feature", "properties": { "NAMOBJ": "Sawah", "JSWH": "Non Irigasi", "CTKSWH": "Tidak Ada Cetak Sawah", "LUASHA": 0.36446461532399999, "WADMKK": "Kota Cimahi" }, "geometry": { "type": "MultiPolygon", "coordinates": [ [ [ [ 107.55655, -6.868804, 0.0 ], [ 107.556319, -6.868955, 0.0 ], [ 107.556307, -6.868903, 0.0 ], [ 107.556284, -6.868868, 0.0 ], [ 107.55623, -6.868857, 0.0 ], [ 107.556183, -6.868792, 0.0 ], [ 107.556067, -6.868411, 0.0 ], [ 107.556065, -6.868365, 0.0 ], [ 107.55623, -6.868331, 0.0 ], [ 107.556359, -6.86841, 0.0 ], [ 107.556672, -6.868667, 0.0 ], [ 107.556581, -6.868721, 0.0 ], [ 107.55655, -6.868804, 0.0 ] ] ], [ [ [ 107.55715, -6.868662, 0.0 ], [ 107.557063, -6.868644, 0.0 ], [ 107.557244, -6.868595, 0.0 ], [ 107.557958, -6.868231, 0.0 ], [ 107.558102, -6.86808, 0.0 ], [ 107.5581, -6.868122, 0.0 ], [ 107.558088, -6.868166, 0.0 ], [ 107.558048, -6.868222, 0.0 ], [ 107.558005, -6.868265, 0.0 ], [ 107.557941, -6.868311, 0.0 ], [ 107.557894, -6.868393, 0.0 ], [ 107.557846, -6.868421, 0.0 ], [ 107.55772, -6.868465, 0.0 ], [ 107.557623, -6.868535, 0.0 ], [ 107.557554, -6.868573, 0.0 ], [ 107.557431, -6.868587, 0.0 ], [ 107.557293, -6.868638, 0.0 ], [ 107.557224, -6.868655, 0.0 ], [ 107.55715, -6.868662, 0.0 ] ] ], [ [ [ 107.558412, -6.866836, 0.0 ], [ 107.558376, -6.866869, 0.0 ], [ 107.558406, -6.866816, 0.0 ], [ 107.558412, -6.866836, 0.0 ] ] ] ] } },
{ "type": "Feature", "properties": { "NAMOBJ": "Sawah", "JSWH": "Non Irigasi", "CTKSWH": "Tidak Ada Cetak Sawah", "LUASHA": 0.36536935369500001, "WADMKK": "Kota Cimahi" }, "geometry": { "type": "Polygon", "coordinates": [ [ [ 107.527814, -6.869684, 0.0 ], [ 107.528239, -6.869835, 0.0 ], [ 107.528226, -6.869921, 0.0 ], [ 107.52821, -6.869953, 0.0 ], [ 107.528136, -6.870251, 0.0 ], [ 107.528123, -6.870254, 0.0 ], [ 107.528121, -6.870269, 0.0 ], [ 107.528064, -6.870288, 0.0 ], [ 107.527972, -6.870266, 0.0 ], [ 107.527793, -6.87024, 0.0 ], [ 107.527672, -6.870207, 0.0 ], [ 107.527457, -6.870109, 0.0 ], [ 107.527457, -6.870097, 0.0 ], [ 107.527438, -6.870089, 0.0 ], [ 107.527476, -6.869941, 0.0 ], [ 107.527625, -6.869984, 0.0 ], [ 107.527637, -6.869961, 0.0 ], [ 107.527639, -6.869966, 0.0 ], [ 107.527671, -6.869947, 0.0 ], [ 107.527753, -6.869715, 0.0 ], [ 107.527774, -6.869718, 0.0 ], [ 107.527793, -6.869667, 0.0 ], [ 107.527814, -6.869684, 0.0 ] ] ] } },
{ "type": "Feature", "properties": { "NAMOBJ": "Sawah", "JSWH": "Non Irigasi", "CTKSWH": "Tidak Ada Cetak Sawah", "LUASHA": 0.40320339840300001, "WADMKK": "Kota Cimahi" }, "geometry": { "type": "Polygon", "coordinates": [ [ [ 107.551653, -6.856008, 0.0 ], [ 107.55188, -6.856278, 0.0 ], [ 107.551921, -6.856312, 0.0 ], [ 107.551944, -6.856297, 0.0 ], [ 107.552188, -6.856397, 0.0 ], [ 107.55211, -6.856594, 0.0 ], [ 107.551908, -6.856848, 0.0 ], [ 107.551821, -6.856792, 0.0 ], [ 107.551631, -6.856609, 0.0 ], [ 107.551568, -6.856671, 0.0 ], [ 107.551554, -6.856675, 0.0 ], [ 107.551515, -6.856646, 0.0 ], [ 107.551475, -6.85669, 0.0 ], [ 107.551442, -6.856665, 0.0 ], [ 107.551437, -6.856652, 0.0 ], [ 107.551475, -6.856239, 0.0 ], [ 107.551653, -6.856008, 0.0 ] ], [ [ 107.551499, -6.856322, 0.0 ], [ 107.551578, -6.856381, 0.0 ], [ 107.551657, -6.856283, 0.0 ], [ 107.551589, -6.856224, 0.0 ], [ 107.551499, -6.856322, 0.0 ] ] ] } },
{ "type": "Feature", "properties": { "NAMOBJ": "Sawah", "JSWH": "Non Irigasi", "CTKSWH": "Tidak Ada Cetak Sawah", "LUASHA": 0.40760931464900002, "WADMKK": "Kota Cimahi" }, "geometry": { "type": "Polygon", "coordinates": [ [ [ 107.525705, -6.86882, 0.0 ], [ 107.525705, -6.868827, 0.0 ], [ 107.525824, -6.86883, 0.0 ], [ 107.525868, -6.868886, 0.0 ], [ 107.525923, -6.868901, 0.0 ], [ 107.525891, -6.869121, 0.0 ], [ 107.525557, -6.869117, 0.0 ], [ 107.525384, -6.869126, 0.0 ], [ 107.525289, -6.86914, 0.0 ], [ 107.52527, -6.869118, 0.0 ], [ 107.525155, -6.869138, 0.0 ], [ 107.525086, -6.869295, 0.0 ], [ 107.524945, -6.869384, 0.0 ], [ 107.524826, -6.869015, 0.0 ], [ 107.525108, -6.868897, 0.0 ], [ 107.52534, -6.868823, 0.0 ], [ 107.525515, -6.868803, 0.0 ], [ 107.52556, -6.868744, 0.0 ], [ 107.525619, -6.868717, 0.0 ], [ 107.525646, -6.868717, 0.0 ], [ 107.52564, -6.86877, 0.0 ], [ 107.525705, -6.86882, 0.0 ] ] ] } },
{ "type": "Feature", "properties": { "NAMOBJ": "Sawah", "JSWH": "Non Irigasi", "CTKSWH": "Tidak Ada Cetak Sawah", "LUASHA": 0.42670663918899998, "WADMKK": "Kota Cimahi" }, "geometry": { "type": "Polygon", "coordinates": [ [ [ 107.543762, -6.860221, 0.0 ], [ 107.543879, -6.860224, 0.0 ], [ 107.543936, -6.860271, 0.0 ], [ 107.543958, -6.860277, 0.0 ], [ 107.543969, -6.860299, 0.0 ], [ 107.544039, -6.860352, 0.0 ], [ 107.544142, -6.860399, 0.0 ], [ 107.544208, -6.860411, 0.0 ], [ 107.544275, -6.860395, 0.0 ], [ 107.544323, -6.860397, 0.0 ], [ 107.544374, -6.860413, 0.0 ], [ 107.544435, -6.860449, 0.0 ], [ 107.544475, -6.8605, 0.0 ], [ 107.544456, -6.860538, 0.0 ], [ 107.544384, -6.86055, 0.0 ], [ 107.544309, -6.860538, 0.0 ], [ 107.544229, -6.8605, 0.0 ], [ 107.544163, -6.860487, 0.0 ], [ 107.544024, -6.860485, 0.0 ], [ 107.543974, -6.860498, 0.0 ], [ 107.543898, -6.860533, 0.0 ], [ 107.543881, -6.860553, 0.0 ], [ 107.543837, -6.860572, 0.0 ], [ 107.543788, -6.860584, 0.0 ], [ 107.543546, -6.860611, 0.0 ], [ 107.543417, -6.860614, 0.0 ], [ 107.543394, -6.860617, 0.0 ], [ 107.543383, -6.860632, 0.0 ], [ 107.543349, -6.860646, 0.0 ], [ 107.543281, -6.860644, 0.0 ], [ 107.543135, -6.860406, 0.0 ], [ 107.54315, -6.860389, 0.0 ], [ 107.543154, -6.860331, 0.0 ], [ 107.543329, -6.860234, 0.0 ], [ 107.543456, -6.860186, 0.0 ], [ 107.543762, -6.860221, 0.0 ] ] ] } },
{ "type": "Feature", "properties": { "NAMOBJ": "Sawah", "JSWH": "Non Irigasi", "CTKSWH": "Tidak Ada Cetak Sawah", "LUASHA": 0.44920327677499999, "WADMKK": "Kota Cimahi" }, "geometry": { "type": "MultiPolygon", "coordinates": [ [ [ [ 107.555306, -6.85396, 0.0 ], [ 107.555325, -6.853984, 0.0 ], [ 107.555342, -6.85399, 0.0 ], [ 107.555296, -6.85409, 0.0 ], [ 107.555705, -6.854263, 0.0 ], [ 107.555601, -6.854546, 0.0 ], [ 107.555189, -6.854408, 0.0 ], [ 107.555159, -6.854414, 0.0 ], [ 107.555131, -6.854448, 0.0 ], [ 107.555073, -6.854617, 0.0 ], [ 107.554884, -6.854535, 0.0 ], [ 107.554713, -6.854203, 0.0 ], [ 107.554778, -6.854177, 0.0 ], [ 107.554804, -6.854177, 0.0 ], [ 107.554831, -6.854151, 0.0 ], [ 107.554863, -6.854159, 0.0 ], [ 107.554959, -6.854152, 0.0 ], [ 107.555, -6.854119, 0.0 ], [ 107.555018, -6.854082, 0.0 ], [ 107.555061, -6.854075, 0.0 ], [ 107.555097, -6.854059, 0.0 ], [ 107.555166, -6.854049, 0.0 ], [ 107.55518, -6.853995, 0.0 ], [ 107.555232, -6.853979, 0.0 ], [ 107.555273, -6.853983, 0.0 ], [ 107.555306, -6.85396, 0.0 ] ] ], [ [ [ 107.55493, -6.853765, 0.0 ], [ 107.55479, -6.853776, 0.0 ], [ 107.554796, -6.853751, 0.0 ], [ 107.55493, -6.853765, 0.0 ] ] ], [ [ [ 107.555066, -6.853906, 0.0 ], [ 107.55504, -6.853957, 0.0 ], [ 107.555023, -6.853927, 0.0 ], [ 107.554997, -6.853939, 0.0 ], [ 107.554942, -6.853941, 0.0 ], [ 107.554873, -6.853991, 0.0 ], [ 107.555062, -6.853828, 0.0 ], [ 107.554985, -6.853768, 0.0 ], [ 107.555072, -6.853694, 0.0 ], [ 107.555173, -6.853776, 0.0 ], [ 107.555142, -6.853795, 0.0 ], [ 107.555147, -6.853844, 0.0 ], [ 107.555123, -6.853875, 0.0 ], [ 107.555066, -6.853906, 0.0 ] ] ] ] } },
{ "type": "Feature", "properties": { "NAMOBJ": "Non Sawah", "JSWH": "Non Irigasi", "CTKSWH": "Tidak Ada Cetak Sawah", "LUASHA": 0.53174710637599998, "WADMKK": "Kota Cimahi" }, "geometry": { "type": "MultiPolygon", "coordinates": [ [ [ [ 107.557895, -6.85746, 0.0 ], [ 107.557852, -6.857527, 0.0 ], [ 107.557673, -6.857447, 0.0 ], [ 107.557728, -6.857288, 0.0 ], [ 107.557543, -6.85721, 0.0 ], [ 107.557604, -6.857101, 0.0 ], [ 107.557735, -6.85716, 0.0 ], [ 107.557735, -6.857182, 0.0 ], [ 107.557691, -6.857237, 0.0 ], [ 107.557789, -6.857283, 0.0 ], [ 107.557759, -6.857371, 0.0 ], [ 107.557766, -6.857386, 0.0 ], [ 107.557895, -6.85746, 0.0 ] ] ], [ [ [ 107.558906, -6.856489, 0.0 ], [ 107.558844, -6.856704, 0.0 ], [ 107.558761, -6.856675, 0.0 ], [ 107.55877, -6.856618, 0.0 ], [ 107.558826, -6.856513, 0.0 ], [ 107.558857, -6.856519, 0.0 ], [ 107.558909, -6.856378, 0.0 ], [ 107.558906, -6.856489, 0.0 ] ] ], [ [ [ 107.558476, -6.856166, 0.0 ], [ 107.558374, -6.856381, 0.0 ], [ 107.558363, -6.856375, 0.0 ], [ 107.558302, -6.856501, 0.0 ], [ 107.558315, -6.856519, 0.0 ], [ 107.558354, -6.856518, 0.0 ], [ 107.558368, -6.856497, 0.0 ], [ 107.558414, -6.856545, 0.0 ], [ 107.558408, -6.856575, 0.0 ], [ 107.558372, -6.856644, 0.0 ], [ 107.558399, -6.856683, 0.0 ], [ 107.558389, -6.856725, 0.0 ], [ 107.558305, -6.856859, 0.0 ], [ 107.558159, -6.856774, 0.0 ], [ 107.558192, -6.856724, 0.0 ], [ 107.557967, -6.856603, 0.0 ], [ 107.557878, -6.856748, 0.0 ], [ 107.55807, -6.856874, 0.0 ], [ 107.558045, -6.856895, 0.0 ], [ 107.558012, -6.856878, 0.0 ], [ 107.557995, -6.856907, 0.0 ], [ 107.558022, -6.856935, 0.0 ], [ 107.558128, -6.857013, 0.0 ], [ 107.55805, -6.857155, 0.0 ], [ 107.557901, -6.857085, 0.0 ], [ 107.55787, -6.857064, 0.0 ], [ 107.557878, -6.857067, 0.0 ], [ 107.557992, -6.85691, 0.0 ], [ 107.557842, -6.856796, 0.0 ], [ 107.557992, -6.856503, 0.0 ], [ 107.558235, -6.856546, 0.0 ], [ 107.558414, -6.856189, 0.0 ], [ 107.558476, -6.856166, 0.0 ] ] ], [ [ [ 107.558954, -6.855948, 0.0 ], [ 107.559027, -6.85599, 0.0 ], [ 107.559029, -6.855985, 0.0 ], [ 107.559479, -6.856163, 0.0 ], [ 107.559364, -6.856473, 0.0 ], [ 107.559325, -6.856611, 0.0 ], [ 107.559276, -6.856681, 0.0 ], [ 107.559255, -6.856673, 0.0 ], [ 107.559434, -6.856196, 0.0 ], [ 107.558806, -6.855903, 0.0 ], [ 107.558721, -6.855818, 0.0 ], [ 107.558778, -6.855861, 0.0 ], [ 107.558954, -6.855948, 0.0 ] ] ], [ [ [ 107.55791, -6.85521, 0.0 ], [ 107.5581, -6.855335, 0.0 ], [ 107.558069, -6.85537, 0.0 ], [ 107.558098, -6.855394, 0.0 ], [ 107.558035, -6.855432, 0.0 ], [ 107.557878, -6.855653, 0.0 ], [ 107.5577, -6.855703, 0.0 ], [ 107.557557, -6.855661, 0.0 ], [ 107.557564, -6.855468, 0.0 ], [ 107.557643, -6.855361, 0.0 ], [ 107.55775, -6.855254, 0.0 ], [ 107.557804, -6.855221, 0.0 ], [ 107.557814, -6.85523, 0.0 ], [ 107.557857, -6.855189, 0.0 ], [ 107.557868, -6.855185, 0.0 ], [ 107.55791, -6.85521, 0.0 ] ] ] ] } },
{ "type": "Feature", "properties": { "NAMOBJ": "Sawah", "JSWH": "Non Irigasi", "CTKSWH": "Tidak Ada Cetak Sawah", "LUASHA": 0.54727247263900003, "WADMKK": "Kota Cimahi" }, "geometry": { "type": "MultiPolygon", "coordinates": [ [ [ [ 107.561996, -6.859226, 0.0 ], [ 107.561932, -6.859238, 0.0 ], [ 107.561885, -6.859283, 0.0 ], [ 107.561856, -6.8593, 0.0 ], [ 107.561839, -6.859334, 0.0 ], [ 107.56188, -6.859371, 0.0 ], [ 107.561838, -6.859392, 0.0 ], [ 107.56175, -6.859355, 0.0 ], [ 107.561854, -6.859242, 0.0 ], [ 107.561978, -6.85908, 0.0 ], [ 107.561921, -6.858851, 0.0 ], [ 107.56193, -6.858652, 0.0 ], [ 107.562064, -6.858537, 0.0 ], [ 107.5622, -6.858469, 0.0 ], [ 107.562149, -6.858552, 0.0 ], [ 107.562154, -6.85858, 0.0 ], [ 107.562068, -6.858787, 0.0 ], [ 107.562027, -6.858861, 0.0 ], [ 107.562058, -6.858901, 0.0 ], [ 107.562037, -6.858923, 0.0 ], [ 107.562017, -6.85899, 0.0 ], [ 107.562028, -6.859067, 0.0 ], [ 107.561996, -6.859226, 0.0 ] ] ], [ [ [ 107.562397, -6.857286, 0.0 ], [ 107.562338, -6.857476, 0.0 ], [ 107.562323, -6.857561, 0.0 ], [ 107.562358, -6.857564, 0.0 ], [ 107.562378, -6.857633, 0.0 ], [ 107.562394, -6.857652, 0.0 ], [ 107.562401, -6.857778, 0.0 ], [ 107.56234, -6.857747, 0.0 ], [ 107.562225, -6.857538, 0.0 ], [ 107.562287, -6.857254, 0.0 ], [ 107.5623, -6.857288, 0.0 ], [ 107.56235, -6.857299, 0.0 ], [ 107.562365, -6.857267, 0.0 ], [ 107.562395, -6.857248, 0.0 ], [ 107.562397, -6.857286, 0.0 ] ] ], [ [ [ 107.562338, -6.857138, 0.0 ], [ 107.562301, -6.857192, 0.0 ], [ 107.562336, -6.857034, 0.0 ], [ 107.562348, -6.857038, 0.0 ], [ 107.562384, -6.857088, 0.0 ], [ 107.562338, -6.857138, 0.0 ] ] ], [ [ [ 107.559935, -6.856877, 0.0 ], [ 107.559603, -6.8576, 0.0 ], [ 107.559492, -6.857544, 0.0 ], [ 107.559547, -6.857407, 0.0 ], [ 107.559667, -6.857448, 0.0 ], [ 107.559804, -6.857054, 0.0 ], [ 107.55952, -6.856927, 0.0 ], [ 107.559549, -6.856848, 0.0 ], [ 107.559669, -6.856893, 0.0 ], [ 107.55968, -6.856857, 0.0 ], [ 107.559747, -6.856886, 0.0 ], [ 107.559773, -6.856823, 0.0 ], [ 107.559935, -6.856877, 0.0 ] ] ], [ [ [ 107.560041, -6.856646, 0.0 ], [ 107.559994, -6.85665, 0.0 ], [ 107.559891, -6.856625, 0.0 ], [ 107.559866, -6.856587, 0.0 ], [ 107.559882, -6.856529, 0.0 ], [ 107.560055, -6.856615, 0.0 ], [ 107.560041, -6.856646, 0.0 ] ] ], [ [ [ 107.561444, -6.856493, 0.0 ], [ 107.561312, -6.856891, 0.0 ], [ 107.561279, -6.856878, 0.0 ], [ 107.561441, -6.856494, 0.0 ], [ 107.561444, -6.856493, 0.0 ] ] ], [ [ [ 107.562305, -6.856798, 0.0 ], [ 107.562273, -6.856719, 0.0 ], [ 107.562002, -6.856391, 0.0 ], [ 107.562101, -6.856414, 0.0 ], [ 107.562183, -6.856463, 0.0 ], [ 107.562292, -6.856704, 0.0 ], [ 107.562305, -6.856798, 0.0 ] ] ], [ [ [ 107.561037, -6.856352, 0.0 ], [ 107.560906, -6.856736, 0.0 ], [ 107.560995, -6.856773, 0.0 ], [ 107.56075, -6.856681, 0.0 ], [ 107.560767, -6.856612, 0.0 ], [ 107.560792, -6.856623, 0.0 ], [ 107.560904, -6.856266, 0.0 ], [ 107.560975, -6.856195, 0.0 ], [ 107.561087, -6.856259, 0.0 ], [ 107.561037, -6.856352, 0.0 ] ] ], [ [ [ 107.559798, -6.856234, 0.0 ], [ 107.55976, -6.856315, 0.0 ], [ 107.559727, -6.856306, 0.0 ], [ 107.55976, -6.856238, 0.0 ], [ 107.559838, -6.856112, 0.0 ], [ 107.559978, -6.856136, 0.0 ], [ 107.559953, -6.856204, 0.0 ], [ 107.559798, -6.856234, 0.0 ] ] ], [ [ [ 107.560325, -6.856067, 0.0 ], [ 107.560292, -6.856085, 0.0 ], [ 107.560294, -6.856067, 0.0 ], [ 107.560325, -6.856067, 0.0 ] ] ], [ [ [ 107.560709, -6.85607, 0.0 ], [ 107.560682, -6.856137, 0.0 ], [ 107.560449, -6.856012, 0.0 ], [ 107.56046, -6.855973, 0.0 ], [ 107.560615, -6.856023, 0.0 ], [ 107.560709, -6.85607, 0.0 ] ] ], [ [ [ 107.561315, -6.855951, 0.0 ], [ 107.561616, -6.856, 0.0 ], [ 107.561718, -6.856066, 0.0 ], [ 107.561758, -6.856121, 0.0 ], [ 107.561745, -6.856185, 0.0 ], [ 107.561607, -6.856082, 0.0 ], [ 107.561331, -6.855968, 0.0 ], [ 107.561148, -6.856245, 0.0 ], [ 107.561098, -6.85623, 0.0 ], [ 107.561174, -6.856038, 0.0 ], [ 107.561224, -6.85596, 0.0 ], [ 107.561222, -6.855932, 0.0 ], [ 107.561315, -6.855951, 0.0 ] ] ] ] } },
{ "type": "Feature", "properties": { "NAMOBJ": "Sawah", "JSWH": "Non Irigasi", "CTKSWH": "Tidak Ada Cetak Sawah", "LUASHA": 0.57965279063999997, "WADMKK": "Kota Cimahi" }, "geometry": { "type": "Polygon", "coordinates": [ [ [ 107.553916, -6.871212, 0.0 ], [ 107.554121, -6.871594, 0.0 ], [ 107.554135, -6.87171, 0.0 ], [ 107.554108, -6.871775, 0.0 ], [ 107.554051, -6.87185, 0.0 ], [ 107.553981, -6.871883, 0.0 ], [ 107.553912, -6.871888, 0.0 ], [ 107.553905, -6.871922, 0.0 ], [ 107.553855, -6.871951, 0.0 ], [ 107.553851, -6.871979, 0.0 ], [ 107.553876, -6.872055, 0.0 ], [ 107.553857, -6.872076, 0.0 ], [ 107.5538, -6.872101, 0.0 ], [ 107.553745, -6.872114, 0.0 ], [ 107.553669, -6.872088, 0.0 ], [ 107.553636, -6.872101, 0.0 ], [ 107.553512, -6.872078, 0.0 ], [ 107.553455, -6.872052, 0.0 ], [ 107.553391, -6.872, 0.0 ], [ 107.553351, -6.871947, 0.0 ], [ 107.553353, -6.871911, 0.0 ], [ 107.553453, -6.871766, 0.0 ], [ 107.553587, -6.871609, 0.0 ], [ 107.553534, -6.871584, 0.0 ], [ 107.553507, -6.871561, 0.0 ], [ 107.553483, -6.871498, 0.0 ], [ 107.55346, -6.871471, 0.0 ], [ 107.553334, -6.871392, 0.0 ], [ 107.553332, -6.871374, 0.0 ], [ 107.553367, -6.871334, 0.0 ], [ 107.55346, -6.871295, 0.0 ], [ 107.553557, -6.871322, 0.0 ], [ 107.553606, -6.871318, 0.0 ], [ 107.55376, -6.87122, 0.0 ], [ 107.553794, -6.871222, 0.0 ], [ 107.553829, -6.871257, 0.0 ], [ 107.553916, -6.871212, 0.0 ] ] ] } },
{ "type": "Feature", "properties": { "NAMOBJ": "Sawah", "JSWH": "Non Irigasi", "CTKSWH": "Tidak Ada Cetak Sawah", "LUASHA": 0.78967501273499996, "WADMKK": "Kota Cimahi" }, "geometry": { "type": "Polygon", "coordinates": [ [ [ 107.543249, -6.862981, 0.0 ], [ 107.543179, -6.863156, 0.0 ], [ 107.543143, -6.863146, 0.0 ], [ 107.54307, -6.86322, 0.0 ], [ 107.543182, -6.863362, 0.0 ], [ 107.543414, -6.863558, 0.0 ], [ 107.543146, -6.863859, 0.0 ], [ 107.543075, -6.863882, 0.0 ], [ 107.543007, -6.863864, 0.0 ], [ 107.542662, -6.863522, 0.0 ], [ 107.542641, -6.863492, 0.0 ], [ 107.542644, -6.863446, 0.0 ], [ 107.542846, -6.863139, 0.0 ], [ 107.54286, -6.8631, 0.0 ], [ 107.54235, -6.862678, 0.0 ], [ 107.542647, -6.862416, 0.0 ], [ 107.542777, -6.862541, 0.0 ], [ 107.543071, -6.862797, 0.0 ], [ 107.543146, -6.862883, 0.0 ], [ 107.543249, -6.862981, 0.0 ] ] ] } },
{ "type": "Feature", "properties": { "NAMOBJ": "Sawah", "JSWH": "Non Irigasi", "CTKSWH": "Tidak Ada Cetak Sawah", "LUASHA": 0.80732754285700004, "WADMKK": "Kota Cimahi" }, "geometry": { "type": "Polygon", "coordinates": [ [ [ 107.551986, -6.866141, 0.0 ], [ 107.551947, -6.86635, 0.0 ], [ 107.551836, -6.866545, 0.0 ], [ 107.551772, -6.866725, 0.0 ], [ 107.55118, -6.866422, 0.0 ], [ 107.551161, -6.86639, 0.0 ], [ 107.55117, -6.866336, 0.0 ], [ 107.551097, -6.866409, 0.0 ], [ 107.551035, -6.866492, 0.0 ], [ 107.550921, -6.866702, 0.0 ], [ 107.550882, -6.866749, 0.0 ], [ 107.550841, -6.866775, 0.0 ], [ 107.550728, -6.866963, 0.0 ], [ 107.550436, -6.866839, 0.0 ], [ 107.550701, -6.866288, 0.0 ], [ 107.550865, -6.866347, 0.0 ], [ 107.550895, -6.866318, 0.0 ], [ 107.550895, -6.866292, 0.0 ], [ 107.550939, -6.866243, 0.0 ], [ 107.551085, -6.866168, 0.0 ], [ 107.551198, -6.866074, 0.0 ], [ 107.551255, -6.866, 0.0 ], [ 107.551455, -6.86607, 0.0 ], [ 107.551883, -6.866116, 0.0 ], [ 107.551986, -6.866141, 0.0 ] ] ] } },
{ "type": "Feature", "properties": { "NAMOBJ": "Sawah", "JSWH": "Non Irigasi", "CTKSWH": "Tidak Ada Cetak Sawah", "LUASHA": 0.81090589941500002, "WADMKK": "Kota Cimahi" }, "geometry": { "type": "Polygon", "coordinates": [ [ [ 107.560088, -6.854817, 0.0 ], [ 107.559882, -6.855218, 0.0 ], [ 107.559697, -6.855131, 0.0 ], [ 107.559429, -6.855626, 0.0 ], [ 107.559227, -6.855508, 0.0 ], [ 107.559231, -6.85549, 0.0 ], [ 107.558987, -6.855358, 0.0 ], [ 107.55919, -6.854912, 0.0 ], [ 107.559352, -6.854423, 0.0 ], [ 107.559906, -6.854698, 0.0 ], [ 107.559877, -6.854729, 0.0 ], [ 107.560088, -6.854817, 0.0 ] ] ] } },
{ "type": "Feature", "properties": { "NAMOBJ": "Sawah", "JSWH": "Non Irigasi", "CTKSWH": "Tidak Ada Cetak Sawah", "LUASHA": 0.92201179075799999, "WADMKK": "Kota Cimahi" }, "geometry": { "type": "Polygon", "coordinates": [ [ [ 107.552041, -6.876496, 0.0 ], [ 107.552376, -6.876716, 0.0 ], [ 107.552497, -6.876581, 0.0 ], [ 107.552954, -6.877006, 0.0 ], [ 107.552747, -6.877303, 0.0 ], [ 107.552387, -6.87708, 0.0 ], [ 107.552397, -6.87704, 0.0 ], [ 107.552389, -6.877004, 0.0 ], [ 107.552391, -6.87695, 0.0 ], [ 107.55247, -6.87686, 0.0 ], [ 107.552371, -6.876792, 0.0 ], [ 107.552223, -6.876737, 0.0 ], [ 107.552187, -6.876797, 0.0 ], [ 107.552186, -6.87682, 0.0 ], [ 107.552201, -6.876829, 0.0 ], [ 107.552112, -6.876934, 0.0 ], [ 107.551963, -6.877148, 0.0 ], [ 107.552068, -6.877212, 0.0 ], [ 107.552055, -6.877227, 0.0 ], [ 107.552063, -6.877233, 0.0 ], [ 107.551932, -6.877397, 0.0 ], [ 107.55186, -6.877464, 0.0 ], [ 107.551852, -6.877458, 0.0 ], [ 107.551717, -6.877611, 0.0 ], [ 107.551414, -6.877378, 0.0 ], [ 107.551235, -6.877537, 0.0 ], [ 107.550936, -6.877303, 0.0 ], [ 107.551102, -6.877102, 0.0 ], [ 107.551465, -6.877325, 0.0 ], [ 107.551649, -6.877057, 0.0 ], [ 107.551927, -6.876588, 0.0 ], [ 107.552041, -6.876496, 0.0 ] ], [ [ 107.552521, -6.876842, 0.0 ], [ 107.552564, -6.876875, 0.0 ], [ 107.552591, -6.876841, 0.0 ], [ 107.552541, -6.876805, 0.0 ], [ 107.552521, -6.876842, 0.0 ] ] ] } },
{ "type": "Feature", "properties": { "NAMOBJ": "Sawah", "JSWH": "Non Irigasi", "CTKSWH": "Tidak Ada Cetak Sawah", "LUASHA": 0.92599991133100001, "WADMKK": "Kota Cimahi" }, "geometry": { "type": "Polygon", "coordinates": [ [ [ 107.54256, -6.861383, 0.0 ], [ 107.542469, -6.861582, 0.0 ], [ 107.542442, -6.86166, 0.0 ], [ 107.542273, -6.861697, 0.0 ], [ 107.542224, -6.861719, 0.0 ], [ 107.542116, -6.861832, 0.0 ], [ 107.542037, -6.861885, 0.0 ], [ 107.541995, -6.861893, 0.0 ], [ 107.54191, -6.861888, 0.0 ], [ 107.541766, -6.861955, 0.0 ], [ 107.541749, -6.862032, 0.0 ], [ 107.54171, -6.862069, 0.0 ], [ 107.541628, -6.862188, 0.0 ], [ 107.541518, -6.862244, 0.0 ], [ 107.541505, -6.862202, 0.0 ], [ 107.541503, -6.862117, 0.0 ], [ 107.54148, -6.862105, 0.0 ], [ 107.541465, -6.862051, 0.0 ], [ 107.541477, -6.862027, 0.0 ], [ 107.54128, -6.861778, 0.0 ], [ 107.541282, -6.861763, 0.0 ], [ 107.541334, -6.861715, 0.0 ], [ 107.541397, -6.861673, 0.0 ], [ 107.541513, -6.861544, 0.0 ], [ 107.541582, -6.861499, 0.0 ], [ 107.541636, -6.861526, 0.0 ], [ 107.541675, -6.861517, 0.0 ], [ 107.541701, -6.86153, 0.0 ], [ 107.541728, -6.861532, 0.0 ], [ 107.541771, -6.861495, 0.0 ], [ 107.541744, -6.861476, 0.0 ], [ 107.541742, -6.861465, 0.0 ], [ 107.541849, -6.861368, 0.0 ], [ 107.541878, -6.861372, 0.0 ], [ 107.541891, -6.861351, 0.0 ], [ 107.541934, -6.861356, 0.0 ], [ 107.541973, -6.861379, 0.0 ], [ 107.542152, -6.861428, 0.0 ], [ 107.5422, -6.861434, 0.0 ], [ 107.542213, -6.861425, 0.0 ], [ 107.542214, -6.861382, 0.0 ], [ 107.542241, -6.861261, 0.0 ], [ 107.54223, -6.861246, 0.0 ], [ 107.542138, -6.861219, 0.0 ], [ 107.542185, -6.861029, 0.0 ], [ 107.542251, -6.860874, 0.0 ], [ 107.542279, -6.860852, 0.0 ], [ 107.542517, -6.860834, 0.0 ], [ 107.54263, -6.86084, 0.0 ], [ 107.542724, -6.860955, 0.0 ], [ 107.542668, -6.861011, 0.0 ], [ 107.542647, -6.861065, 0.0 ], [ 107.542652, -6.861093, 0.0 ], [ 107.542629, -6.861187, 0.0 ], [ 107.54256, -6.861383, 0.0 ] ], [ [ 107.541702, -6.862014, 0.0 ], [ 107.541723, -6.862043, 0.0 ], [ 107.541744, -6.862024, 0.0 ], [ 107.541722, -6.861998, 0.0 ], [ 107.541702, -6.862014, 0.0 ] ] ] } },
{ "type": "Feature", "properties": { "NAMOBJ": "Sawah", "JSWH": "Non Irigasi", "CTKSWH": "Tidak Ada Cetak Sawah", "LUASHA": 0.97535592199499999, "WADMKK": "Kota Cimahi" }, "geometry": { "type": "Polygon", "coordinates": [ [ [ 107.54418, -6.854976, 0.0 ], [ 107.544272, -6.855149, 0.0 ], [ 107.544365, -6.855142, 0.0 ], [ 107.544557, -6.855178, 0.0 ], [ 107.5446, -6.855242, 0.0 ], [ 107.544731, -6.855369, 0.0 ], [ 107.544567, -6.855637, 0.0 ], [ 107.544405, -6.855714, 0.0 ], [ 107.544433, -6.855428, 0.0 ], [ 107.544215, -6.855399, 0.0 ], [ 107.544176, -6.855514, 0.0 ], [ 107.543843, -6.855523, 0.0 ], [ 107.543815, -6.855847, 0.0 ], [ 107.543734, -6.855874, 0.0 ], [ 107.543725, -6.85579, 0.0 ], [ 107.54366, -6.855795, 0.0 ], [ 107.543653, -6.855742, 0.0 ], [ 107.543618, -6.855705, 0.0 ], [ 107.543627, -6.855549, 0.0 ], [ 107.543645, -6.85544, 0.0 ], [ 107.543624, -6.855169, 0.0 ], [ 107.543508, -6.855151, 0.0 ], [ 107.543472, -6.855019, 0.0 ], [ 107.543511, -6.854892, 0.0 ], [ 107.543359, -6.854723, 0.0 ], [ 107.543119, -6.854669, 0.0 ], [ 107.542956, -6.854571, 0.0 ], [ 107.542996, -6.854429, 0.0 ], [ 107.543225, -6.8544, 0.0 ], [ 107.543624, -6.854714, 0.0 ], [ 107.5441, -6.854962, 0.0 ], [ 107.54418, -6.854976, 0.0 ] ] ] } },
{ "type": "Feature", "properties": { "NAMOBJ": "Sawah", "JSWH": "Non Irigasi", "CTKSWH": "Tidak Ada Cetak Sawah", "LUASHA": 1.66158875026, "WADMKK": "Kota Cimahi" }, "geometry": { "type": "MultiPolygon", "coordinates": [ [ [ [ 107.555534, -6.868412, 0.0 ], [ 107.555504, -6.868475, 0.0 ], [ 107.555507, -6.868431, 0.0 ], [ 107.555534, -6.868412, 0.0 ] ] ], [ [ [ 107.556108, -6.868838, 0.0 ], [ 107.556136, -6.868938, 0.0 ], [ 107.556132, -6.868991, 0.0 ], [ 107.55611, -6.869025, 0.0 ], [ 107.556044, -6.869057, 0.0 ], [ 107.555897, -6.869102, 0.0 ], [ 107.555769, -6.869125, 0.0 ], [ 107.555585, -6.869226, 0.0 ], [ 107.555405, -6.869354, 0.0 ], [ 107.555335, -6.869352, 0.0 ], [ 107.55529, -6.869362, 0.0 ], [ 107.555255, -6.869352, 0.0 ], [ 107.555234, -6.869329, 0.0 ], [ 107.55522, -6.869282, 0.0 ], [ 107.555132, -6.869221, 0.0 ], [ 107.555101, -6.869162, 0.0 ], [ 107.555063, -6.869137, 0.0 ], [ 107.555048, -6.869102, 0.0 ], [ 107.555028, -6.869083, 0.0 ], [ 107.554938, -6.869104, 0.0 ], [ 107.554882, -6.869127, 0.0 ], [ 107.55481, -6.869202, 0.0 ], [ 107.554716, -6.869276, 0.0 ], [ 107.55468, -6.869295, 0.0 ], [ 107.554643, -6.86927, 0.0 ], [ 107.554614, -6.869201, 0.0 ], [ 107.554528, -6.869167, 0.0 ], [ 107.554547, -6.869098, 0.0 ], [ 107.554547, -6.869049, 0.0 ], [ 107.554595, -6.868952, 0.0 ], [ 107.554697, -6.868839, 0.0 ], [ 107.55484, -6.868768, 0.0 ], [ 107.555002, -6.868668, 0.0 ], [ 107.555073, -6.868643, 0.0 ], [ 107.555126, -6.868637, 0.0 ], [ 107.555142, -6.868628, 0.0 ], [ 107.555197, -6.86863, 0.0 ], [ 107.555364, -6.868665, 0.0 ], [ 107.555416, -6.86871, 0.0 ], [ 107.555428, -6.868777, 0.0 ], [ 107.555459, -6.868829, 0.0 ], [ 107.555514, -6.86887, 0.0 ], [ 107.555549, -6.868877, 0.0 ], [ 107.555625, -6.868867, 0.0 ], [ 107.555707, -6.868781, 0.0 ], [ 107.555751, -6.868761, 0.0 ], [ 107.555809, -6.868848, 0.0 ], [ 107.555901, -6.868794, 0.0 ], [ 107.55593, -6.868754, 0.0 ], [ 107.555871, -6.868699, 0.0 ], [ 107.556024, -6.868374, 0.0 ], [ 107.556024, -6.86848, 0.0 ], [ 107.555999, -6.868517, 0.0 ], [ 107.555991, -6.868549, 0.0 ], [ 107.556056, -6.868649, 0.0 ], [ 107.556057, -6.868705, 0.0 ], [ 107.556108, -6.868838, 0.0 ] ] ], [ [ [ 107.55668, -6.867507, 0.0 ], [ 107.556753, -6.86751, 0.0 ], [ 107.556359, -6.867789, 0.0 ], [ 107.556023, -6.867803, 0.0 ], [ 107.555795, -6.867739, 0.0 ], [ 107.555616, -6.867774, 0.0 ], [ 107.555588, -6.867867, 0.0 ], [ 107.555652, -6.868196, 0.0 ], [ 107.555642, -6.868215, 0.0 ], [ 107.555636, -6.868208, 0.0 ], [ 107.555526, -6.867952, 0.0 ], [ 107.555531, -6.867787, 0.0 ], [ 107.555589, -6.86771, 0.0 ], [ 107.555717, -6.867613, 0.0 ], [ 107.555995, -6.86765, 0.0 ], [ 107.556196, -6.867592, 0.0 ], [ 107.556396, -6.86749, 0.0 ], [ 107.556559, -6.867475, 0.0 ], [ 107.55668, -6.867507, 0.0 ] ] ], [ [ [ 107.55703, -6.866125, 0.0 ], [ 107.556969, -6.866717, 0.0 ], [ 107.556872, -6.866535, 0.0 ], [ 107.556863, -6.866473, 0.0 ], [ 107.556863, -6.866376, 0.0 ], [ 107.556908, -6.866228, 0.0 ], [ 107.556934, -6.866185, 0.0 ], [ 107.55702, -6.866101, 0.0 ], [ 107.557124, -6.865871, 0.0 ], [ 107.557171, -6.865801, 0.0 ], [ 107.55703, -6.866125, 0.0 ] ] ], [ [ [ 107.558172, -6.865554, 0.0 ], [ 107.557651, -6.865704, 0.0 ], [ 107.557437, -6.865704, 0.0 ], [ 107.557174, -6.865796, 0.0 ], [ 107.557219, -6.865737, 0.0 ], [ 107.557326, -6.865671, 0.0 ], [ 107.557359, -6.865621, 0.0 ], [ 107.557428, -6.865571, 0.0 ], [ 107.557504, -6.865558, 0.0 ], [ 107.557606, -6.865569, 0.0 ], [ 107.557854, -6.865559, 0.0 ], [ 107.558057, -6.865516, 0.0 ], [ 107.558173, -6.865468, 0.0 ], [ 107.558269, -6.865371, 0.0 ], [ 107.558274, -6.865264, 0.0 ], [ 107.55822, -6.865144, 0.0 ], [ 107.558136, -6.865092, 0.0 ], [ 107.558197, -6.865004, 0.0 ], [ 107.55845, -6.864717, 0.0 ], [ 107.5586, -6.864883, 0.0 ], [ 107.558707, -6.865019, 0.0 ], [ 107.558636, -6.86519, 0.0 ], [ 107.558508, -6.865383, 0.0 ], [ 107.558172, -6.865554, 0.0 ] ] ], [ [ [ 107.559803, -6.864012, 0.0 ], [ 107.559796, -6.864061, 0.0 ], [ 107.5597, -6.86402, 0.0 ], [ 107.55945, -6.864098, 0.0 ], [ 107.559143, -6.864248, 0.0 ], [ 107.559103, -6.864252, 0.0 ], [ 107.559189, -6.864193, 0.0 ], [ 107.559613, -6.863986, 0.0 ], [ 107.559708, -6.863959, 0.0 ], [ 107.55981, -6.863959, 0.0 ], [ 107.559803, -6.864012, 0.0 ] ] ] ] } },
{ "type": "Feature", "properties": { "NAMOBJ": "Sawah", "JSWH": "Non Irigasi", "CTKSWH": "Tidak Ada Cetak Sawah", "LUASHA": 1.7529592645200001, "WADMKK": "Kota Cimahi" }, "geometry": { "type": "MultiPolygon", "coordinates": [ [ [ [ 107.526529, -6.867665, 0.0 ], [ 107.52615, -6.867667, 0.0 ], [ 107.526129, -6.867664, 0.0 ], [ 107.526329, -6.867657, 0.0 ], [ 107.526462, -6.867644, 0.0 ], [ 107.526463, -6.867638, 0.0 ], [ 107.52659, -6.86766, 0.0 ], [ 107.526529, -6.867665, 0.0 ] ] ], [ [ [ 107.529336, -6.86768, 0.0 ], [ 107.529283, -6.867699, 0.0 ], [ 107.529146, -6.867795, 0.0 ], [ 107.529078, -6.867882, 0.0 ], [ 107.529003, -6.867953, 0.0 ], [ 107.528976, -6.867969, 0.0 ], [ 107.528929, -6.867971, 0.0 ], [ 107.52886, -6.867888, 0.0 ], [ 107.528678, -6.867949, 0.0 ], [ 107.528626, -6.867957, 0.0 ], [ 107.528598, -6.867957, 0.0 ], [ 107.528577, -6.867909, 0.0 ], [ 107.528499, -6.867921, 0.0 ], [ 107.528212, -6.868056, 0.0 ], [ 107.528198, -6.868083, 0.0 ], [ 107.528224, -6.868198, 0.0 ], [ 107.528164, -6.86823, 0.0 ], [ 107.527945, -6.868318, 0.0 ], [ 107.527847, -6.868325, 0.0 ], [ 107.527718, -6.868303, 0.0 ], [ 107.527719, -6.868284, 0.0 ], [ 107.527704, -6.868269, 0.0 ], [ 107.527662, -6.868264, 0.0 ], [ 107.527552, -6.868218, 0.0 ], [ 107.527559, -6.868162, 0.0 ], [ 107.527341, -6.868126, 0.0 ], [ 107.527107, -6.868118, 0.0 ], [ 107.526956, -6.868137, 0.0 ], [ 107.526858, -6.868094, 0.0 ], [ 107.526717, -6.868055, 0.0 ], [ 107.526624, -6.868047, 0.0 ], [ 107.526735, -6.867684, 0.0 ], [ 107.52705, -6.867738, 0.0 ], [ 107.527509, -6.867701, 0.0 ], [ 107.528107, -6.867678, 0.0 ], [ 107.528155, -6.86768, 0.0 ], [ 107.52819, -6.867697, 0.0 ], [ 107.528269, -6.867685, 0.0 ], [ 107.528492, -6.867596, 0.0 ], [ 107.528617, -6.867568, 0.0 ], [ 107.52877, -6.867371, 0.0 ], [ 107.529228, -6.867019, 0.0 ], [ 107.529331, -6.866971, 0.0 ], [ 107.529565, -6.867409, 0.0 ], [ 107.529511, -6.8675, 0.0 ], [ 107.529443, -6.867581, 0.0 ], [ 107.529378, -6.86765, 0.0 ], [ 107.529336, -6.86768, 0.0 ] ] ] ] } },
{ "type": "Feature", "properties": { "NAMOBJ": "Sawah", "JSWH": "Non Irigasi", "CTKSWH": "Tidak Ada Cetak Sawah", "LUASHA": 1.8576668069, "WADMKK": "Kota Cimahi" }, "geometry": { "type": "Polygon", "coordinates": [ [ [ 107.543717, -6.851214, 0.0 ], [ 107.543771, -6.851224, 0.0 ], [ 107.543867, -6.851224, 0.0 ], [ 107.543949, -6.851233, 0.0 ], [ 107.54408, -6.851272, 0.0 ], [ 107.544118, -6.851274, 0.0 ], [ 107.544233, -6.851247, 0.0 ], [ 107.544384, -6.851229, 0.0 ], [ 107.544537, -6.851222, 0.0 ], [ 107.544626, -6.851202, 0.0 ], [ 107.544734, -6.851221, 0.0 ], [ 107.5451, -6.851381, 0.0 ], [ 107.5451, -6.8514, 0.0 ], [ 107.545005, -6.851381, 0.0 ], [ 107.54498, -6.851389, 0.0 ], [ 107.544956, -6.851419, 0.0 ], [ 107.54499, -6.851465, 0.0 ], [ 107.544998, -6.85149, 0.0 ], [ 107.544989, -6.851538, 0.0 ], [ 107.545, -6.851572, 0.0 ], [ 107.54502, -6.851591, 0.0 ], [ 107.544885, -6.851758, 0.0 ], [ 107.54481, -6.851806, 0.0 ], [ 107.544692, -6.851866, 0.0 ], [ 107.544587, -6.851897, 0.0 ], [ 107.544493, -6.851799, 0.0 ], [ 107.544457, -6.851775, 0.0 ], [ 107.544433, -6.851804, 0.0 ], [ 107.544346, -6.851857, 0.0 ], [ 107.544342, -6.851874, 0.0 ], [ 107.544314, -6.85188, 0.0 ], [ 107.544226, -6.851975, 0.0 ], [ 107.544158, -6.851995, 0.0 ], [ 107.544069, -6.852051, 0.0 ], [ 107.544008, -6.852078, 0.0 ], [ 107.543952, -6.852116, 0.0 ], [ 107.543833, -6.852272, 0.0 ], [ 107.543775, -6.852322, 0.0 ], [ 107.543726, -6.852334, 0.0 ], [ 107.543687, -6.852313, 0.0 ], [ 107.543494, -6.852248, 0.0 ], [ 107.543469, -6.852258, 0.0 ], [ 107.543418, -6.852255, 0.0 ], [ 107.543366, -6.852289, 0.0 ], [ 107.543335, -6.852286, 0.0 ], [ 107.543304, -6.852323, 0.0 ], [ 107.543203, -6.852363, 0.0 ], [ 107.543157, -6.852342, 0.0 ], [ 107.543107, -6.852307, 0.0 ], [ 107.543125, -6.852258, 0.0 ], [ 107.54311, -6.852225, 0.0 ], [ 107.54311, -6.852189, 0.0 ], [ 107.543121, -6.852099, 0.0 ], [ 107.543133, -6.852063, 0.0 ], [ 107.543133, -6.852022, 0.0 ], [ 107.543087, -6.851887, 0.0 ], [ 107.543098, -6.851834, 0.0 ], [ 107.543154, -6.85172, 0.0 ], [ 107.543176, -6.851624, 0.0 ], [ 107.543203, -6.851568, 0.0 ], [ 107.543234, -6.851419, 0.0 ], [ 107.543247, -6.851396, 0.0 ], [ 107.543271, -6.851393, 0.0 ], [ 107.543287, -6.851331, 0.0 ], [ 107.543307, -6.851341, 0.0 ], [ 107.54332, -6.851336, 0.0 ], [ 107.543354, -6.851265, 0.0 ], [ 107.543342, -6.851209, 0.0 ], [ 107.543358, -6.851153, 0.0 ], [ 107.543382, -6.851131, 0.0 ], [ 107.543457, -6.851111, 0.0 ], [ 107.543522, -6.851108, 0.0 ], [ 107.543593, -6.851138, 0.0 ], [ 107.543717, -6.851214, 0.0 ] ] ] } },
{ "type": "Feature", "properties": { "NAMOBJ": "Sawah", "JSWH": "Non Irigasi", "CTKSWH": "Tidak Ada Cetak Sawah", "LUASHA": 2.1179310711200001, "WADMKK": "Kota Cimahi" }, "geometry": { "type": "MultiPolygon", "coordinates": [ [ [ [ 107.538039, -6.86266, 0.0 ], [ 107.538043, -6.863258, 0.0 ], [ 107.537981, -6.863309, 0.0 ], [ 107.537956, -6.863315, 0.0 ], [ 107.537842, -6.863388, 0.0 ], [ 107.537744, -6.863409, 0.0 ], [ 107.537654, -6.863483, 0.0 ], [ 107.53714, -6.863486, 0.0 ], [ 107.537141, -6.863646, 0.0 ], [ 107.537099, -6.863661, 0.0 ], [ 107.53692, -6.863761, 0.0 ], [ 107.536759, -6.86377, 0.0 ], [ 107.536717, -6.863806, 0.0 ], [ 107.536598, -6.863837, 0.0 ], [ 107.536424, -6.863775, 0.0 ], [ 107.536268, -6.863773, 0.0 ], [ 107.536062, -6.863795, 0.0 ], [ 107.535998, -6.863821, 0.0 ], [ 107.536003, -6.863827, 0.0 ], [ 107.535958, -6.86388, 0.0 ], [ 107.53588, -6.863924, 0.0 ], [ 107.53577, -6.864086, 0.0 ], [ 107.535639, -6.864178, 0.0 ], [ 107.535573, -6.864249, 0.0 ], [ 107.535548, -6.864292, 0.0 ], [ 107.535525, -6.864355, 0.0 ], [ 107.535514, -6.864479, 0.0 ], [ 107.535431, -6.864448, 0.0 ], [ 107.535356, -6.864472, 0.0 ], [ 107.535057, -6.864306, 0.0 ], [ 107.535199, -6.864132, 0.0 ], [ 107.535166, -6.864076, 0.0 ], [ 107.535014, -6.864029, 0.0 ], [ 107.534998, -6.864014, 0.0 ], [ 107.535023, -6.863966, 0.0 ], [ 107.535024, -6.863941, 0.0 ], [ 107.535059, -6.863914, 0.0 ], [ 107.535113, -6.86382, 0.0 ], [ 107.535069, -6.863794, 0.0 ], [ 107.535122, -6.86372, 0.0 ], [ 107.535221, -6.863644, 0.0 ], [ 107.535315, -6.863578, 0.0 ], [ 107.535372, -6.863573, 0.0 ], [ 107.535464, -6.863514, 0.0 ], [ 107.535476, -6.863487, 0.0 ], [ 107.535635, -6.863414, 0.0 ], [ 107.535712, -6.863368, 0.0 ], [ 107.535809, -6.863329, 0.0 ], [ 107.535861, -6.863319, 0.0 ], [ 107.535959, -6.863337, 0.0 ], [ 107.535977, -6.863328, 0.0 ], [ 107.535996, -6.86333, 0.0 ], [ 107.536041, -6.863345, 0.0 ], [ 107.536066, -6.863332, 0.0 ], [ 107.536121, -6.863357, 0.0 ], [ 107.536141, -6.863345, 0.0 ], [ 107.536222, -6.863366, 0.0 ], [ 107.536268, -6.863405, 0.0 ], [ 107.536391, -6.863453, 0.0 ], [ 107.53649, -6.863437, 0.0 ], [ 107.536568, -6.863405, 0.0 ], [ 107.536604, -6.863418, 0.0 ], [ 107.536679, -6.863418, 0.0 ], [ 107.53674, -6.863393, 0.0 ], [ 107.536762, -6.8634, 0.0 ], [ 107.536849, -6.863362, 0.0 ], [ 107.536869, -6.863316, 0.0 ], [ 107.536906, -6.863293, 0.0 ], [ 107.536963, -6.863271, 0.0 ], [ 107.537021, -6.863223, 0.0 ], [ 107.537047, -6.863179, 0.0 ], [ 107.53706, -6.863129, 0.0 ], [ 107.537083, -6.863112, 0.0 ], [ 107.537102, -6.86307, 0.0 ], [ 107.537105, -6.863035, 0.0 ], [ 107.537099, -6.863023, 0.0 ], [ 107.537114, -6.863006, 0.0 ], [ 107.537138, -6.863009, 0.0 ], [ 107.537165, -6.863028, 0.0 ], [ 107.537214, -6.86303, 0.0 ], [ 107.537224, -6.863043, 0.0 ], [ 107.537287, -6.862951, 0.0 ], [ 107.537392, -6.862992, 0.0 ], [ 107.537439, -6.862962, 0.0 ], [ 107.537497, -6.862939, 0.0 ], [ 107.537517, -6.862923, 0.0 ], [ 107.53753, -6.862896, 0.0 ], [ 107.537528, -6.862875, 0.0 ], [ 107.53743, -6.862867, 0.0 ], [ 107.537387, -6.862854, 0.0 ], [ 107.537383, -6.862834, 0.0 ], [ 107.53741, -6.862775, 0.0 ], [ 107.537532, -6.862792, 0.0 ], [ 107.5376, -6.862769, 0.0 ], [ 107.537619, -6.862784, 0.0 ], [ 107.537632, -6.862832, 0.0 ], [ 107.537642, -6.86284, 0.0 ], [ 107.53766, -6.86283, 0.0 ], [ 107.537748, -6.8627, 0.0 ], [ 107.537794, -6.862667, 0.0 ], [ 107.537815, -6.862681, 0.0 ], [ 107.53787, -6.862767, 0.0 ], [ 107.538039, -6.86266, 0.0 ] ], [ [ 107.537011, -6.863526, 0.0 ], [ 107.536942, -6.863581, 0.0 ], [ 107.536999, -6.863636, 0.0 ], [ 107.537054, -6.863585, 0.0 ], [ 107.537011, -6.863526, 0.0 ] ] ], [ [ [ 107.538547, -6.862571, 0.0 ], [ 107.538561, -6.862571, 0.0 ], [ 107.538143, -6.862576, 0.0 ], [ 107.538115, -6.862518, 0.0 ], [ 107.538435, -6.862507, 0.0 ], [ 107.538523, -6.862538, 0.0 ], [ 107.538523, -6.862557, 0.0 ], [ 107.538547, -6.862571, 0.0 ] ] ] ] } },
{ "type": "Feature", "properties": { "NAMOBJ": "Sawah", "JSWH": "Non Irigasi", "CTKSWH": "Tidak Ada Cetak Sawah", "LUASHA": 2.1666056928300002, "WADMKK": "Kota Cimahi" }, "geometry": { "type": "Polygon", "coordinates": [ [ [ 107.534726, -6.864395, 0.0 ], [ 107.534707, -6.864445, 0.0 ], [ 107.534791, -6.864476, 0.0 ], [ 107.534802, -6.864454, 0.0 ], [ 107.534835, -6.864463, 0.0 ], [ 107.534819, -6.864539, 0.0 ], [ 107.534622, -6.864534, 0.0 ], [ 107.534618, -6.86473, 0.0 ], [ 107.534235, -6.864804, 0.0 ], [ 107.534006, -6.864915, 0.0 ], [ 107.533662, -6.864994, 0.0 ], [ 107.533338, -6.865148, 0.0 ], [ 107.532812, -6.865347, 0.0 ], [ 107.532926, -6.865587, 0.0 ], [ 107.532835, -6.865588, 0.0 ], [ 107.532727, -6.865647, 0.0 ], [ 107.532547, -6.865683, 0.0 ], [ 107.532266, -6.865809, 0.0 ], [ 107.532206, -6.865875, 0.0 ], [ 107.532056, -6.866097, 0.0 ], [ 107.53199, -6.866133, 0.0 ], [ 107.531852, -6.866175, 0.0 ], [ 107.531654, -6.866169, 0.0 ], [ 107.531564, -6.866199, 0.0 ], [ 107.531444, -6.866268, 0.0 ], [ 107.531399, -6.866279, 0.0 ], [ 107.531367, -6.866252, 0.0 ], [ 107.531206, -6.866021, 0.0 ], [ 107.531201, -6.865983, 0.0 ], [ 107.531222, -6.86595, 0.0 ], [ 107.531415, -6.865839, 0.0 ], [ 107.53154, -6.865803, 0.0 ], [ 107.531677, -6.865782, 0.0 ], [ 107.531748, -6.865747, 0.0 ], [ 107.531862, -6.865673, 0.0 ], [ 107.532068, -6.865505, 0.0 ], [ 107.532269, -6.865362, 0.0 ], [ 107.532405, -6.865247, 0.0 ], [ 107.532566, -6.865135, 0.0 ], [ 107.532637, -6.865056, 0.0 ], [ 107.532652, -6.864935, 0.0 ], [ 107.532709, -6.864836, 0.0 ], [ 107.533034, -6.864777, 0.0 ], [ 107.533197, -6.864714, 0.0 ], [ 107.533287, -6.864594, 0.0 ], [ 107.533425, -6.864531, 0.0 ], [ 107.533483, -6.864483, 0.0 ], [ 107.533588, -6.864463, 0.0 ], [ 107.533706, -6.864366, 0.0 ], [ 107.533786, -6.864366, 0.0 ], [ 107.533896, -6.864389, 0.0 ], [ 107.534121, -6.864412, 0.0 ], [ 107.534219, -6.864383, 0.0 ], [ 107.534285, -6.864346, 0.0 ], [ 107.534358, -6.864291, 0.0 ], [ 107.534438, -6.864271, 0.0 ], [ 107.53462, -6.864271, 0.0 ], [ 107.53468, -6.864276, 0.0 ], [ 107.534709, -6.864304, 0.0 ], [ 107.534719, -6.864321, 0.0 ], [ 107.534726, -6.864395, 0.0 ] ] ] } },
{ "type": "Feature", "properties": { "NAMOBJ": "Sawah", "JSWH": "Irigasi", "CTKSWH": "Tidak Ada Cetak Sawah", "LUASHA": 7.3887898549400002e-07, "WADMKK": "Kota Cimahi" }, "geometry": { "type": "Polygon", "coordinates": [ [ [ 107.561175, -6.86166, 0.0 ], [ 107.561173, -6.86166, 0.0 ], [ 107.561174, -6.86166, 0.0 ], [ 107.561175, -6.86166, 0.0 ] ] ] } },
{ "type": "Feature", "properties": { "NAMOBJ": "Sawah", "JSWH": "Irigasi", "CTKSWH": "Tidak Ada Cetak Sawah", "LUASHA": 0.85019344898299998, "WADMKK": "Kota Cimahi" }, "geometry": { "type": "MultiPolygon", "coordinates": [ [ [ [ 107.549559, -6.849043, 0.0 ], [ 107.54931, -6.849146, 0.0 ], [ 107.549226, -6.849084, 0.0 ], [ 107.549169, -6.849062, 0.0 ], [ 107.549119, -6.849164, 0.0 ], [ 107.549093, -6.84924, 0.0 ], [ 107.549115, -6.849407, 0.0 ], [ 107.549092, -6.849519, 0.0 ], [ 107.548971, -6.849766, 0.0 ], [ 107.548966, -6.849824, 0.0 ], [ 107.548993, -6.849879, 0.0 ], [ 107.549019, -6.849963, 0.0 ], [ 107.549128, -6.850165, 0.0 ], [ 107.549132, -6.850222, 0.0 ], [ 107.549141, -6.850239, 0.0 ], [ 107.549133, -6.850287, 0.0 ], [ 107.549111, -6.850318, 0.0 ], [ 107.549116, -6.850377, 0.0 ], [ 107.549134, -6.850428, 0.0 ], [ 107.549164, -6.850464, 0.0 ], [ 107.548634, -6.850402, 0.0 ], [ 107.548616, -6.850093, 0.0 ], [ 107.548602, -6.850017, 0.0 ], [ 107.548931, -6.850016, 0.0 ], [ 107.548929, -6.849907, 0.0 ], [ 107.548591, -6.849885, 0.0 ], [ 107.548598, -6.849754, 0.0 ], [ 107.548731, -6.849514, 0.0 ], [ 107.548788, -6.84935, 0.0 ], [ 107.548881, -6.84915, 0.0 ], [ 107.548988, -6.848993, 0.0 ], [ 107.549081, -6.848886, 0.0 ], [ 107.549209, -6.848836, 0.0 ], [ 107.549566, -6.8488, 0.0 ], [ 107.549629, -6.848764, 0.0 ], [ 107.549632, -6.84878, 0.0 ], [ 107.549698, -6.848861, 0.0 ], [ 107.549729, -6.848929, 0.0 ], [ 107.549734, -6.848962, 0.0 ], [ 107.549589, -6.849022, 0.0 ], [ 107.549559, -6.849043, 0.0 ] ] ], [ [ [ 107.549655, -6.848749, 0.0 ], [ 107.549654, -6.848749, 0.0 ], [ 107.549734, -6.848703, 0.0 ], [ 107.549716, -6.84872, 0.0 ], [ 107.549655, -6.848749, 0.0 ] ] ], [ [ [ 107.549913, -6.848594, 0.0 ], [ 107.549859, -6.848614, 0.0 ], [ 107.550159, -6.848208, 0.0 ], [ 107.550323, -6.848115, 0.0 ], [ 107.550488, -6.848067, 0.0 ], [ 107.550182, -6.84824, 0.0 ], [ 107.550143, -6.848299, 0.0 ], [ 107.550114, -6.8484, 0.0 ], [ 107.550092, -6.848423, 0.0 ], [ 107.550066, -6.848437, 0.0 ], [ 107.550036, -6.848503, 0.0 ], [ 107.55, -6.848523, 0.0 ], [ 107.549973, -6.848561, 0.0 ], [ 107.549913, -6.848594, 0.0 ] ] ] ] } },
{ "type": "Feature", "properties": { "NAMOBJ": "Sawah", "JSWH": "Irigasi", "CTKSWH": "Tidak Ada Cetak Sawah", "LUASHA": 1.9336082916199999, "WADMKK": "Kota Cimahi" }, "geometry": { "type": "Polygon", "coordinates": [ [ [ 107.5506, -6.84827, 0.0 ], [ 107.55057, -6.84832, 0.0 ], [ 107.550527, -6.848306, 0.0 ], [ 107.550488, -6.848308, 0.0 ], [ 107.550413, -6.848367, 0.0 ], [ 107.550398, -6.8484, 0.0 ], [ 107.550436, -6.848477, 0.0 ], [ 107.550428, -6.848517, 0.0 ], [ 107.550346, -6.848571, 0.0 ], [ 107.550354, -6.848607, 0.0 ], [ 107.55039, -6.848643, 0.0 ], [ 107.55046, -6.848655, 0.0 ], [ 107.550508, -6.848679, 0.0 ], [ 107.550551, -6.848682, 0.0 ], [ 107.550501, -6.848794, 0.0 ], [ 107.550452, -6.84901, 0.0 ], [ 107.550423, -6.849031, 0.0 ], [ 107.550478, -6.849094, 0.0 ], [ 107.550413, -6.849123, 0.0 ], [ 107.550314, -6.849184, 0.0 ], [ 107.55032, -6.849236, 0.0 ], [ 107.550133, -6.849202, 0.0 ], [ 107.549961, -6.849288, 0.0 ], [ 107.549485, -6.850478, 0.0 ], [ 107.549305, -6.850487, 0.0 ], [ 107.54917, -6.850465, 0.0 ], [ 107.54917, -6.85047, 0.0 ], [ 107.549134, -6.850428, 0.0 ], [ 107.549116, -6.850377, 0.0 ], [ 107.549111, -6.850318, 0.0 ], [ 107.549133, -6.850287, 0.0 ], [ 107.549141, -6.850239, 0.0 ], [ 107.549132, -6.850222, 0.0 ], [ 107.549128, -6.850165, 0.0 ], [ 107.549019, -6.849963, 0.0 ], [ 107.548993, -6.849879, 0.0 ], [ 107.548966, -6.849824, 0.0 ], [ 107.548971, -6.849766, 0.0 ], [ 107.549092, -6.849519, 0.0 ], [ 107.549115, -6.849407, 0.0 ], [ 107.549093, -6.84924, 0.0 ], [ 107.549119, -6.849164, 0.0 ], [ 107.549169, -6.849062, 0.0 ], [ 107.549226, -6.849084, 0.0 ], [ 107.54931, -6.849146, 0.0 ], [ 107.549734, -6.848962, 0.0 ], [ 107.549729, -6.848929, 0.0 ], [ 107.549698, -6.848861, 0.0 ], [ 107.549632, -6.84878, 0.0 ], [ 107.549629, -6.848764, 0.0 ], [ 107.549716, -6.84872, 0.0 ], [ 107.549838, -6.848643, 0.0 ], [ 107.549859, -6.848614, 0.0 ], [ 107.549973, -6.848561, 0.0 ], [ 107.55, -6.848523, 0.0 ], [ 107.550036, -6.848503, 0.0 ], [ 107.550066, -6.848437, 0.0 ], [ 107.550092, -6.848423, 0.0 ], [ 107.550114, -6.8484, 0.0 ], [ 107.550143, -6.848299, 0.0 ], [ 107.550182, -6.84824, 0.0 ], [ 107.550488, -6.848067, 0.0 ], [ 107.550813, -6.847951, 0.0 ], [ 107.5506, -6.84827, 0.0 ] ], [ [ 107.549792, -6.849356, 0.0 ], [ 107.549834, -6.849394, 0.0 ], [ 107.549872, -6.849356, 0.0 ], [ 107.549891, -6.849317, 0.0 ], [ 107.549826, -6.849277, 0.0 ], [ 107.549768, -6.849329, 0.0 ], [ 107.549792, -6.849356, 0.0 ] ] ] } },
{ "type": "Feature", "properties": { "NAMOBJ": "Sawah", "JSWH": "Irigasi", "CTKSWH": "Tidak Ada Cetak Sawah", "LUASHA": 8.9949343837299997e-05, "WADMKK": "Kota Cimahi" }, "geometry": { "type": "Polygon", "coordinates": [ [ [ 107.561538, -6.862731, 0.0 ], [ 107.561539, -6.862753, 0.0 ], [ 107.561532, -6.86275, 0.0 ], [ 107.561538, -6.862731, 0.0 ] ] ] } },
{ "type": "Feature", "properties": { "NAMOBJ": "Sawah", "JSWH": "Irigasi", "CTKSWH": "Tidak Ada Cetak Sawah", "LUASHA": 0.00070721122823800002, "WADMKK": "Kota Cimahi" }, "geometry": { "type": "Polygon", "coordinates": [ [ [ 107.554306, -6.860683, 0.0 ], [ 107.554306, -6.860709, 0.0 ], [ 107.554262, -6.860683, 0.0 ], [ 107.554306, -6.860683, 0.0 ] ] ] } },
{ "type": "Feature", "properties": { "NAMOBJ": "Sawah", "JSWH": "Irigasi", "CTKSWH": "Tidak Ada Cetak Sawah", "LUASHA": 0.00094340742251699996, "WADMKK": "Kota Cimahi" }, "geometry": { "type": "MultiPolygon", "coordinates": [ [ [ [ 107.556693, -6.868107, 0.0 ], [ 107.556761, -6.868162, 0.0 ], [ 107.5567, -6.868123, 0.0 ], [ 107.556693, -6.868107, 0.0 ] ] ], [ [ [ 107.556289, -6.867839, 0.0 ], [ 107.556263, -6.86784, 0.0 ], [ 107.556223, -6.867839, 0.0 ], [ 107.556236, -6.867829, 0.0 ], [ 107.556289, -6.867839, 0.0 ] ] ] ] } },
{ "type": "Feature", "properties": { "NAMOBJ": "Sawah", "JSWH": "Irigasi", "CTKSWH": "Tidak Ada Cetak Sawah", "LUASHA": 0.0025508861517899999, "WADMKK": "Kota Cimahi" }, "geometry": { "type": "Polygon", "coordinates": [ [ [ 107.554355, -6.862276, 0.0 ], [ 107.554314, -6.862348, 0.0 ], [ 107.554314, -6.862248, 0.0 ], [ 107.554355, -6.862276, 0.0 ] ] ] } },
{ "type": "Feature", "properties": { "NAMOBJ": "Sawah", "JSWH": "Irigasi", "CTKSWH": "Tidak Ada Cetak Sawah", "LUASHA": 0.0028407287229799999, "WADMKK": "Kota Cimahi" }, "geometry": { "type": "Polygon", "coordinates": [ [ [ 107.556138, -6.866468, 0.0 ], [ 107.556125, -6.866485, 0.0 ], [ 107.55609, -6.866466, 0.0 ], [ 107.556143, -6.866387, 0.0 ], [ 107.556138, -6.866468, 0.0 ] ] ] } },
{ "type": "Feature", "properties": { "NAMOBJ": "Non Sawah", "JSWH": "Irigasi", "CTKSWH": "Tidak Ada Cetak Sawah", "LUASHA": 0.0080441594025700003, "WADMKK": "Kota Cimahi" }, "geometry": { "type": "Polygon", "coordinates": [ [ [ 107.528209, -6.875003, 0.0 ], [ 107.528173, -6.875027, 0.0 ], [ 107.52813, -6.875076, 0.0 ], [ 107.528031, -6.875, 0.0 ], [ 107.528209, -6.875003, 0.0 ] ] ] } },
{ "type": "Feature", "properties": { "NAMOBJ": "Sawah", "JSWH": "Irigasi", "CTKSWH": "Tidak Ada Cetak Sawah", "LUASHA": 0.012537915557699999, "WADMKK": "Kota Cimahi" }, "geometry": { "type": "Polygon", "coordinates": [ [ [ 107.558176, -6.867861, 0.0 ], [ 107.558167, -6.867884, 0.0 ], [ 107.558179, -6.867621, 0.0 ], [ 107.558177, -6.867253, 0.0 ], [ 107.558248, -6.86711, 0.0 ], [ 107.558207, -6.867253, 0.0 ], [ 107.558188, -6.867488, 0.0 ], [ 107.558176, -6.867861, 0.0 ] ] ] } },
{ "type": "Feature", "properties": { "NAMOBJ": "Sawah", "JSWH": "Irigasi", "CTKSWH": "Tidak Ada Cetak Sawah", "LUASHA": 0.0153098284458, "WADMKK": "Kota Cimahi" }, "geometry": { "type": "Polygon", "coordinates": [ [ [ 107.555313, -6.859777, 0.0 ], [ 107.555262, -6.859893, 0.0 ], [ 107.555248, -6.859891, 0.0 ], [ 107.555206, -6.860017, 0.0 ], [ 107.555205, -6.859775, 0.0 ], [ 107.555313, -6.859777, 0.0 ] ] ] } },
{ "type": "Feature", "properties": { "NAMOBJ": "Sawah", "JSWH": "Irigasi", "CTKSWH": "Tidak Ada Cetak Sawah", "LUASHA": 0.040866733716300001, "WADMKK": "Kota Cimahi" }, "geometry": { "type": "Polygon", "coordinates": [ [ [ 107.553406, -6.861525, 0.0 ], [ 107.553406, -6.861592, 0.0 ], [ 107.553553, -6.861591, 0.0 ], [ 107.553474, -6.86172, 0.0 ], [ 107.553217, -6.861571, 0.0 ], [ 107.553254, -6.861496, 0.0 ], [ 107.553406, -6.861525, 0.0 ] ] ] } },
{ "type": "Feature", "properties": { "NAMOBJ": "Sawah", "JSWH": "Irigasi", "CTKSWH": "Tidak Ada Cetak Sawah", "LUASHA": 0.0417216222259, "WADMKK": "Kota Cimahi" }, "geometry": { "type": "Polygon", "coordinates": [ [ [ 107.561477, -6.859638, 0.0 ], [ 107.561426, -6.859658, 0.0 ], [ 107.561621, -6.8593, 0.0 ], [ 107.56175, -6.859355, 0.0 ], [ 107.561493, -6.859632, 0.0 ], [ 107.561477, -6.859638, 0.0 ] ] ] } },
{ "type": "Feature", "properties": { "NAMOBJ": "Non Sawah", "JSWH": "Irigasi", "CTKSWH": "Tidak Ada Cetak Sawah", "LUASHA": 0.0423566588843, "WADMKK": "Kota Cimahi" }, "geometry": { "type": "Polygon", "coordinates": [ [ [ 107.527658, -6.87614, 0.0 ], [ 107.527575, -6.876237, 0.0 ], [ 107.527309, -6.876079, 0.0 ], [ 107.527199, -6.875972, 0.0 ], [ 107.527658, -6.87614, 0.0 ] ] ] } },
{ "type": "Feature", "properties": { "NAMOBJ": "Sawah", "JSWH": "Irigasi", "CTKSWH": "Tidak Ada Cetak Sawah", "LUASHA": 0.042558105470099999, "WADMKK": "Kota Cimahi" }, "geometry": { "type": "Polygon", "coordinates": [ [ [ 107.554664, -6.860681, 0.0 ], [ 107.554561, -6.860858, 0.0 ], [ 107.554306, -6.860709, 0.0 ], [ 107.554306, -6.860683, 0.0 ], [ 107.554664, -6.860681, 0.0 ] ] ] } },
{ "type": "Feature", "properties": { "NAMOBJ": "Sawah", "JSWH": "Irigasi", "CTKSWH": "Tidak Ada Cetak Sawah", "LUASHA": 0.047250111433400001, "WADMKK": "Kota Cimahi" }, "geometry": { "type": "Polygon", "coordinates": [ [ [ 107.555995, -6.866554, 0.0 ], [ 107.555975, -6.866552, 0.0 ], [ 107.55587, -6.866496, 0.0 ], [ 107.556025, -6.866257, 0.0 ], [ 107.556046, -6.866267, 0.0 ], [ 107.556134, -6.866344, 0.0 ], [ 107.556124, -6.866363, 0.0 ], [ 107.556129, -6.866367, 0.0 ], [ 107.555995, -6.866554, 0.0 ] ] ] } },
{ "type": "Feature", "properties": { "NAMOBJ": "Sawah", "JSWH": "Irigasi", "CTKSWH": "Tidak Ada Cetak Sawah", "LUASHA": 0.065596218085199998, "WADMKK": "Kota Cimahi" }, "geometry": { "type": "Polygon", "coordinates": [ [ [ 107.554852, -6.854009, 0.0 ], [ 107.55481, -6.854031, 0.0 ], [ 107.55481, -6.854024, 0.0 ], [ 107.554762, -6.854045, 0.0 ], [ 107.554724, -6.854045, 0.0 ], [ 107.55479, -6.853776, 0.0 ], [ 107.554976, -6.853761, 0.0 ], [ 107.555062, -6.853828, 0.0 ], [ 107.554852, -6.854009, 0.0 ] ] ] } },
{ "type": "Feature", "properties": { "NAMOBJ": "Sawah", "JSWH": "Irigasi", "CTKSWH": "Tidak Ada Cetak Sawah", "LUASHA": 0.094664989685400006, "WADMKK": "Kota Cimahi" }, "geometry": { "type": "Polygon", "coordinates": [ [ [ 107.554035, -6.861445, 0.0 ], [ 107.553973, -6.861589, 0.0 ], [ 107.553553, -6.861591, 0.0 ], [ 107.553568, -6.861555, 0.0 ], [ 107.553633, -6.861568, 0.0 ], [ 107.55379, -6.861311, 0.0 ], [ 107.554045, -6.861417, 0.0 ], [ 107.554035, -6.861445, 0.0 ] ] ] } },
{ "type": "Feature", "properties": { "NAMOBJ": "Sawah", "JSWH": "Irigasi", "CTKSWH": "Tidak Ada Cetak Sawah", "LUASHA": 0.096858559370100003, "WADMKK": "Kota Cimahi" }, "geometry": { "type": "MultiPolygon", "coordinates": [ [ [ [ 107.556276, -6.867373, 0.0 ], [ 107.556103, -6.867424, 0.0 ], [ 107.556028, -6.867421, 0.0 ], [ 107.55612, -6.867375, 0.0 ], [ 107.556267, -6.867355, 0.0 ], [ 107.556324, -6.867325, 0.0 ], [ 107.556276, -6.867373, 0.0 ] ] ], [ [ [ 107.556738, -6.867287, 0.0 ], [ 107.556711, -6.86729, 0.0 ], [ 107.556565, -6.867258, 0.0 ], [ 107.556458, -6.867252, 0.0 ], [ 107.556505, -6.867226, 0.0 ], [ 107.556615, -6.867115, 0.0 ], [ 107.556688, -6.866968, 0.0 ], [ 107.556686, -6.866689, 0.0 ], [ 107.55673, -6.866711, 0.0 ], [ 107.556787, -6.867082, 0.0 ], [ 107.556773, -6.867203, 0.0 ], [ 107.556738, -6.867287, 0.0 ] ] ] ] } },
{ "type": "Feature", "properties": { "NAMOBJ": "Non Sawah", "JSWH": "Irigasi", "CTKSWH": "Tidak Ada Cetak Sawah", "LUASHA": 0.106427901761, "WADMKK": "Kota Cimahi" }, "geometry": { "type": "Polygon", "coordinates": [ [ [ 107.528943, -6.876312, 0.0 ], [ 107.528831, -6.876582, 0.0 ], [ 107.528535, -6.876467, 0.0 ], [ 107.528718, -6.8762, 0.0 ], [ 107.528943, -6.876312, 0.0 ] ] ] } },
{ "type": "Feature", "properties": { "NAMOBJ": "Sawah", "JSWH": "Irigasi", "CTKSWH": "Tidak Ada Cetak Sawah", "LUASHA": 0.10762257565400001, "WADMKK": "Kota Cimahi" }, "geometry": { "type": "Polygon", "coordinates": [ [ [ 107.555657, -6.867098, 0.0 ], [ 107.55549, -6.867335, 0.0 ], [ 107.555238, -6.867168, 0.0 ], [ 107.555391, -6.866932, 0.0 ], [ 107.555657, -6.867098, 0.0 ] ] ] } },
{ "type": "Feature", "properties": { "NAMOBJ": "Sawah", "JSWH": "Irigasi", "CTKSWH": "Tidak Ada Cetak Sawah", "LUASHA": 0.15498838210800001, "WADMKK": "Kota Cimahi" }, "geometry": { "type": "Polygon", "coordinates": [ [ [ 107.555985, -6.866578, 0.0 ], [ 107.555746, -6.866954, 0.0 ], [ 107.555484, -6.866791, 0.0 ], [ 107.555623, -6.866576, 0.0 ], [ 107.555653, -6.866593, 0.0 ], [ 107.55573, -6.866457, 0.0 ], [ 107.555985, -6.866578, 0.0 ] ] ] } },
{ "type": "Feature", "properties": { "NAMOBJ": "Sawah", "JSWH": "Irigasi", "CTKSWH": "Tidak Ada Cetak Sawah", "LUASHA": 0.16691761590400001, "WADMKK": "Kota Cimahi" }, "geometry": { "type": "Polygon", "coordinates": [ [ [ 107.554306, -6.860683, 0.0 ], [ 107.554262, -6.860683, 0.0 ], [ 107.554085, -6.86058, 0.0 ], [ 107.554111, -6.860518, 0.0 ], [ 107.553962, -6.860456, 0.0 ], [ 107.554007, -6.860313, 0.0 ], [ 107.554202, -6.860068, 0.0 ], [ 107.554303, -6.860089, 0.0 ], [ 107.554306, -6.860683, 0.0 ] ] ] } },
{ "type": "Feature", "properties": { "NAMOBJ": "Sawah", "JSWH": "Irigasi", "CTKSWH": "Tidak Ada Cetak Sawah", "LUASHA": 0.19652665070299999, "WADMKK": "Kota Cimahi" }, "geometry": { "type": "Polygon", "coordinates": [ [ [ 107.562992, -6.858816, 0.0 ], [ 107.563072, -6.85882, 0.0 ], [ 107.563131, -6.858845, 0.0 ], [ 107.56317, -6.858881, 0.0 ], [ 107.563194, -6.858922, 0.0 ], [ 107.563172, -6.858949, 0.0 ], [ 107.562841, -6.859132, 0.0 ], [ 107.562643, -6.859209, 0.0 ], [ 107.562485, -6.859317, 0.0 ], [ 107.562406, -6.859409, 0.0 ], [ 107.562397, -6.859385, 0.0 ], [ 107.562402, -6.859349, 0.0 ], [ 107.562522, -6.859264, 0.0 ], [ 107.562524, -6.859239, 0.0 ], [ 107.562511, -6.859208, 0.0 ], [ 107.562489, -6.859193, 0.0 ], [ 107.562493, -6.859149, 0.0 ], [ 107.562518, -6.859122, 0.0 ], [ 107.562522, -6.859103, 0.0 ], [ 107.562505, -6.859085, 0.0 ], [ 107.562582, -6.859, 0.0 ], [ 107.562804, -6.858865, 0.0 ], [ 107.562956, -6.858812, 0.0 ], [ 107.562992, -6.858816, 0.0 ] ] ] } },
{ "type": "Feature", "properties": { "NAMOBJ": "Sawah", "JSWH": "Irigasi", "CTKSWH": "Tidak Ada Cetak Sawah", "LUASHA": 0.217537351538, "WADMKK": "Kota Cimahi" }, "geometry": { "type": "Polygon", "coordinates": [ [ [ 107.562345, -6.859654, 0.0 ], [ 107.56238, -6.859853, 0.0 ], [ 107.562415, -6.859921, 0.0 ], [ 107.562436, -6.860011, 0.0 ], [ 107.562472, -6.860085, 0.0 ], [ 107.562378, -6.860079, 0.0 ], [ 107.562325, -6.860086, 0.0 ], [ 107.562282, -6.8601, 0.0 ], [ 107.562204, -6.860143, 0.0 ], [ 107.562105, -6.860167, 0.0 ], [ 107.561905, -6.860138, 0.0 ], [ 107.561888, -6.860116, 0.0 ], [ 107.561843, -6.860089, 0.0 ], [ 107.561904, -6.860035, 0.0 ], [ 107.562076, -6.859836, 0.0 ], [ 107.562166, -6.859691, 0.0 ], [ 107.562252, -6.859654, 0.0 ], [ 107.56229, -6.859669, 0.0 ], [ 107.562345, -6.859654, 0.0 ] ] ] } },
{ "type": "Feature", "properties": { "NAMOBJ": "Sawah", "JSWH": "Irigasi", "CTKSWH": "Tidak Ada Cetak Sawah", "LUASHA": 0.28016667219399999, "WADMKK": "Kota Cimahi" }, "geometry": { "type": "Polygon", "coordinates": [ [ [ 107.561845, -6.861498, 0.0 ], [ 107.56186, -6.861544, 0.0 ], [ 107.561841, -6.861551, 0.0 ], [ 107.561756, -6.861513, 0.0 ], [ 107.561651, -6.861503, 0.0 ], [ 107.561532, -6.861537, 0.0 ], [ 107.561431, -6.861587, 0.0 ], [ 107.561224, -6.861557, 0.0 ], [ 107.561424, -6.861142, 0.0 ], [ 107.561488, -6.861103, 0.0 ], [ 107.561524, -6.861067, 0.0 ], [ 107.561566, -6.860873, 0.0 ], [ 107.561569, -6.860783, 0.0 ], [ 107.561539, -6.860597, 0.0 ], [ 107.56155, -6.860547, 0.0 ], [ 107.561589, -6.8605, 0.0 ], [ 107.561631, -6.860371, 0.0 ], [ 107.561667, -6.860295, 0.0 ], [ 107.561686, -6.860294, 0.0 ], [ 107.561647, -6.86043, 0.0 ], [ 107.56164, -6.860503, 0.0 ], [ 107.56165, -6.860617, 0.0 ], [ 107.56163, -6.860666, 0.0 ], [ 107.561595, -6.860827, 0.0 ], [ 107.561589, -6.860873, 0.0 ], [ 107.561594, -6.860948, 0.0 ], [ 107.561633, -6.861066, 0.0 ], [ 107.561773, -6.86139, 0.0 ], [ 107.561845, -6.861498, 0.0 ] ] ] } },
{ "type": "Feature", "properties": { "NAMOBJ": "Sawah", "JSWH": "Irigasi", "CTKSWH": "Tidak Ada Cetak Sawah", "LUASHA": 0.18994408633099999, "WADMKK": "Kota Cimahi" }, "geometry": { "type": "Polygon", "coordinates": [ [ [ 107.533322, -6.871371, 0.0 ], [ 107.533443, -6.871519, 0.0 ], [ 107.533319, -6.871618, 0.0 ], [ 107.533117, -6.871437, 0.0 ], [ 107.532932, -6.871583, 0.0 ], [ 107.532745, -6.871435, 0.0 ], [ 107.533097, -6.871139, 0.0 ], [ 107.533318, -6.871358, 0.0 ], [ 107.533322, -6.871371, 0.0 ] ] ] } },
{ "type": "Feature", "properties": { "NAMOBJ": "Non Sawah", "JSWH": "Irigasi", "CTKSWH": "Tidak Ada Cetak Sawah", "LUASHA": 0.35570059605100002, "WADMKK": "Kota Cimahi" }, "geometry": { "type": "Polygon", "coordinates": [ [ [ 107.528474, -6.877336, 0.0 ], [ 107.528442, -6.877371, 0.0 ], [ 107.528401, -6.877368, 0.0 ], [ 107.528164, -6.877107, 0.0 ], [ 107.528355, -6.876763, 0.0 ], [ 107.528535, -6.876467, 0.0 ], [ 107.528831, -6.876582, 0.0 ], [ 107.528474, -6.877336, 0.0 ] ] ] } },
{ "type": "Feature", "properties": { "NAMOBJ": "Non Sawah", "JSWH": "Irigasi", "CTKSWH": "Tidak Ada Cetak Sawah", "LUASHA": 0.36388320423600001, "WADMKK": "Kota Cimahi" }, "geometry": { "type": "Polygon", "coordinates": [ [ [ 107.52776, -6.87602, 0.0 ], [ 107.527658, -6.87614, 0.0 ], [ 107.527199, -6.875972, 0.0 ], [ 107.527069, -6.875817, 0.0 ], [ 107.527452, -6.875417, 0.0 ], [ 107.5275, -6.875383, 0.0 ], [ 107.527795, -6.875613, 0.0 ], [ 107.527576, -6.875882, 0.0 ], [ 107.52776, -6.87602, 0.0 ] ] ] } },
{ "type": "Feature", "properties": { "NAMOBJ": "Sawah", "JSWH": "Irigasi", "CTKSWH": "Tidak Ada Cetak Sawah", "LUASHA": 0.367253859505, "WADMKK": "Kota Cimahi" }, "geometry": { "type": "Polygon", "coordinates": [ [ [ 107.556686, -6.866747, 0.0 ], [ 107.556688, -6.866968, 0.0 ], [ 107.556615, -6.867115, 0.0 ], [ 107.556505, -6.867226, 0.0 ], [ 107.556458, -6.867252, 0.0 ], [ 107.556436, -6.86725, 0.0 ], [ 107.556397, -6.867265, 0.0 ], [ 107.556324, -6.867325, 0.0 ], [ 107.556267, -6.867355, 0.0 ], [ 107.55612, -6.867375, 0.0 ], [ 107.556028, -6.867421, 0.0 ], [ 107.555923, -6.867417, 0.0 ], [ 107.555873, -6.867353, 0.0 ], [ 107.555999, -6.867175, 0.0 ], [ 107.556026, -6.867166, 0.0 ], [ 107.556066, -6.867098, 0.0 ], [ 107.556098, -6.867062, 0.0 ], [ 107.556116, -6.867062, 0.0 ], [ 107.556184, -6.867015, 0.0 ], [ 107.556252, -6.86689, 0.0 ], [ 107.5563, -6.866898, 0.0 ], [ 107.55633, -6.866882, 0.0 ], [ 107.556486, -6.866934, 0.0 ], [ 107.556536, -6.86677, 0.0 ], [ 107.556334, -6.866701, 0.0 ], [ 107.556345, -6.866668, 0.0 ], [ 107.556387, -6.866618, 0.0 ], [ 107.556487, -6.866618, 0.0 ], [ 107.556616, -6.866654, 0.0 ], [ 107.556686, -6.866689, 0.0 ], [ 107.556686, -6.866747, 0.0 ] ] ] } },
{ "type": "Feature", "properties": { "NAMOBJ": "Non Sawah", "JSWH": "Irigasi", "CTKSWH": "Tidak Ada Cetak Sawah", "LUASHA": 0.38499958669500001, "WADMKK": "Kota Cimahi" }, "geometry": { "type": "Polygon", "coordinates": [ [ [ 107.552842, -6.865274, 0.0 ], [ 107.552924, -6.865429, 0.0 ], [ 107.552793, -6.865625, 0.0 ], [ 107.552487, -6.865366, 0.0 ], [ 107.552514, -6.865317, 0.0 ], [ 107.552575, -6.865355, 0.0 ], [ 107.552698, -6.865192, 0.0 ], [ 107.552615, -6.865109, 0.0 ], [ 107.55262, -6.865076, 0.0 ], [ 107.552606, -6.865049, 0.0 ], [ 107.552216, -6.864859, 0.0 ], [ 107.552271, -6.864815, 0.0 ], [ 107.552284, -6.864779, 0.0 ], [ 107.552355, -6.864688, 0.0 ], [ 107.552411, -6.864659, 0.0 ], [ 107.552435, -6.864632, 0.0 ], [ 107.552886, -6.864867, 0.0 ], [ 107.552981, -6.865, 0.0 ], [ 107.552829, -6.865248, 0.0 ], [ 107.552842, -6.865274, 0.0 ] ] ] } },
{ "type": "Feature", "properties": { "NAMOBJ": "Sawah", "JSWH": "Irigasi", "CTKSWH": "Tidak Ada Cetak Sawah", "LUASHA": 0.38649906990499999, "WADMKK": "Kota Cimahi" }, "geometry": { "type": "Polygon", "coordinates": [ [ [ 107.553095, -6.854095, 0.0 ], [ 107.552968, -6.85423, 0.0 ], [ 107.552977, -6.85424, 0.0 ], [ 107.552682, -6.854609, 0.0 ], [ 107.552347, -6.854771, 0.0 ], [ 107.552304, -6.854712, 0.0 ], [ 107.552289, -6.854671, 0.0 ], [ 107.552375, -6.854606, 0.0 ], [ 107.552363, -6.854563, 0.0 ], [ 107.55232, -6.854483, 0.0 ], [ 107.552356, -6.854454, 0.0 ], [ 107.552351, -6.854435, 0.0 ], [ 107.552296, -6.85436, 0.0 ], [ 107.552185, -6.854392, 0.0 ], [ 107.55218, -6.854382, 0.0 ], [ 107.552156, -6.854382, 0.0 ], [ 107.552149, -6.854329, 0.0 ], [ 107.552165, -6.854337, 0.0 ], [ 107.552372, -6.854273, 0.0 ], [ 107.552386, -6.85425, 0.0 ], [ 107.55238, -6.854236, 0.0 ], [ 107.552387, -6.854219, 0.0 ], [ 107.552511, -6.854144, 0.0 ], [ 107.552644, -6.854108, 0.0 ], [ 107.5527, -6.854108, 0.0 ], [ 107.552907, -6.854025, 0.0 ], [ 107.552939, -6.853995, 0.0 ], [ 107.553058, -6.85406, 0.0 ], [ 107.553095, -6.854095, 0.0 ] ] ] } },
{ "type": "Feature", "properties": { "NAMOBJ": "Sawah", "JSWH": "Irigasi", "CTKSWH": "Tidak Ada Cetak Sawah", "LUASHA": 0.47815088228899999, "WADMKK": "Kota Cimahi" }, "geometry": { "type": "Polygon", "coordinates": [ [ [ 107.551871, -6.854333, 0.0 ], [ 107.551955, -6.854334, 0.0 ], [ 107.551955, -6.854547, 0.0 ], [ 107.551972, -6.854565, 0.0 ], [ 107.552044, -6.854565, 0.0 ], [ 107.552047, -6.854511, 0.0 ], [ 107.552094, -6.854511, 0.0 ], [ 107.552115, -6.854558, 0.0 ], [ 107.552226, -6.85454, 0.0 ], [ 107.552268, -6.854634, 0.0 ], [ 107.552251, -6.854684, 0.0 ], [ 107.552193, -6.85471, 0.0 ], [ 107.552226, -6.85476, 0.0 ], [ 107.552229, -6.854778, 0.0 ], [ 107.552151, -6.854829, 0.0 ], [ 107.551962, -6.854865, 0.0 ], [ 107.551919, -6.854865, 0.0 ], [ 107.551826, -6.85484, 0.0 ], [ 107.55183, -6.854778, 0.0 ], [ 107.551791, -6.854742, 0.0 ], [ 107.551769, -6.854742, 0.0 ], [ 107.551769, -6.854815, 0.0 ], [ 107.551757, -6.854816, 0.0 ], [ 107.551762, -6.854757, 0.0 ], [ 107.551565, -6.854784, 0.0 ], [ 107.55153, -6.85477, 0.0 ], [ 107.55153, -6.854764, 0.0 ], [ 107.551483, -6.854751, 0.0 ], [ 107.551435, -6.854523, 0.0 ], [ 107.551159, -6.85438, 0.0 ], [ 107.551207, -6.85418, 0.0 ], [ 107.551293, -6.854171, 0.0 ], [ 107.551664, -6.854333, 0.0 ], [ 107.551871, -6.854333, 0.0 ] ] ] } },
{ "type": "Feature", "properties": { "NAMOBJ": "Sawah", "JSWH": "Irigasi", "CTKSWH": "Tidak Ada Cetak Sawah", "LUASHA": 0.50360417135199997, "WADMKK": "Kota Cimahi" }, "geometry": { "type": "Polygon", "coordinates": [ [ [ 107.550436, -6.855646, 0.0 ], [ 107.550236, -6.855703, 0.0 ], [ 107.550027, -6.85556, 0.0 ], [ 107.55017, -6.85518, 0.0 ], [ 107.550379, -6.854913, 0.0 ], [ 107.550598, -6.854694, 0.0 ], [ 107.550693, -6.854723, 0.0 ], [ 107.550779, -6.854942, 0.0 ], [ 107.550655, -6.855322, 0.0 ], [ 107.550436, -6.855646, 0.0 ] ] ] } },
{ "type": "Feature", "properties": { "NAMOBJ": "Sawah", "JSWH": "Irigasi", "CTKSWH": "Tidak Ada Cetak Sawah", "LUASHA": 0.50224626741599998, "WADMKK": "Kota Cimahi" }, "geometry": { "type": "Polygon", "coordinates": [ [ [ 107.532339, -6.871523, 0.0 ], [ 107.532462, -6.87163, 0.0 ], [ 107.532101, -6.871924, 0.0 ], [ 107.532109, -6.871932, 0.0 ], [ 107.532094, -6.871942, 0.0 ], [ 107.532187, -6.872028, 0.0 ], [ 107.5324, -6.872281, 0.0 ], [ 107.532111, -6.872504, 0.0 ], [ 107.531574, -6.872042, 0.0 ], [ 107.531897, -6.871725, 0.0 ], [ 107.531908, -6.871734, 0.0 ], [ 107.5322, -6.871527, 0.0 ], [ 107.532274, -6.871585, 0.0 ], [ 107.532339, -6.871523, 0.0 ] ] ] } },
{ "type": "Feature", "properties": { "NAMOBJ": "Sawah", "JSWH": "Irigasi", "CTKSWH": "Tidak Ada Cetak Sawah", "LUASHA": 0.56304291229799996, "WADMKK": "Kota Cimahi" }, "geometry": { "type": "Polygon", "coordinates": [ [ [ 107.554271, -6.853568, 0.0 ], [ 107.554367, -6.8536, 0.0 ], [ 107.554548, -6.8536, 0.0 ], [ 107.554528, -6.853688, 0.0 ], [ 107.554602, -6.853711, 0.0 ], [ 107.554614, -6.853658, 0.0 ], [ 107.554624, -6.853723, 0.0 ], [ 107.554738, -6.85378, 0.0 ], [ 107.55479, -6.853776, 0.0 ], [ 107.554724, -6.854045, 0.0 ], [ 107.554671, -6.854045, 0.0 ], [ 107.554633, -6.85409, 0.0 ], [ 107.554637, -6.854123, 0.0 ], [ 107.554529, -6.85418, 0.0 ], [ 107.554202, -6.854325, 0.0 ], [ 107.554043, -6.854261, 0.0 ], [ 107.554028, -6.854269, 0.0 ], [ 107.553871, -6.854229, 0.0 ], [ 107.553665, -6.854166, 0.0 ], [ 107.553449, -6.854059, 0.0 ], [ 107.553461, -6.854026, 0.0 ], [ 107.553538, -6.853979, 0.0 ], [ 107.553568, -6.853943, 0.0 ], [ 107.553625, -6.85398, 0.0 ], [ 107.554005, -6.854085, 0.0 ], [ 107.554023, -6.854059, 0.0 ], [ 107.554032, -6.854064, 0.0 ], [ 107.55409, -6.853972, 0.0 ], [ 107.554116, -6.853958, 0.0 ], [ 107.55424, -6.854038, 0.0 ], [ 107.554287, -6.853968, 0.0 ], [ 107.55435, -6.853785, 0.0 ], [ 107.554281, -6.853748, 0.0 ], [ 107.554207, -6.853881, 0.0 ], [ 107.554173, -6.85386, 0.0 ], [ 107.554122, -6.853934, 0.0 ], [ 107.554048, -6.853885, 0.0 ], [ 107.554034, -6.853851, 0.0 ], [ 107.554022, -6.853852, 0.0 ], [ 107.553962, -6.853783, 0.0 ], [ 107.553994, -6.85375, 0.0 ], [ 107.554006, -6.853723, 0.0 ], [ 107.554065, -6.853679, 0.0 ], [ 107.554084, -6.853678, 0.0 ], [ 107.554114, -6.853719, 0.0 ], [ 107.554139, -6.853704, 0.0 ], [ 107.554218, -6.853556, 0.0 ], [ 107.554271, -6.853568, 0.0 ] ], [ [ 107.554493, -6.853714, 0.0 ], [ 107.554481, -6.853784, 0.0 ], [ 107.554531, -6.853802, 0.0 ], [ 107.554542, -6.853727, 0.0 ], [ 107.554493, -6.853714, 0.0 ] ] ] } },
{ "type": "Feature", "properties": { "NAMOBJ": "Sawah", "JSWH": "Irigasi", "CTKSWH": "Tidak Ada Cetak Sawah", "LUASHA": 0.65961264244399997, "WADMKK": "Kota Cimahi" }, "geometry": { "type": "MultiPolygon", "coordinates": [ [ [ [ 107.561613, -6.859315, 0.0 ], [ 107.561426, -6.859658, 0.0 ], [ 107.56135, -6.859689, 0.0 ], [ 107.560931, -6.859575, 0.0 ], [ 107.560673, -6.859423, 0.0 ], [ 107.560736, -6.859321, 0.0 ], [ 107.560743, -6.859324, 0.0 ], [ 107.560911, -6.858992, 0.0 ], [ 107.561621, -6.8593, 0.0 ], [ 107.561613, -6.859315, 0.0 ] ] ], [ [ [ 107.560503, -6.858816, 0.0 ], [ 107.560356, -6.859149, 0.0 ], [ 107.559954, -6.858942, 0.0 ], [ 107.560075, -6.858674, 0.0 ], [ 107.560064, -6.858668, 0.0 ], [ 107.560081, -6.858633, 0.0 ], [ 107.560503, -6.858816, 0.0 ] ] ] ] } },
{ "type": "Feature", "properties": { "NAMOBJ": "Sawah", "JSWH": "Irigasi", "CTKSWH": "Tidak Ada Cetak Sawah", "LUASHA": 0.66000017816500001, "WADMKK": "Kota Cimahi" }, "geometry": { "type": "Polygon", "coordinates": [ [ [ 107.549208, -6.87606, 0.0 ], [ 107.549124, -6.876134, 0.0 ], [ 107.548897, -6.876038, 0.0 ], [ 107.548894, -6.875999, 0.0 ], [ 107.548909, -6.87596, 0.0 ], [ 107.548909, -6.875928, 0.0 ], [ 107.548882, -6.875901, 0.0 ], [ 107.548594, -6.875756, 0.0 ], [ 107.548534, -6.875694, 0.0 ], [ 107.548315, -6.875292, 0.0 ], [ 107.548326, -6.875246, 0.0 ], [ 107.549275, -6.875319, 0.0 ], [ 107.549304, -6.87552, 0.0 ], [ 107.549226, -6.876044, 0.0 ], [ 107.549208, -6.87606, 0.0 ] ] ] } },
{ "type": "Feature", "properties": { "NAMOBJ": "Sawah", "JSWH": "Irigasi", "CTKSWH": "Tidak Ada Cetak Sawah", "LUASHA": 0.70815929484999995, "WADMKK": "Kota Cimahi" }, "geometry": { "type": "Polygon", "coordinates": [ [ [ 107.555576, -6.863098, 0.0 ], [ 107.555262, -6.863597, 0.0 ], [ 107.555211, -6.863657, 0.0 ], [ 107.55515, -6.863605, 0.0 ], [ 107.555068, -6.863735, 0.0 ], [ 107.554894, -6.863644, 0.0 ], [ 107.554695, -6.863923, 0.0 ], [ 107.554636, -6.864022, 0.0 ], [ 107.554471, -6.863918, 0.0 ], [ 107.554367, -6.86411, 0.0 ], [ 107.554295, -6.864057, 0.0 ], [ 107.554262, -6.863985, 0.0 ], [ 107.554094, -6.863878, 0.0 ], [ 107.554034, -6.863915, 0.0 ], [ 107.553987, -6.863885, 0.0 ], [ 107.554256, -6.863592, 0.0 ], [ 107.554281, -6.863584, 0.0 ], [ 107.554299, -6.863554, 0.0 ], [ 107.554485, -6.863392, 0.0 ], [ 107.554942, -6.863525, 0.0 ], [ 107.555322, -6.862964, 0.0 ], [ 107.555585, -6.863076, 0.0 ], [ 107.555576, -6.863098, 0.0 ] ] ] } },
{ "type": "Feature", "properties": { "NAMOBJ": "Sawah", "JSWH": "Irigasi", "CTKSWH": "Tidak Ada Cetak Sawah", "LUASHA": 0.79412683454099997, "WADMKK": "Kota Cimahi" }, "geometry": { "type": "Polygon", "coordinates": [ [ [ 107.561294, -6.861669, 0.0 ], [ 107.561474, -6.861702, 0.0 ], [ 107.561576, -6.861702, 0.0 ], [ 107.561701, -6.861679, 0.0 ], [ 107.561749, -6.861726, 0.0 ], [ 107.561746, -6.861756, 0.0 ], [ 107.561808, -6.861763, 0.0 ], [ 107.561857, -6.861816, 0.0 ], [ 107.561705, -6.861981, 0.0 ], [ 107.561675, -6.862043, 0.0 ], [ 107.561576, -6.862177, 0.0 ], [ 107.561526, -6.862413, 0.0 ], [ 107.561538, -6.862731, 0.0 ], [ 107.561532, -6.86275, 0.0 ], [ 107.561427, -6.862691, 0.0 ], [ 107.561228, -6.862655, 0.0 ], [ 107.561052, -6.862582, 0.0 ], [ 107.560964, -6.862511, 0.0 ], [ 107.560904, -6.862434, 0.0 ], [ 107.56088, -6.86232, 0.0 ], [ 107.560892, -6.862134, 0.0 ], [ 107.560932, -6.862021, 0.0 ], [ 107.561033, -6.861863, 0.0 ], [ 107.561148, -6.861713, 0.0 ], [ 107.561173, -6.86166, 0.0 ], [ 107.561294, -6.861669, 0.0 ] ] ] } },
{ "type": "Feature", "properties": { "NAMOBJ": "Sawah", "JSWH": "Irigasi", "CTKSWH": "Tidak Ada Cetak Sawah", "LUASHA": 0.81429820947999998, "WADMKK": "Kota Cimahi" }, "geometry": { "type": "Polygon", "coordinates": [ [ [ 107.553217, -6.861571, 0.0 ], [ 107.553474, -6.86172, 0.0 ], [ 107.553553, -6.861591, 0.0 ], [ 107.553973, -6.861589, 0.0 ], [ 107.553897, -6.861767, 0.0 ], [ 107.554062, -6.861871, 0.0 ], [ 107.553968, -6.862017, 0.0 ], [ 107.554314, -6.862248, 0.0 ], [ 107.554314, -6.862348, 0.0 ], [ 107.554185, -6.862571, 0.0 ], [ 107.553017, -6.86197, 0.0 ], [ 107.553217, -6.861571, 0.0 ] ] ] } },
{ "type": "Feature", "properties": { "NAMOBJ": "Sawah", "JSWH": "Irigasi", "CTKSWH": "Tidak Ada Cetak Sawah", "LUASHA": 0.83126629677599995, "WADMKK": "Kota Cimahi" }, "geometry": { "type": "Polygon", "coordinates": [ [ [ 107.555114, -6.85957, 0.0 ], [ 107.555166, -6.85959, 0.0 ], [ 107.555175, -6.859559, 0.0 ], [ 107.555358, -6.859629, 0.0 ], [ 107.555317, -6.859727, 0.0 ], [ 107.55529, -6.859718, 0.0 ], [ 107.555279, -6.85976, 0.0 ], [ 107.555308, -6.859774, 0.0 ], [ 107.555205, -6.859775, 0.0 ], [ 107.555206, -6.860017, 0.0 ], [ 107.555156, -6.860129, 0.0 ], [ 107.555115, -6.860194, 0.0 ], [ 107.555057, -6.860363, 0.0 ], [ 107.555003, -6.860611, 0.0 ], [ 107.554771, -6.860478, 0.0 ], [ 107.554745, -6.860544, 0.0 ], [ 107.554664, -6.860681, 0.0 ], [ 107.554306, -6.860683, 0.0 ], [ 107.554303, -6.860089, 0.0 ], [ 107.554375, -6.860104, 0.0 ], [ 107.554468, -6.85999, 0.0 ], [ 107.554653, -6.85999, 0.0 ], [ 107.554977, -6.859519, 0.0 ], [ 107.555114, -6.85957, 0.0 ] ] ] } },
{ "type": "Feature", "properties": { "NAMOBJ": "Sawah", "JSWH": "Irigasi", "CTKSWH": "Tidak Ada Cetak Sawah", "LUASHA": 0.91863363527800002, "WADMKK": "Kota Cimahi" }, "geometry": { "type": "Polygon", "coordinates": [ [ [ 107.554181, -6.851562, 0.0 ], [ 107.554323, -6.851623, 0.0 ], [ 107.554285, -6.851805, 0.0 ], [ 107.554329, -6.851926, 0.0 ], [ 107.554296, -6.852017, 0.0 ], [ 107.554399, -6.852193, 0.0 ], [ 107.554284, -6.852394, 0.0 ], [ 107.55418, -6.852382, 0.0 ], [ 107.554185, -6.852034, 0.0 ], [ 107.553955, -6.852003, 0.0 ], [ 107.553907, -6.851713, 0.0 ], [ 107.553903, -6.851565, 0.0 ], [ 107.553992, -6.851576, 0.0 ], [ 107.554024, -6.851537, 0.0 ], [ 107.554009, -6.851293, 0.0 ], [ 107.554019, -6.851228, 0.0 ], [ 107.554069, -6.851142, 0.0 ], [ 107.554097, -6.851056, 0.0 ], [ 107.554111, -6.850923, 0.0 ], [ 107.554142, -6.850783, 0.0 ], [ 107.554156, -6.85065, 0.0 ], [ 107.554152, -6.850557, 0.0 ], [ 107.554123, -6.850485, 0.0 ], [ 107.554105, -6.850407, 0.0 ], [ 107.554075, -6.850177, 0.0 ], [ 107.553956, -6.850059, 0.0 ], [ 107.553862, -6.849999, 0.0 ], [ 107.553772, -6.849917, 0.0 ], [ 107.553678, -6.849792, 0.0 ], [ 107.553688, -6.849673, 0.0 ], [ 107.553738, -6.849545, 0.0 ], [ 107.553938, -6.849572, 0.0 ], [ 107.553913, -6.849672, 0.0 ], [ 107.553909, -6.849729, 0.0 ], [ 107.55392, -6.849779, 0.0 ], [ 107.553959, -6.849829, 0.0 ], [ 107.554316, -6.850104, 0.0 ], [ 107.554414, -6.850138, 0.0 ], [ 107.554402, -6.850168, 0.0 ], [ 107.554429, -6.850235, 0.0 ], [ 107.554405, -6.850408, 0.0 ], [ 107.554417, -6.850551, 0.0 ], [ 107.554343, -6.850744, 0.0 ], [ 107.55432, -6.851065, 0.0 ], [ 107.554321, -6.851236, 0.0 ], [ 107.554181, -6.851562, 0.0 ] ] ] } },
{ "type": "Feature", "properties": { "NAMOBJ": "Sawah", "JSWH": "Irigasi", "CTKSWH": "Tidak Ada Cetak Sawah", "LUASHA": 0.94217201896500002, "WADMKK": "Kota Cimahi" }, "geometry": { "type": "Polygon", "coordinates": [ [ [ 107.553444, -6.854932, 0.0 ], [ 107.553748, -6.855046, 0.0 ], [ 107.553771, -6.855008, 0.0 ], [ 107.553788, -6.855015, 0.0 ], [ 107.553839, -6.854905, 0.0 ], [ 107.554122, -6.855005, 0.0 ], [ 107.553756, -6.855124, 0.0 ], [ 107.553216, -6.855358, 0.0 ], [ 107.552419, -6.855491, 0.0 ], [ 107.551925, -6.855516, 0.0 ], [ 107.551949, -6.855416, 0.0 ], [ 107.552074, -6.855331, 0.0 ], [ 107.55216, -6.855328, 0.0 ], [ 107.552225, -6.855269, 0.0 ], [ 107.552427, -6.855174, 0.0 ], [ 107.552587, -6.855033, 0.0 ], [ 107.552843, -6.854874, 0.0 ], [ 107.553013, -6.854687, 0.0 ], [ 107.553044, -6.854666, 0.0 ], [ 107.553453, -6.854742, 0.0 ], [ 107.553444, -6.854932, 0.0 ] ] ] } },
{ "type": "Feature", "properties": { "NAMOBJ": "Sawah", "JSWH": "Irigasi", "CTKSWH": "Tidak Ada Cetak Sawah", "LUASHA": 0.98208579316699995, "WADMKK": "Kota Cimahi" }, "geometry": { "type": "Polygon", "coordinates": [ [ [ 107.559066, -6.865525, 0.0 ], [ 107.559006, -6.865656, 0.0 ], [ 107.558987, -6.865775, 0.0 ], [ 107.559003, -6.865869, 0.0 ], [ 107.558993, -6.86599, 0.0 ], [ 107.559014, -6.866204, 0.0 ], [ 107.559097, -6.86647, 0.0 ], [ 107.559091, -6.866547, 0.0 ], [ 107.55912, -6.866674, 0.0 ], [ 107.559116, -6.866696, 0.0 ], [ 107.55907, -6.866768, 0.0 ], [ 107.559015, -6.866823, 0.0 ], [ 107.558586, -6.866705, 0.0 ], [ 107.558426, -6.866645, 0.0 ], [ 107.558483, -6.86644, 0.0 ], [ 107.558538, -6.866343, 0.0 ], [ 107.55856, -6.866248, 0.0 ], [ 107.558548, -6.866145, 0.0 ], [ 107.558506, -6.866044, 0.0 ], [ 107.558509, -6.865899, 0.0 ], [ 107.558502, -6.865827, 0.0 ], [ 107.558509, -6.865784, 0.0 ], [ 107.558577, -6.865663, 0.0 ], [ 107.558615, -6.865618, 0.0 ], [ 107.558675, -6.865573, 0.0 ], [ 107.558758, -6.86555, 0.0 ], [ 107.558808, -6.865546, 0.0 ], [ 107.55891, -6.865503, 0.0 ], [ 107.558961, -6.865453, 0.0 ], [ 107.559011, -6.865432, 0.0 ], [ 107.559136, -6.865286, 0.0 ], [ 107.559198, -6.865188, 0.0 ], [ 107.559239, -6.865105, 0.0 ], [ 107.559264, -6.865024, 0.0 ], [ 107.559249, -6.864824, 0.0 ], [ 107.559301, -6.864752, 0.0 ], [ 107.559392, -6.864449, 0.0 ], [ 107.55943, -6.86441, 0.0 ], [ 107.559475, -6.864379, 0.0 ], [ 107.559587, -6.864368, 0.0 ], [ 107.559699, -6.864339, 0.0 ], [ 107.559723, -6.864408, 0.0 ], [ 107.559628, -6.864474, 0.0 ], [ 107.559531, -6.864561, 0.0 ], [ 107.559498, -6.864605, 0.0 ], [ 107.559441, -6.864856, 0.0 ], [ 107.559366, -6.865021, 0.0 ], [ 107.559228, -6.865294, 0.0 ], [ 107.559094, -6.865469, 0.0 ], [ 107.559066, -6.865525, 0.0 ] ] ] } },
{ "type": "Feature", "properties": { "NAMOBJ": "Sawah", "JSWH": "Irigasi", "CTKSWH": "Tidak Ada Cetak Sawah", "LUASHA": 1.3589044783099999, "WADMKK": "Kota Cimahi" }, "geometry": { "type": "Polygon", "coordinates": [ [ [ 107.554067, -6.855144, 0.0 ], [ 107.554027, -6.855222, 0.0 ], [ 107.554015, -6.855218, 0.0 ], [ 107.553923, -6.855421, 0.0 ], [ 107.553827, -6.855604, 0.0 ], [ 107.55375, -6.85573, 0.0 ], [ 107.553617, -6.855994, 0.0 ], [ 107.553573, -6.85613, 0.0 ], [ 107.553549, -6.856119, 0.0 ], [ 107.553382, -6.855989, 0.0 ], [ 107.553363, -6.855991, 0.0 ], [ 107.553256, -6.856262, 0.0 ], [ 107.553167, -6.856237, 0.0 ], [ 107.552858, -6.856125, 0.0 ], [ 107.552943, -6.85587, 0.0 ], [ 107.552848, -6.855838, 0.0 ], [ 107.552813, -6.855954, 0.0 ], [ 107.552693, -6.855917, 0.0 ], [ 107.552624, -6.856061, 0.0 ], [ 107.552427, -6.855941, 0.0 ], [ 107.552477, -6.855797, 0.0 ], [ 107.551922, -6.855528, 0.0 ], [ 107.551925, -6.855516, 0.0 ], [ 107.552419, -6.855491, 0.0 ], [ 107.553216, -6.855358, 0.0 ], [ 107.553756, -6.855124, 0.0 ], [ 107.554122, -6.855005, 0.0 ], [ 107.554137, -6.855011, 0.0 ], [ 107.554067, -6.855144, 0.0 ] ] ] } },
{ "type": "Feature", "properties": { "NAMOBJ": "Non Sawah", "JSWH": "Irigasi", "CTKSWH": "Tidak Ada Cetak Sawah", "LUASHA": 1.37589267242, "WADMKK": "Kota Cimahi" }, "geometry": { "type": "Polygon", "coordinates": [ [ [ 107.554294, -6.864755, 0.0 ], [ 107.554359, -6.864785, 0.0 ], [ 107.554361, -6.864775, 0.0 ], [ 107.554398, -6.86477, 0.0 ], [ 107.554483, -6.864628, 0.0 ], [ 107.554385, -6.864579, 0.0 ], [ 107.554469, -6.86443, 0.0 ], [ 107.554899, -6.864668, 0.0 ], [ 107.554877, -6.864705, 0.0 ], [ 107.554849, -6.864726, 0.0 ], [ 107.554822, -6.864774, 0.0 ], [ 107.554665, -6.864696, 0.0 ], [ 107.554589, -6.864812, 0.0 ], [ 107.554581, -6.864835, 0.0 ], [ 107.554587, -6.864846, 0.0 ], [ 107.554727, -6.864924, 0.0 ], [ 107.554763, -6.864953, 0.0 ], [ 107.554727, -6.864985, 0.0 ], [ 107.554595, -6.865219, 0.0 ], [ 107.554252, -6.865703, 0.0 ], [ 107.554137, -6.86566, 0.0 ], [ 107.554129, -6.86561, 0.0 ], [ 107.553963, -6.86551, 0.0 ], [ 107.553953, -6.865475, 0.0 ], [ 107.554002, -6.865338, 0.0 ], [ 107.553679, -6.865084, 0.0 ], [ 107.553668, -6.865087, 0.0 ], [ 107.553556, -6.865231, 0.0 ], [ 107.553469, -6.86518, 0.0 ], [ 107.553406, -6.865123, 0.0 ], [ 107.553297, -6.865086, 0.0 ], [ 107.553177, -6.864991, 0.0 ], [ 107.55311, -6.864959, 0.0 ], [ 107.553562, -6.864361, 0.0 ], [ 107.553687, -6.864412, 0.0 ], [ 107.554294, -6.864755, 0.0 ] ] ] } },
{ "type": "Feature", "properties": { "NAMOBJ": "Sawah", "JSWH": "Irigasi", "CTKSWH": "Tidak Ada Cetak Sawah", "LUASHA": 1.6577671842399999, "WADMKK": "Kota Cimahi" }, "geometry": { "type": "Polygon", "coordinates": [ [ [ 107.558052, -6.866709, 0.0 ], [ 107.558094, -6.866718, 0.0 ], [ 107.55824, -6.866713, 0.0 ], [ 107.558308, -6.866721, 0.0 ], [ 107.558366, -6.86671, 0.0 ], [ 107.558406, -6.866816, 0.0 ], [ 107.558376, -6.866869, 0.0 ], [ 107.558312, -6.866926, 0.0 ], [ 107.558275, -6.866987, 0.0 ], [ 107.558248, -6.86711, 0.0 ], [ 107.558177, -6.867253, 0.0 ], [ 107.558179, -6.867621, 0.0 ], [ 107.558167, -6.867884, 0.0 ], [ 107.558102, -6.86808, 0.0 ], [ 107.557958, -6.868231, 0.0 ], [ 107.557244, -6.868595, 0.0 ], [ 107.557063, -6.868644, 0.0 ], [ 107.556963, -6.868599, 0.0 ], [ 107.556824, -6.868607, 0.0 ], [ 107.556672, -6.868667, 0.0 ], [ 107.556359, -6.86841, 0.0 ], [ 107.55623, -6.868331, 0.0 ], [ 107.556065, -6.868365, 0.0 ], [ 107.556049, -6.868202, 0.0 ], [ 107.556049, -6.868104, 0.0 ], [ 107.556085, -6.867992, 0.0 ], [ 107.556165, -6.867907, 0.0 ], [ 107.556251, -6.867874, 0.0 ], [ 107.556319, -6.867883, 0.0 ], [ 107.556429, -6.867969, 0.0 ], [ 107.556429, -6.868022, 0.0 ], [ 107.556548, -6.868116, 0.0 ], [ 107.55661, -6.868146, 0.0 ], [ 107.556705, -6.868243, 0.0 ], [ 107.556747, -6.868311, 0.0 ], [ 107.556854, -6.868308, 0.0 ], [ 107.556943, -6.868323, 0.0 ], [ 107.557012, -6.868358, 0.0 ], [ 107.556978, -6.868453, 0.0 ], [ 107.557069, -6.868513, 0.0 ], [ 107.557149, -6.868521, 0.0 ], [ 107.557237, -6.868498, 0.0 ], [ 107.557391, -6.868394, 0.0 ], [ 107.557485, -6.868349, 0.0 ], [ 107.5576, -6.868264, 0.0 ], [ 107.557637, -6.868225, 0.0 ], [ 107.557685, -6.868151, 0.0 ], [ 107.557764, -6.868071, 0.0 ], [ 107.557836, -6.867962, 0.0 ], [ 107.557847, -6.867937, 0.0 ], [ 107.557826, -6.867926, 0.0 ], [ 107.557859, -6.867808, 0.0 ], [ 107.55785, -6.867671, 0.0 ], [ 107.557793, -6.867614, 0.0 ], [ 107.557717, -6.867605, 0.0 ], [ 107.557636, -6.867562, 0.0 ], [ 107.557612, -6.867468, 0.0 ], [ 107.557588, -6.867298, 0.0 ], [ 107.557526, -6.867123, 0.0 ], [ 107.557531, -6.866892, 0.0 ], [ 107.557545, -6.866826, 0.0 ], [ 107.557574, -6.866736, 0.0 ], [ 107.557612, -6.866675, 0.0 ], [ 107.55765, -6.86659, 0.0 ], [ 107.557734, -6.866483, 0.0 ], [ 107.557791, -6.866486, 0.0 ], [ 107.557856, -6.86655, 0.0 ], [ 107.557906, -6.866621, 0.0 ], [ 107.558052, -6.866709, 0.0 ] ] ] } },
{ "type": "Feature", "properties": { "NAMOBJ": "Sawah", "JSWH": "Irigasi", "CTKSWH": "Tidak Ada Cetak Sawah", "LUASHA": 3.8461574769900002, "WADMKK": "Kota Cimahi" }, "geometry": { "type": "MultiPolygon", "coordinates": [ [ [ [ 107.555751, -6.868761, 0.0 ], [ 107.555707, -6.868781, 0.0 ], [ 107.55574, -6.868739, 0.0 ], [ 107.555751, -6.868761, 0.0 ] ] ], [ [ [ 107.559796, -6.864061, 0.0 ], [ 107.559786, -6.864131, 0.0 ], [ 107.559661, -6.864115, 0.0 ], [ 107.559531, -6.864118, 0.0 ], [ 107.559391, -6.864169, 0.0 ], [ 107.559321, -6.86421, 0.0 ], [ 107.55926, -6.864262, 0.0 ], [ 107.559197, -6.864342, 0.0 ], [ 107.559157, -6.864444, 0.0 ], [ 107.559119, -6.864576, 0.0 ], [ 107.559112, -6.86463, 0.0 ], [ 107.559065, -6.864674, 0.0 ], [ 107.559036, -6.864744, 0.0 ], [ 107.559027, -6.864884, 0.0 ], [ 107.559045, -6.864997, 0.0 ], [ 107.559014, -6.86514, 0.0 ], [ 107.558913, -6.865223, 0.0 ], [ 107.558849, -6.865255, 0.0 ], [ 107.558808, -6.865297, 0.0 ], [ 107.558788, -6.865329, 0.0 ], [ 107.558746, -6.865332, 0.0 ], [ 107.558674, -6.865352, 0.0 ], [ 107.558582, -6.865381, 0.0 ], [ 107.558524, -6.865411, 0.0 ], [ 107.558452, -6.865477, 0.0 ], [ 107.558375, -6.865571, 0.0 ], [ 107.558295, -6.865723, 0.0 ], [ 107.558263, -6.865818, 0.0 ], [ 107.558262, -6.865867, 0.0 ], [ 107.558281, -6.865972, 0.0 ], [ 107.558286, -6.866077, 0.0 ], [ 107.558336, -6.86619, 0.0 ], [ 107.558344, -6.866232, 0.0 ], [ 107.558338, -6.866263, 0.0 ], [ 107.558285, -6.866362, 0.0 ], [ 107.558249, -6.866494, 0.0 ], [ 107.558025, -6.866511, 0.0 ], [ 107.558008, -6.866498, 0.0 ], [ 107.557966, -6.866414, 0.0 ], [ 107.557936, -6.866374, 0.0 ], [ 107.557899, -6.866404, 0.0 ], [ 107.557863, -6.866398, 0.0 ], [ 107.557783, -6.866401, 0.0 ], [ 107.55772, -6.866427, 0.0 ], [ 107.557619, -6.866451, 0.0 ], [ 107.557566, -6.866496, 0.0 ], [ 107.557524, -6.866564, 0.0 ], [ 107.557477, -6.86665, 0.0 ], [ 107.557459, -6.866737, 0.0 ], [ 107.557435, -6.866766, 0.0 ], [ 107.55742, -6.8669, 0.0 ], [ 107.557391, -6.866964, 0.0 ], [ 107.557399, -6.867094, 0.0 ], [ 107.557429, -6.867141, 0.0 ], [ 107.557441, -6.867195, 0.0 ], [ 107.557462, -6.86723, 0.0 ], [ 107.55748, -6.867388, 0.0 ], [ 107.557494, -6.867442, 0.0 ], [ 107.557527, -6.86748, 0.0 ], [ 107.557527, -6.867596, 0.0 ], [ 107.557581, -6.867647, 0.0 ], [ 107.55761, -6.86765, 0.0 ], [ 107.55767, -6.867674, 0.0 ], [ 107.557726, -6.867665, 0.0 ], [ 107.557759, -6.867677, 0.0 ], [ 107.557756, -6.867736, 0.0 ], [ 107.557747, -6.867796, 0.0 ], [ 107.557726, -6.867849, 0.0 ], [ 107.557646, -6.868001, 0.0 ], [ 107.557402, -6.868271, 0.0 ], [ 107.557331, -6.868295, 0.0 ], [ 107.557173, -6.868387, 0.0 ], [ 107.557114, -6.868387, 0.0 ], [ 107.557048, -6.86828, 0.0 ], [ 107.556992, -6.868268, 0.0 ], [ 107.556914, -6.868268, 0.0 ], [ 107.556873, -6.868242, 0.0 ], [ 107.556846, -6.868209, 0.0 ], [ 107.556761, -6.868162, 0.0 ], [ 107.556693, -6.868107, 0.0 ], [ 107.556665, -6.868054, 0.0 ], [ 107.556602, -6.868033, 0.0 ], [ 107.556486, -6.867953, 0.0 ], [ 107.556415, -6.867861, 0.0 ], [ 107.556343, -6.867837, 0.0 ], [ 107.556289, -6.867839, 0.0 ], [ 107.556236, -6.867829, 0.0 ], [ 107.556223, -6.867839, 0.0 ], [ 107.556168, -6.867837, 0.0 ], [ 107.556108, -6.867867, 0.0 ], [ 107.556037, -6.867932, 0.0 ], [ 107.556013, -6.867986, 0.0 ], [ 107.555972, -6.868161, 0.0 ], [ 107.556007, -6.868254, 0.0 ], [ 107.556024, -6.868374, 0.0 ], [ 107.555871, -6.868699, 0.0 ], [ 107.555828, -6.868662, 0.0 ], [ 107.555801, -6.868653, 0.0 ], [ 107.555734, -6.868667, 0.0 ], [ 107.555709, -6.868646, 0.0 ], [ 107.555498, -6.868555, 0.0 ], [ 107.555504, -6.868475, 0.0 ], [ 107.555534, -6.868412, 0.0 ], [ 107.555545, -6.868404, 0.0 ], [ 107.55562, -6.868443, 0.0 ], [ 107.555737, -6.868493, 0.0 ], [ 107.555776, -6.868501, 0.0 ], [ 107.555795, -6.868422, 0.0 ], [ 107.555744, -6.868336, 0.0 ], [ 107.555642, -6.868215, 0.0 ], [ 107.555652, -6.868196, 0.0 ], [ 107.555588, -6.867867, 0.0 ], [ 107.555616, -6.867774, 0.0 ], [ 107.555795, -6.867739, 0.0 ], [ 107.556023, -6.867803, 0.0 ], [ 107.556359, -6.867789, 0.0 ], [ 107.556753, -6.86751, 0.0 ], [ 107.556817, -6.867507, 0.0 ], [ 107.556945, -6.867239, 0.0 ], [ 107.556982, -6.867085, 0.0 ], [ 107.556991, -6.866918, 0.0 ], [ 107.557011, -6.8668, 0.0 ], [ 107.556969, -6.866717, 0.0 ], [ 107.55703, -6.866125, 0.0 ], [ 107.557174, -6.865796, 0.0 ], [ 107.557437, -6.865704, 0.0 ], [ 107.557651, -6.865704, 0.0 ], [ 107.558172, -6.865554, 0.0 ], [ 107.558508, -6.865383, 0.0 ], [ 107.558636, -6.86519, 0.0 ], [ 107.558707, -6.865019, 0.0 ], [ 107.5586, -6.864883, 0.0 ], [ 107.55845, -6.864717, 0.0 ], [ 107.558763, -6.864401, 0.0 ], [ 107.55904, -6.864266, 0.0 ], [ 107.559067, -6.864275, 0.0 ], [ 107.559103, -6.864252, 0.0 ], [ 107.559143, -6.864248, 0.0 ], [ 107.55945, -6.864098, 0.0 ], [ 107.5597, -6.86402, 0.0 ], [ 107.559796, -6.864061, 0.0 ] ] ] ] } },
{ "type": "Feature", "properties": { "NAMOBJ": "Non Sawah", "JSWH": "Irigasi", "CTKSWH": "Tidak Ada Cetak Sawah", "LUASHA": 4.1441186809400001, "WADMKK": "Kota Cimahi" }, "geometry": { "type": "Polygon", "coordinates": [ [ [ 107.557792, -6.858031, 0.0 ], [ 107.557715, -6.85818, 0.0 ], [ 107.557706, -6.858176, 0.0 ], [ 107.557701, -6.858184, 0.0 ], [ 107.557463, -6.85808, 0.0 ], [ 107.5573, -6.85843, 0.0 ], [ 107.556972, -6.858309, 0.0 ], [ 107.556893, -6.858495, 0.0 ], [ 107.55695, -6.85858, 0.0 ], [ 107.556775, -6.858932, 0.0 ], [ 107.556497, -6.859441, 0.0 ], [ 107.556297, -6.859333, 0.0 ], [ 107.556257, -6.859414, 0.0 ], [ 107.556137, -6.859386, 0.0 ], [ 107.556115, -6.859375, 0.0 ], [ 107.556106, -6.859358, 0.0 ], [ 107.556067, -6.859339, 0.0 ], [ 107.555943, -6.859294, 0.0 ], [ 107.555976, -6.859218, 0.0 ], [ 107.555971, -6.859203, 0.0 ], [ 107.555911, -6.859175, 0.0 ], [ 107.555833, -6.859151, 0.0 ], [ 107.556274, -6.858312, 0.0 ], [ 107.556244, -6.858306, 0.0 ], [ 107.55632, -6.858166, 0.0 ], [ 107.556159, -6.858077, 0.0 ], [ 107.556051, -6.858035, 0.0 ], [ 107.555835, -6.858476, 0.0 ], [ 107.555569, -6.858353, 0.0 ], [ 107.555621, -6.85824, 0.0 ], [ 107.555925, -6.857739, 0.0 ], [ 107.555657, -6.85761, 0.0 ], [ 107.555762, -6.857387, 0.0 ], [ 107.556045, -6.85688, 0.0 ], [ 107.555987, -6.85685, 0.0 ], [ 107.55607, -6.856668, 0.0 ], [ 107.555937, -6.856602, 0.0 ], [ 107.556094, -6.856352, 0.0 ], [ 107.55614, -6.856241, 0.0 ], [ 107.557204, -6.857237, 0.0 ], [ 107.557673, -6.857447, 0.0 ], [ 107.557507, -6.857923, 0.0 ], [ 107.557792, -6.858031, 0.0 ] ] ] } },
{ "type": "Feature", "properties": { "NAMOBJ": "Non Sawah", "JSWH": "Irigasi", "CTKSWH": "Tidak Ada Cetak Sawah", "LUASHA": 4.5940975802599997, "WADMKK": "Kota Cimahi" }, "geometry": { "type": "MultiPolygon", "coordinates": [ [ [ [ 107.557857, -6.855189, 0.0 ], [ 107.557843, -6.855198, 0.0 ], [ 107.557859, -6.85518, 0.0 ], [ 107.557868, -6.855185, 0.0 ], [ 107.557857, -6.855189, 0.0 ] ] ], [ [ [ 107.5574, -6.854944, 0.0 ], [ 107.557575, -6.855033, 0.0 ], [ 107.557639, -6.855094, 0.0 ], [ 107.557804, -6.855221, 0.0 ], [ 107.55775, -6.855254, 0.0 ], [ 107.557643, -6.855361, 0.0 ], [ 107.557564, -6.855468, 0.0 ], [ 107.557557, -6.855661, 0.0 ], [ 107.5577, -6.855703, 0.0 ], [ 107.557878, -6.855653, 0.0 ], [ 107.558035, -6.855432, 0.0 ], [ 107.558098, -6.855394, 0.0 ], [ 107.558231, -6.855502, 0.0 ], [ 107.558421, -6.855606, 0.0 ], [ 107.558464, -6.855644, 0.0 ], [ 107.558699, -6.855802, 0.0 ], [ 107.558806, -6.855903, 0.0 ], [ 107.559434, -6.856196, 0.0 ], [ 107.559255, -6.856673, 0.0 ], [ 107.559139, -6.856627, 0.0 ], [ 107.559115, -6.856692, 0.0 ], [ 107.559071, -6.85668, 0.0 ], [ 107.55904, -6.856749, 0.0 ], [ 107.558963, -6.856726, 0.0 ], [ 107.558954, -6.856743, 0.0 ], [ 107.558844, -6.856704, 0.0 ], [ 107.558906, -6.856489, 0.0 ], [ 107.558913, -6.856225, 0.0 ], [ 107.558778, -6.856146, 0.0 ], [ 107.55878, -6.856129, 0.0 ], [ 107.558539, -6.856033, 0.0 ], [ 107.558476, -6.856166, 0.0 ], [ 107.558414, -6.856189, 0.0 ], [ 107.558235, -6.856546, 0.0 ], [ 107.557992, -6.856503, 0.0 ], [ 107.557842, -6.856796, 0.0 ], [ 107.557992, -6.85691, 0.0 ], [ 107.557878, -6.857067, 0.0 ], [ 107.55782, -6.85703, 0.0 ], [ 107.557829, -6.857024, 0.0 ], [ 107.557803, -6.857007, 0.0 ], [ 107.557787, -6.857028, 0.0 ], [ 107.557753, -6.857009, 0.0 ], [ 107.557755, -6.856984, 0.0 ], [ 107.557743, -6.856971, 0.0 ], [ 107.557751, -6.856961, 0.0 ], [ 107.557697, -6.856927, 0.0 ], [ 107.557666, -6.856968, 0.0 ], [ 107.557604, -6.857101, 0.0 ], [ 107.557543, -6.85721, 0.0 ], [ 107.557728, -6.857288, 0.0 ], [ 107.557673, -6.857447, 0.0 ], [ 107.557204, -6.857237, 0.0 ], [ 107.55614, -6.856241, 0.0 ], [ 107.556309, -6.855831, 0.0 ], [ 107.556377, -6.855739, 0.0 ], [ 107.556471, -6.855637, 0.0 ], [ 107.556529, -6.855539, 0.0 ], [ 107.556577, -6.855552, 0.0 ], [ 107.556586, -6.855523, 0.0 ], [ 107.556573, -6.855505, 0.0 ], [ 107.556577, -6.855467, 0.0 ], [ 107.556603, -6.855426, 0.0 ], [ 107.556684, -6.855353, 0.0 ], [ 107.556688, -6.855336, 0.0 ], [ 107.556728, -6.855277, 0.0 ], [ 107.556657, -6.855219, 0.0 ], [ 107.556656, -6.855205, 0.0 ], [ 107.556681, -6.855178, 0.0 ], [ 107.556641, -6.855151, 0.0 ], [ 107.556616, -6.855179, 0.0 ], [ 107.556573, -6.855144, 0.0 ], [ 107.556493, -6.855116, 0.0 ], [ 107.556502, -6.855098, 0.0 ], [ 107.556497, -6.855081, 0.0 ], [ 107.556475, -6.855067, 0.0 ], [ 107.556454, -6.855037, 0.0 ], [ 107.55647, -6.855013, 0.0 ], [ 107.556583, -6.855048, 0.0 ], [ 107.556626, -6.855069, 0.0 ], [ 107.556665, -6.855055, 0.0 ], [ 107.556754, -6.854962, 0.0 ], [ 107.556808, -6.854976, 0.0 ], [ 107.556961, -6.854905, 0.0 ], [ 107.557029, -6.854862, 0.0 ], [ 107.557086, -6.854791, 0.0 ], [ 107.557214, -6.854844, 0.0 ], [ 107.5574, -6.854944, 0.0 ] ], [ [ 107.557484, -6.85704, 0.0 ], [ 107.557519, -6.857067, 0.0 ], [ 107.55765, -6.85664, 0.0 ], [ 107.557447, -6.856507, 0.0 ], [ 107.557284, -6.856885, 0.0 ], [ 107.557484, -6.85704, 0.0 ] ] ] ] } },
{ "type": "Feature", "properties": { "NAMOBJ": "Sawah", "JSWH": "Irigasi", "CTKSWH": "Tidak Ada Cetak Sawah", "LUASHA": 7.47691613853, "WADMKK": "Kota Cimahi" }, "geometry": { "type": "Polygon", "coordinates": [ [ [ 107.562305, -6.856798, 0.0 ], [ 107.562359, -6.856929, 0.0 ], [ 107.562225, -6.857538, 0.0 ], [ 107.56234, -6.857747, 0.0 ], [ 107.562473, -6.857814, 0.0 ], [ 107.562492, -6.857909, 0.0 ], [ 107.562378, -6.858356, 0.0 ], [ 107.562216, -6.858461, 0.0 ], [ 107.562064, -6.858537, 0.0 ], [ 107.56193, -6.858652, 0.0 ], [ 107.561921, -6.858851, 0.0 ], [ 107.561978, -6.85908, 0.0 ], [ 107.561854, -6.859242, 0.0 ], [ 107.56175, -6.859355, 0.0 ], [ 107.560911, -6.858992, 0.0 ], [ 107.561098, -6.858534, 0.0 ], [ 107.560729, -6.858329, 0.0 ], [ 107.560708, -6.85835, 0.0 ], [ 107.560503, -6.858816, 0.0 ], [ 107.560081, -6.858633, 0.0 ], [ 107.560089, -6.858618, 0.0 ], [ 107.560098, -6.858623, 0.0 ], [ 107.560129, -6.858553, 0.0 ], [ 107.560232, -6.858265, 0.0 ], [ 107.560063, -6.858178, 0.0 ], [ 107.560067, -6.858166, 0.0 ], [ 107.559992, -6.858107, 0.0 ], [ 107.559857, -6.858037, 0.0 ], [ 107.559821, -6.858116, 0.0 ], [ 107.559811, -6.858116, 0.0 ], [ 107.559471, -6.857958, 0.0 ], [ 107.559628, -6.85762, 0.0 ], [ 107.5596, -6.857606, 0.0 ], [ 107.559935, -6.856877, 0.0 ], [ 107.559999, -6.856899, 0.0 ], [ 107.560072, -6.856725, 0.0 ], [ 107.560106, -6.856667, 0.0 ], [ 107.560079, -6.856644, 0.0 ], [ 107.560041, -6.856646, 0.0 ], [ 107.560055, -6.856615, 0.0 ], [ 107.559884, -6.856527, 0.0 ], [ 107.559899, -6.856517, 0.0 ], [ 107.559904, -6.856483, 0.0 ], [ 107.559921, -6.856455, 0.0 ], [ 107.559935, -6.856395, 0.0 ], [ 107.559933, -6.856366, 0.0 ], [ 107.55976, -6.856315, 0.0 ], [ 107.559798, -6.856234, 0.0 ], [ 107.560141, -6.856167, 0.0 ], [ 107.560436, -6.856006, 0.0 ], [ 107.560722, -6.856158, 0.0 ], [ 107.560826, -6.856367, 0.0 ], [ 107.56075, -6.856681, 0.0 ], [ 107.561312, -6.856891, 0.0 ], [ 107.561444, -6.856493, 0.0 ], [ 107.561483, -6.856488, 0.0 ], [ 107.561511, -6.856358, 0.0 ], [ 107.561148, -6.856245, 0.0 ], [ 107.561331, -6.855968, 0.0 ], [ 107.561607, -6.856082, 0.0 ], [ 107.56194, -6.856329, 0.0 ], [ 107.562026, -6.856415, 0.0 ], [ 107.562273, -6.856719, 0.0 ], [ 107.562305, -6.856798, 0.0 ] ] ] } },
{ "type": "Feature", "properties": { "NAMOBJ": "Sawah", "JSWH": "Non Irigasi", "CTKSWH": "Tidak Ada Cetak Sawah", "LUASHA": 0.041959887338199997, "WADMKK": "Kota Cimahi" }, "geometry": { "type": "Polygon", "coordinates": [ [ [ 107.531897, -6.871725, 0.0 ], [ 107.531574, -6.872042, 0.0 ], [ 107.531558, -6.872029, 0.0 ], [ 107.531531, -6.871986, 0.0 ], [ 107.531833, -6.871669, 0.0 ], [ 107.531897, -6.871725, 0.0 ] ] ] } },
{ "type": "Feature", "properties": { "NAMOBJ": "Sawah", "JSWH": "Non Irigasi", "CTKSWH": "Tidak Ada Cetak Sawah", "LUASHA": 0.016983609798799999, "WADMKK": "Kota Cimahi" }, "geometry": { "type": "Polygon", "coordinates": [ [ [ 107.532443, -6.872247, 0.0 ], [ 107.5324, -6.872281, 0.0 ], [ 107.532187, -6.872028, 0.0 ], [ 107.532094, -6.871942, 0.0 ], [ 107.532109, -6.871932, 0.0 ], [ 107.532443, -6.872247, 0.0 ] ] ] } },
{ "type": "Feature", "properties": { "NAMOBJ": "Sawah", "JSWH": "Non Irigasi", "CTKSWH": "Tidak Ada Cetak Sawah", "LUASHA": 0.61332848101299997, "WADMKK": "Kota Cimahi" }, "geometry": { "type": "Polygon", "coordinates": [ [ [ 107.546708, -6.858594, 0.0 ], [ 107.546772, -6.858646, 0.0 ], [ 107.546986, -6.85854, 0.0 ], [ 107.547037, -6.858586, 0.0 ], [ 107.546997, -6.858617, 0.0 ], [ 107.546888, -6.858752, 0.0 ], [ 107.546808, -6.858764, 0.0 ], [ 107.546753, -6.858825, 0.0 ], [ 107.546702, -6.858864, 0.0 ], [ 107.546674, -6.858868, 0.0 ], [ 107.546624, -6.858966, 0.0 ], [ 107.54663, -6.85906, 0.0 ], [ 107.546619, -6.859247, 0.0 ], [ 107.546597, -6.859323, 0.0 ], [ 107.546471, -6.859527, 0.0 ], [ 107.546417, -6.859488, 0.0 ], [ 107.546392, -6.859523, 0.0 ], [ 107.545985, -6.859179, 0.0 ], [ 107.545817, -6.859065, 0.0 ], [ 107.545837, -6.859063, 0.0 ], [ 107.545869, -6.859033, 0.0 ], [ 107.545927, -6.859032, 0.0 ], [ 107.545998, -6.858972, 0.0 ], [ 107.546135, -6.858917, 0.0 ], [ 107.546242, -6.858913, 0.0 ], [ 107.546254, -6.858902, 0.0 ], [ 107.546324, -6.858831, 0.0 ], [ 107.546348, -6.858795, 0.0 ], [ 107.546367, -6.858743, 0.0 ], [ 107.54636, -6.858567, 0.0 ], [ 107.546383, -6.858519, 0.0 ], [ 107.546446, -6.858455, 0.0 ], [ 107.54663, -6.85853, 0.0 ], [ 107.546708, -6.858594, 0.0 ] ] ] } },
{ "type": "Feature", "properties": { "NAMOBJ": "Sawah", "JSWH": "Non Irigasi", "CTKSWH": "Tidak Ada Cetak Sawah", "LUASHA": 0.50713936524299996, "WADMKK": "Kota Cimahi" }, "geometry": { "type": "Polygon", "coordinates": [ [ [ 107.548614, -6.857676, 0.0 ], [ 107.548454, -6.857807, 0.0 ], [ 107.548256, -6.857901, 0.0 ], [ 107.548245, -6.85788, 0.0 ], [ 107.548098, -6.857921, 0.0 ], [ 107.547955, -6.858011, 0.0 ], [ 107.547797, -6.858002, 0.0 ], [ 107.547619, -6.857948, 0.0 ], [ 107.547675, -6.85789, 0.0 ], [ 107.547661, -6.857807, 0.0 ], [ 107.547608, -6.857757, 0.0 ], [ 107.547579, -6.857518, 0.0 ], [ 107.547676, -6.857231, 0.0 ], [ 107.547677, -6.857357, 0.0 ], [ 107.547704, -6.85764, 0.0 ], [ 107.547988, -6.857716, 0.0 ], [ 107.548296, -6.857585, 0.0 ], [ 107.548758, -6.857274, 0.0 ], [ 107.54887, -6.857186, 0.0 ], [ 107.548924, -6.857246, 0.0 ], [ 107.548953, -6.857326, 0.0 ], [ 107.548955, -6.857353, 0.0 ], [ 107.54894, -6.85738, 0.0 ], [ 107.54887, -6.857433, 0.0 ], [ 107.548877, -6.85745, 0.0 ], [ 107.548726, -6.857585, 0.0 ], [ 107.548706, -6.857631, 0.0 ], [ 107.548614, -6.857676, 0.0 ] ] ] } },
{ "type": "Feature", "properties": { "NAMOBJ": "Sawah", "JSWH": "Non Irigasi", "CTKSWH": "Tidak Ada Cetak Sawah", "LUASHA": 0.25449905694899999, "WADMKK": "Kota Cimahi" }, "geometry": { "type": "Polygon", "coordinates": [ [ [ 107.544159, -6.856503, 0.0 ], [ 107.544126, -6.856561, 0.0 ], [ 107.544046, -6.856485, 0.0 ], [ 107.543921, -6.856387, 0.0 ], [ 107.543958, -6.856189, 0.0 ], [ 107.543843, -6.856075, 0.0 ], [ 107.543948, -6.855913, 0.0 ], [ 107.544376, -6.855961, 0.0 ], [ 107.5443, -6.856256, 0.0 ], [ 107.544159, -6.856503, 0.0 ] ] ] } },
{ "type": "Feature", "properties": { "NAMOBJ": "Sawah", "JSWH": "Non Irigasi", "CTKSWH": "Tidak Ada Cetak Sawah", "LUASHA": 0.0012710592316400001, "WADMKK": "Kota Cimahi" }, "geometry": { "type": "Polygon", "coordinates": [ [ [ 107.533446, -6.871515, 0.0 ], [ 107.533443, -6.871519, 0.0 ], [ 107.533322, -6.871371, 0.0 ], [ 107.533326, -6.871367, 0.0 ], [ 107.533446, -6.871515, 0.0 ] ] ] } }
]
}
